codigo,codigo6,nome,uf,codigo_uf,ultima_aparicao
1200013,120001,Acrelândia,AC,12,2025-09-01
1200054,120005,Assis Brasil,AC,12,2025-09-01
1200104,120010,Brasiléia,AC,12,2025-09-01
1200138,120013,Bujari,AC,12,2025-09-01
1200179,120017,Capixaba,AC,12,2025-09-01
1200203,120020,Cruzeiro do Sul,AC,12,2025-09-01
1200252,120025,Epitaciolândia,AC,12,2025-09-01
1200302,120030,Feijó,AC,12,2025-09-01
1200328,120032,Jordão,AC,12,2025-09-01
1200336,120033,Mâncio Lima,AC,12,2025-09-01
1200344,120034,Manoel Urbano,AC,12,2025-09-01
1200351,120035,Marechal Thaumaturgo,AC,12,2025-09-01
1200385,120038,Plácido de Castro,AC,12,2025-09-01
1200807,120080,Porto Acre,AC,12,2025-09-01
1200393,120039,Porto Walter,AC,12,2025-09-01
1200401,120040,Rio Branco,AC,12,2025-09-01
1200427,120042,Rodrigues Alves,AC,12,2025-09-01
1200435,120043,Santa Rosa do Purus,AC,12,2025-09-01
1200500,120050,Sena Madureira,AC,12,2025-09-01
1200450,120045,Senador Guiomard,AC,12,2025-09-01
1200609,120060,Tarauacá,AC,12,2025-09-01
1200708,120070,Xapuri,AC,12,2025-09-01
2700102,270010,Água Branca,AL,27,2025-09-01
2700201,270020,Anadia,AL,27,2025-09-01
2700300,270030,Arapiraca,AL,27,2025-09-01
2700409,270040,Atalaia,AL,27,2025-09-01
2700508,270050,Barra de Santo Antônio,AL,27,2025-09-01
2700607,270060,Barra de São Miguel,AL,27,2025-09-01
2700706,270070,Batalha,AL,27,2025-09-01
2700805,270080,Belém,AL,27,2025-09-01
2700904,270090,Belo Monte,AL,27,2025-09-01
2701001,270100,Boca da Mata,AL,27,2025-09-01
2701100,270110,Branquinha,AL,27,2025-09-01
2701209,270120,Cacimbinhas,AL,27,2025-09-01
2701308,270130,Cajueiro,AL,27,2025-09-01
2701357,270135,Campestre,AL,27,2025-09-01
2701407,270140,Campo Alegre,AL,27,2025-09-01
2701506,270150,Campo Grande,AL,27,2025-09-01
2701605,270160,Canapi,AL,27,2025-09-01
2701704,270170,Capela,AL,27,2025-09-01
2701803,270180,Carneiros,AL,27,2025-09-01
2701902,270190,Chã Preta,AL,27,2025-09-01
2702009,270200,Coité do Nóia,AL,27,2025-09-01
2702108,270210,Colônia Leopoldina,AL,27,2025-09-01
2702207,270220,Coqueiro Seco,AL,27,2025-09-01
2702306,270230,Coruripe,AL,27,2025-09-01
2702355,270235,Craíbas,AL,27,2025-09-01
2702405,270240,Delmiro Gouveia,AL,27,2025-09-01
2702504,270250,Dois Riachos,AL,27,2025-09-01
2702553,270255,Estrela de Alagoas,AL,27,2025-09-01
2702603,270260,Feira Grande,AL,27,2025-09-01
2702702,270270,Feliz Deserto,AL,27,2025-09-01
2702801,270280,Flexeiras,AL,27,2025-09-01
2702900,270290,Girau do Ponciano,AL,27,2025-09-01
2703007,270300,Ibateguara,AL,27,2025-09-01
2703106,270310,Igaci,AL,27,2025-09-01
2703205,270320,Igreja Nova,AL,27,2025-09-01
2703304,270330,Inhapi,AL,27,2025-09-01
2703403,270340,Jacaré dos Homens,AL,27,2025-09-01
2703502,270350,Jacuípe,AL,27,2025-09-01
2703601,270360,Japaratinga,AL,27,2025-09-01
2703700,270370,Jaramataia,AL,27,2025-09-01
2703759,270375,Jequiá da Praia,AL,27,2025-09-01
2703809,270380,Joaquim Gomes,AL,27,2025-09-01
2703908,270390,Jundiá,AL,27,2025-09-01
2704005,270400,Junqueiro,AL,27,2025-09-01
2704104,270410,Lagoa da Canoa,AL,27,2025-09-01
2704203,270420,Limoeiro de Anadia,AL,27,2025-09-01
2704302,270430,Maceió,AL,27,2025-09-01
2704401,270440,Major Isidoro,AL,27,2025-09-01
2704906,270490,Mar Vermelho,AL,27,2025-09-01
2704500,270450,Maragogi,AL,27,2025-09-01
2704609,270460,Maravilha,AL,27,2025-09-01
2704708,270470,Marechal Deodoro,AL,27,2025-09-01
2704807,270480,Maribondo,AL,27,2025-09-01
2705002,270500,Mata Grande,AL,27,2025-09-01
2705101,270510,Matriz de Camaragibe,AL,27,2025-09-01
2705200,270520,Messias,AL,27,2025-09-01
2705309,270530,Minador do Negrão,AL,27,2025-09-01
2705408,270540,Monteirópolis,AL,27,2025-09-01
2705507,270550,Murici,AL,27,2025-09-01
2705606,270560,Novo Lino,AL,27,2025-09-01
2705705,270570,Olho d'Água das Flores,AL,27,2025-09-01
2705804,270580,Olho d'Água do Casado,AL,27,2025-09-01
2705903,270590,Olho d'Água Grande,AL,27,2025-09-01
2706000,270600,Olivença,AL,27,2025-09-01
2706109,270610,Ouro Branco,AL,27,2025-09-01
2706208,270620,Palestina,AL,27,2025-09-01
2706307,270630,Palmeira dos Índios,AL,27,2025-09-01
2706406,270640,Pão de Açúcar,AL,27,2025-09-01
2706422,270642,Pariconha,AL,27,2025-09-01
2706448,270644,Paripueira,AL,27,2025-09-01
2706505,270650,Passo de Camaragibe,AL,27,2025-09-01
2706604,270660,Paulo Jacinto,AL,27,2025-09-01
2706703,270670,Penedo,AL,27,2025-09-01
2706802,270680,Piaçabuçu,AL,27,2025-09-01
2706901,270690,Pilar,AL,27,2025-09-01
2707008,270700,Pindoba,AL,27,2025-09-01
2707107,270710,Piranhas,AL,27,2025-09-01
2707206,270720,Poço das Trincheiras,AL,27,2025-09-01
2707305,270730,Porto Calvo,AL,27,2025-09-01
2707404,270740,Porto de Pedras,AL,27,2025-09-01
2707503,270750,Porto Real do Colégio,AL,27,2025-09-01
2707602,270760,Quebrangulo,AL,27,2025-09-01
2707701,270770,Rio Largo,AL,27,2025-09-01
2707800,270780,Roteiro,AL,27,2025-09-01
2707909,270790,Santa Luzia do Norte,AL,27,2025-09-01
2708006,270800,Santana do Ipanema,AL,27,2025-09-01
2708105,270810,Santana do Mundaú,AL,27,2025-09-01
2708204,270820,São Brás,AL,27,2025-09-01
2708303,270830,São José da Laje,AL,27,2025-09-01
2708402,270840,São José da Tapera,AL,27,2025-09-01
2708501,270850,São Luís do Quitunde,AL,27,2025-09-01
2708600,270860,São Miguel dos Campos,AL,27,2025-09-01
2708709,270870,São Miguel dos Milagres,AL,27,2025-09-01
2708808,270880,São Sebastião,AL,27,2025-09-01
2708907,270890,Satuba,AL,27,2025-09-01
2708956,270895,Senador Rui Palmeira,AL,27,2025-09-01
2709004,270900,Tanque d'Arca,AL,27,2025-09-01
2709103,270910,Taquarana,AL,27,2025-09-01
2709152,270915,Teotônio Vilela,AL,27,2025-09-01
2709202,270920,Traipu,AL,27,2025-09-01
2709301,270930,União dos Palmares,AL,27,2025-09-01
2709400,270940,Viçosa,AL,27,2025-09-01
1300029,130002,Alvarães,AM,13,2025-09-01
1300060,130006,Amaturá,AM,13,2025-09-01
1300086,130008,Anamã,AM,13,2025-09-01
1300102,130010,Anori,AM,13,2025-09-01
1300144,130014,Apuí,AM,13,2025-09-01
1300201,130020,Atalaia do Norte,AM,13,2025-09-01
1300300,130030,Autazes,AM,13,2025-09-01
1300409,130040,Barcelos,AM,13,2025-09-01
1300508,130050,Barreirinha,AM,13,2025-09-01
1300607,130060,Benjamin Constant,AM,13,2025-09-01
1300631,130063,Beruri,AM,13,2025-09-01
1300680,130068,Boa Vista do Ramos,AM,13,2025-09-01
1300706,130070,Boca do Acre,AM,13,2025-09-01
1300805,130080,Borba,AM,13,2025-09-01
1300839,130083,Caapiranga,AM,13,2025-09-01
1300904,130090,Canutama,AM,13,2025-09-01
1301001,130100,Carauari,AM,13,2025-09-01
1301100,130110,Careiro,AM,13,2025-09-01
1301159,130115,Careiro da Várzea,AM,13,2025-09-01
1301209,130120,Coari,AM,13,2025-09-01
1301308,130130,Codajás,AM,13,2025-09-01
1301407,130140,Eirunepé,AM,13,2025-09-01
1301506,130150,Envira,AM,13,2025-09-01
1301605,130160,Fonte Boa,AM,13,2025-09-01
1301654,130165,Guajará,AM,13,2025-09-01
1301704,130170,Humaitá,AM,13,2025-09-01
1301803,130180,Ipixuna,AM,13,2025-09-01
1301852,130185,Iranduba,AM,13,2025-09-01
1301902,130190,Itacoatiara,AM,13,2025-09-01
1301951,130195,Itamarati,AM,13,2025-09-01
1302009,130200,Itapiranga,AM,13,2025-09-01
1302108,130210,Japurá,AM,13,2025-09-01
1302207,130220,Juruá,AM,13,2025-09-01
1302306,130230,Jutaí,AM,13,2025-09-01
1302405,130240,Lábrea,AM,13,2025-09-01
1302504,130250,Manacapuru,AM,13,2025-09-01
1302553,130255,Manaquiri,AM,13,2025-09-01
1302603,130260,Manaus,AM,13,2025-09-01
1302702,130270,Manicoré,AM,13,2025-09-01
1302801,130280,Maraã,AM,13,2025-09-01
1302900,130290,Maués,AM,13,2025-09-01
1303007,130300,Nhamundá,AM,13,2025-09-01
1303106,130310,Nova Olinda do Norte,AM,13,2025-09-01
1303205,130320,Novo Airão,AM,13,2025-09-01
1303304,130330,Novo Aripuanã,AM,13,2025-09-01
1303403,130340,Parintins,AM,13,2025-09-01
1303502,130350,Pauini,AM,13,2025-09-01
1303536,130353,Presidente Figueiredo,AM,13,2025-09-01
1303569,130356,Rio Preto da Eva,AM,13,2025-09-01
1303601,130360,Santa Isabel do Rio Negro,AM,13,2025-09-01
1303700,130370,Santo Antônio do Içá,AM,13,2025-09-01
1303809,130380,São Gabriel da Cachoeira,AM,13,2025-09-01
1303908,130390,São Paulo de Olivença,AM,13,2025-09-01
1303957,130395,São Sebastião do Uatumã,AM,13,2025-09-01
1304005,130400,Silves,AM,13,2025-09-01
1304062,130406,Tabatinga,AM,13,2025-09-01
1304104,130410,Tapauá,AM,13,2025-09-01
1304203,130420,Tefé,AM,13,2025-09-01
1304237,130423,Tonantins,AM,13,2025-09-01
1304260,130426,Uarini,AM,13,2025-09-01
1304302,130430,Urucará,AM,13,2025-09-01
1304401,130440,Urucurituba,AM,13,2025-09-01
1600105,160010,Amapá,AP,16,2025-09-01
1600204,160020,Calçoene,AP,16,2025-09-01
1600212,160021,Cutias,AP,16,2025-09-01
1600238,160023,Ferreira Gomes,AP,16,2025-09-01
1600253,160025,Itaubal,AP,16,2025-09-01
1600279,160027,Laranjal do Jari,AP,16,2025-09-01
1600303,160030,Macapá,AP,16,2025-09-01
1600402,160040,Mazagão,AP,16,2025-09-01
1600501,160050,Oiapoque,AP,16,2025-09-01
1600154,160015,Pedra Branca do Amapari,AP,16,2025-09-01
1600535,160053,Porto Grande,AP,16,2025-09-01
1600550,160055,Pracuúba,AP,16,2025-09-01
1600600,160060,Santana,AP,16,2025-09-01
1600055,160005,Serra do Navio,AP,16,2025-09-01
1600709,160070,Tartarugalzinho,AP,16,2025-09-01
1600808,160080,Vitória do Jari,AP,16,2025-09-01
2900108,290010,Abaíra,BA,29,2025-09-01
2900207,290020,Abaré,BA,29,2025-09-01
2900306,290030,Acajutiba,BA,29,2025-09-01
2900355,290035,Adustina,BA,29,2025-09-01
2900405,290040,Água Fria,BA,29,2025-09-01
2900603,290060,Aiquara,BA,29,2025-09-01
2900702,290070,Alagoinhas,BA,29,2025-09-01
2900801,290080,Alcobaça,BA,29,2025-09-01
2900900,290090,Almadina,BA,29,2025-09-01
2901007,290100,Amargosa,BA,29,2025-09-01
2901106,290110,Amélia Rodrigues,BA,29,2025-09-01
2901155,290115,América Dourada,BA,29,2025-09-01
2901205,290120,Anagé,BA,29,2025-09-01
2901304,290130,Andaraí,BA,29,2025-09-01
2901353,290135,Andorinha,BA,29,2025-09-01
2901403,290140,Angical,BA,29,2025-09-01
2901502,290150,Anguera,BA,29,2025-09-01
2901601,290160,Antas,BA,29,2025-09-01
2901700,290170,Antônio Cardoso,BA,29,2025-09-01
2901809,290180,Antônio Gonçalves,BA,29,2025-09-01
2901908,290190,Aporá,BA,29,2025-09-01
2901957,290195,Apuarema,BA,29,2025-09-01
2902054,290205,Araçás,BA,29,2025-09-01
2902005,290200,Aracatu,BA,29,2025-09-01
2902104,290210,Araci,BA,29,2025-09-01
2902203,290220,Aramari,BA,29,2025-09-01
2902252,290225,Arataca,BA,29,2025-09-01
2902302,290230,Aratuípe,BA,29,2025-09-01
2902401,290240,Aurelino Leal,BA,29,2025-09-01
2902500,290250,Baianópolis,BA,29,2025-09-01
2902609,290260,Baixa Grande,BA,29,2025-09-01
2902658,290265,Banzaê,BA,29,2025-09-01
2902708,290270,Barra,BA,29,2025-09-01
2902807,290280,Barra da Estiva,BA,29,2025-09-01
2902906,290290,Barra do Choça,BA,29,2025-09-01
2903003,290300,Barra do Mendes,BA,29,2025-09-01
2903102,290310,Barra do Rocha,BA,29,2025-09-01
2903201,290320,Barreiras,BA,29,2025-09-01
2903235,290323,Barro Alto,BA,29,2025-09-01
2903300,290330,Barro Preto,BA,29,2025-09-01
2903276,290327,Barrocas,BA,29,2025-09-01
2903409,290340,Belmonte,BA,29,2025-09-01
2903508,290350,Belo Campo,BA,29,2025-09-01
2903607,290360,Biritinga,BA,29,2025-09-01
2903706,290370,Boa Nova,BA,29,2025-09-01
2903805,290380,Boa Vista do Tupim,BA,29,2025-09-01
2903904,290390,Bom Jesus da Lapa,BA,29,2025-09-01
2903953,290395,Bom Jesus da Serra,BA,29,2025-09-01
2904001,290400,Boninal,BA,29,2025-09-01
2904050,290405,Bonito,BA,29,2025-09-01
2904100,290410,Boquira,BA,29,2025-09-01
2904209,290420,Botuporã,BA,29,2025-09-01
2904308,290430,Brejões,BA,29,2025-09-01
2904407,290440,Brejolândia,BA,29,2025-09-01
2904506,290450,Brotas de Macaúbas,BA,29,2025-09-01
2904605,290460,Brumado,BA,29,2025-09-01
2904704,290470,Buerarema,BA,29,2025-09-01
2904753,290475,Buritirama,BA,29,2025-09-01
2904803,290480,Caatiba,BA,29,2025-09-01
2904852,290485,Cabaceiras do Paraguaçu,BA,29,2025-09-01
2904902,290490,Cachoeira,BA,29,2025-09-01
2905008,290500,Caculé,BA,29,2025-09-01
2905107,290510,Caém,BA,29,2025-09-01
2905156,290515,Caetanos,BA,29,2025-09-01
2905206,290520,Caetité,BA,29,2025-09-01
2905305,290530,Cafarnaum,BA,29,2025-09-01
2905404,290540,Cairu,BA,29,2025-09-01
2905503,290550,Caldeirão Grande,BA,29,2025-09-01
2905602,290560,Camacan,BA,29,2025-09-01
2905701,290570,Camaçari,BA,29,2025-09-01
2905800,290580,Camamu,BA,29,2025-09-01
2905909,290590,Campo Alegre de Lourdes,BA,29,2025-09-01
2906006,290600,Campo Formoso,BA,29,2025-09-01
2906105,290610,Canápolis,BA,29,2025-09-01
2906204,290620,Canarana,BA,29,2025-09-01
2906303,290630,Canavieiras,BA,29,2025-09-01
2906402,290640,Candeal,BA,29,2025-09-01
2906501,290650,Candeias,BA,29,2025-09-01
2906600,290660,Candiba,BA,29,2025-09-01
2906709,290670,Cândido Sales,BA,29,2025-09-01
2906808,290680,Cansanção,BA,29,2025-09-01
2906824,290682,Canudos,BA,29,2025-09-01
2906857,290685,Capela do Alto Alegre,BA,29,2025-09-01
2906873,290687,Capim Grosso,BA,29,2025-09-01
2906899,290689,Caraíbas,BA,29,2025-09-01
2906907,290690,Caravelas,BA,29,2025-09-01
2907004,290700,Cardeal da Silva,BA,29,2025-09-01
2907103,290710,Carinhanha,BA,29,2025-09-01
2907202,290720,Casa Nova,BA,29,2025-09-01
2907301,290730,Castro Alves,BA,29,2025-09-01
2907400,290740,Catolândia,BA,29,2025-09-01
2907509,290750,Catu,BA,29,2025-09-01
2907558,290755,Caturama,BA,29,2025-09-01
2907608,290760,Central,BA,29,2025-09-01
2907707,290770,Chorrochó,BA,29,2025-09-01
2907806,290780,Cícero Dantas,BA,29,2025-09-01
2907905,290790,Cipó,BA,29,2025-09-01
2908002,290800,Coaraci,BA,29,2025-09-01
2908101,290810,Cocos,BA,29,2025-09-01
2908200,290820,Conceição da Feira,BA,29,2025-09-01
2908309,290830,Conceição do Almeida,BA,29,2025-09-01
2908408,290840,Conceição do Coité,BA,29,2025-09-01
2908507,290850,Conceição do Jacuípe,BA,29,2025-09-01
2908606,290860,Conde,BA,29,2025-09-01
2908705,290870,Condeúba,BA,29,2025-09-01
2908804,290880,Contendas do Sincorá,BA,29,2025-09-01
2908903,290890,Coração de Maria,BA,29,2025-09-01
2909000,290900,Cordeiros,BA,29,2025-09-01
2909109,290910,Coribe,BA,29,2025-09-01
2909208,290920,Coronel João Sá,BA,29,2025-09-01
2909307,290930,Correntina,BA,29,2025-09-01
2909406,290940,Cotegipe,BA,29,2025-09-01
2909505,290950,Cravolândia,BA,29,2025-09-01
2909604,290960,Crisópolis,BA,29,2025-09-01
2909703,290970,Cristópolis,BA,29,2025-09-01
2909802,290980,Cruz das Almas,BA,29,2025-09-01
2909901,290990,Curaçá,BA,29,2025-09-01
2910008,291000,Dário Meira,BA,29,2025-09-01
2910057,291005,Dias d'Ávila,BA,29,2025-09-01
2910107,291010,Dom Basílio,BA,29,2025-09-01
2910206,291020,Dom Macedo Costa,BA,29,2025-09-01
2910305,291030,Elísio Medrado,BA,29,2025-09-01
2910404,291040,Encruzilhada,BA,29,2025-09-01
2910503,291050,Entre Rios,BA,29,2025-09-01
2900504,290050,Érico Cardoso,BA,29,2025-09-01
2910602,291060,Esplanada,BA,29,2025-09-01
2910701,291070,Euclides da Cunha,BA,29,2025-09-01
2910727,291072,Eunápolis,BA,29,2025-09-01
2910750,291075,Fátima,BA,29,2025-09-01
2910776,291077,Feira da Mata,BA,29,2025-09-01
2910800,291080,Feira de Santana,BA,29,2025-09-01
2910859,291085,Filadélfia,BA,29,2025-09-01
2910909,291090,Firmino Alves,BA,29,2025-09-01
2911006,291100,Floresta Azul,BA,29,2025-09-01
2911105,291110,Formosa do Rio Preto,BA,29,2025-09-01
2911204,291120,Gandu,BA,29,2025-09-01
2911253,291125,Gavião,BA,29,2025-09-01
2911303,291130,Gentio do Ouro,BA,29,2025-09-01
2911402,291140,Glória,BA,29,2025-09-01
2911501,291150,Gongogi,BA,29,2025-09-01
2911600,291160,Governador Mangabeira,BA,29,2025-09-01
2911659,291165,Guajeru,BA,29,2025-09-01
2911709,291170,Guanambi,BA,29,2025-09-01
2911808,291180,Guaratinga,BA,29,2025-09-01
2911857,291185,Heliópolis,BA,29,2025-09-01
2911907,291190,Iaçu,BA,29,2025-09-01
2912004,291200,Ibiassucê,BA,29,2025-09-01
2912103,291210,Ibicaraí,BA,29,2025-09-01
2912202,291220,Ibicoara,BA,29,2025-09-01
2912301,291230,Ibicuí,BA,29,2025-09-01
2912400,291240,Ibipeba,BA,29,2025-09-01
2912509,291250,Ibipitanga,BA,29,2025-09-01
2912608,291260,Ibiquera,BA,29,2025-09-01
2912707,291270,Ibirapitanga,BA,29,2025-09-01
2912806,291280,Ibirapuã,BA,29,2025-09-01
2912905,291290,Ibirataia,BA,29,2025-09-01
2913002,291300,Ibitiara,BA,29,2025-09-01
2913101,291310,Ibititá,BA,29,2025-09-01
2913200,291320,Ibotirama,BA,29,2025-09-01
2913309,291330,Ichu,BA,29,2025-09-01
2913408,291340,Igaporã,BA,29,2025-09-01
2913457,291345,Igrapiúna,BA,29,2025-09-01
2913507,291350,Iguaí,BA,29,2025-09-01
2913606,291360,Ilhéus,BA,29,2025-09-01
2913705,291370,Inhambupe,BA,29,2025-09-01
2913804,291380,Ipecaetá,BA,29,2025-09-01
2913903,291390,Ipiaú,BA,29,2025-09-01
2914000,291400,Ipirá,BA,29,2025-09-01
2914109,291410,Ipupiara,BA,29,2025-09-01
2914208,291420,Irajuba,BA,29,2025-09-01
2914307,291430,Iramaia,BA,29,2025-09-01
2914406,291440,Iraquara,BA,29,2025-09-01
2914505,291450,Irará,BA,29,2025-09-01
2914604,291460,Irecê,BA,29,2025-09-01
2914653,291465,Itabela,BA,29,2025-09-01
2914703,291470,Itaberaba,BA,29,2025-09-01
2914802,291480,Itabuna,BA,29,2025-09-01
2914901,291490,Itacaré,BA,29,2025-09-01
2915007,291500,Itaeté,BA,29,2025-09-01
2915106,291510,Itagi,BA,29,2025-09-01
2915205,291520,Itagibá,BA,29,2025-09-01
2915304,291530,Itagimirim,BA,29,2025-09-01
2915353,291535,Itaguaçu da Bahia,BA,29,2025-09-01
2915403,291540,Itaju do Colônia,BA,29,2025-09-01
2915502,291550,Itajuípe,BA,29,2025-09-01
2915601,291560,Itamaraju,BA,29,2025-09-01
2915700,291570,Itamari,BA,29,2025-09-01
2915809,291580,Itambé,BA,29,2025-09-01
2915908,291590,Itanagra,BA,29,2025-09-01
2916005,291600,Itanhém,BA,29,2025-09-01
2916104,291610,Itaparica,BA,29,2025-09-01
2916203,291620,Itapé,BA,29,2025-09-01
2916302,291630,Itapebi,BA,29,2025-09-01
2916401,291640,Itapetinga,BA,29,2025-09-01
2916500,291650,Itapicuru,BA,29,2025-09-01
2916609,291660,Itapitanga,BA,29,2025-09-01
2916708,291670,Itaquara,BA,29,2025-09-01
2916807,291680,Itarantim,BA,29,2025-09-01
2916856,291685,Itatim,BA,29,2025-09-01
2916906,291690,Itiruçu,BA,29,2025-09-01
2917003,291700,Itiúba,BA,29,2025-09-01
2917102,291710,Itororó,BA,29,2025-09-01
2917201,291720,Ituaçu,BA,29,2025-09-01
2917300,291730,Ituberá,BA,29,2025-09-01
2917334,291733,Iuiu,BA,29,2025-09-01
2917359,291735,Jaborandi,BA,29,2025-09-01
2917409,291740,Jacaraci,BA,29,2025-09-01
2917508,291750,Jacobina,BA,29,2025-09-01
2917607,291760,Jaguaquara,BA,29,2025-09-01
2917706,291770,Jaguarari,BA,29,2025-09-01
2917805,291780,Jaguaripe,BA,29,2025-09-01
2917904,291790,Jandaíra,BA,29,2025-09-01
2918001,291800,Jequié,BA,29,2025-09-01
2918100,291810,Jeremoabo,BA,29,2025-09-01
2918209,291820,Jiquiriçá,BA,29,2025-09-01
2918308,291830,Jitaúna,BA,29,2025-09-01
2918357,291835,João Dourado,BA,29,2025-09-01
2918407,291840,Juazeiro,BA,29,2025-09-01
2918456,291845,Jucuruçu,BA,29,2025-09-01
2918506,291850,Jussara,BA,29,2025-09-01
2918555,291855,Jussari,BA,29,2025-09-01
2918605,291860,Jussiape,BA,29,2025-09-01
2918704,291870,Lafaiete Coutinho,BA,29,2025-09-01
2918753,291875,Lagoa Real,BA,29,2025-09-01
2918803,291880,Laje,BA,29,2025-09-01
2918902,291890,Lajedão,BA,29,2025-09-01
2919009,291900,Lajedinho,BA,29,2025-09-01
2919058,291905,Lajedo do Tabocal,BA,29,2025-09-01
2919108,291910,Lamarão,BA,29,2025-09-01
2919157,291915,Lapão,BA,29,2025-09-01
2919207,291920,Lauro de Freitas,BA,29,2025-09-01
2919306,291930,Lençóis,BA,29,2025-09-01
2919405,291940,Licínio de Almeida,BA,29,2025-09-01
2919504,291950,Livramento de Nossa Senhora,BA,29,2025-09-01
2919553,291955,Luís Eduardo Magalhães,BA,29,2025-09-01
2919603,291960,Macajuba,BA,29,2025-09-01
2919702,291970,Macarani,BA,29,2025-09-01
2919801,291980,Macaúbas,BA,29,2025-09-01
2919900,291990,Macururé,BA,29,2025-09-01
2919926,291992,Madre de Deus,BA,29,2025-09-01
2919959,291995,Maetinga,BA,29,2025-09-01
2920007,292000,Maiquinique,BA,29,2025-09-01
2920106,292010,Mairi,BA,29,2025-09-01
2920205,292020,Malhada,BA,29,2025-09-01
2920304,292030,Malhada de Pedras,BA,29,2025-09-01
2920403,292040,Manoel Vitorino,BA,29,2025-09-01
2920452,292045,Mansidão,BA,29,2025-09-01
2920502,292050,Maracás,BA,29,2025-09-01
2920601,292060,Maragogipe,BA,29,2025-09-01
2920700,292070,Maraú,BA,29,2025-09-01
2920809,292080,Marcionílio Souza,BA,29,2025-09-01
2920908,292090,Mascote,BA,29,2025-09-01
2921005,292100,Mata de São João,BA,29,2025-09-01
2921054,292105,Matina,BA,29,2025-09-01
2921104,292110,Medeiros Neto,BA,29,2025-09-01
2921203,292120,Miguel Calmon,BA,29,2025-09-01
2921302,292130,Milagres,BA,29,2025-09-01
2921401,292140,Mirangaba,BA,29,2025-09-01
2921450,292145,Mirante,BA,29,2025-09-01
2921500,292150,Monte Santo,BA,29,2025-09-01
2921609,292160,Morpará,BA,29,2025-09-01
2921708,292170,Morro do Chapéu,BA,29,2025-09-01
2921807,292180,Mortugaba,BA,29,2025-09-01
2921906,292190,Mucugê,BA,29,2025-09-01
2922003,292200,Mucuri,BA,29,2025-09-01
2922052,292205,Mulungu do Morro,BA,29,2025-09-01
2922102,292210,Mundo Novo,BA,29,2025-09-01
2922201,292220,Muniz Ferreira,BA,29,2025-09-01
2922250,292225,Muquém do São Francisco,BA,29,2025-09-01
2922300,292230,Muritiba,BA,29,2025-09-01
2922409,292240,Mutuípe,BA,29,2025-09-01
2922508,292250,Nazaré,BA,29,2025-09-01
2922607,292260,Nilo Peçanha,BA,29,2025-09-01
2922656,292265,Nordestina,BA,29,2025-09-01
2922706,292270,Nova Canaã,BA,29,2025-09-01
2922730,292273,Nova Fátima,BA,29,2025-09-01
2922755,292275,Nova Ibiá,BA,29,2025-09-01
2922805,292280,Nova Itarana,BA,29,2025-09-01
2922854,292285,Nova Redenção,BA,29,2025-09-01
2922904,292290,Nova Soure,BA,29,2025-09-01
2923001,292300,Nova Viçosa,BA,29,2025-09-01
2923035,292303,Novo Horizonte,BA,29,2025-09-01
2923050,292305,Novo Triunfo,BA,29,2025-09-01
2923100,292310,Olindina,BA,29,2025-09-01
2923209,292320,Oliveira dos Brejinhos,BA,29,2025-09-01
2923308,292330,Ouriçangas,BA,29,2025-09-01
2923357,292335,Ourolândia,BA,29,2025-09-01
2923407,292340,Palmas de Monte Alto,BA,29,2025-09-01
2923506,292350,Palmeiras,BA,29,2025-09-01
2923605,292360,Paramirim,BA,29,2025-09-01
2923704,292370,Paratinga,BA,29,2025-09-01
2923803,292380,Paripiranga,BA,29,2025-09-01
2923902,292390,Pau Brasil,BA,29,2025-09-01
2924009,292400,Paulo Afonso,BA,29,2025-09-01
2924058,292405,Pé de Serra,BA,29,2025-09-01
2924108,292410,Pedrão,BA,29,2025-09-01
2924207,292420,Pedro Alexandre,BA,29,2025-09-01
2924306,292430,Piatã,BA,29,2025-09-01
2924405,292440,Pilão Arcado,BA,29,2025-09-01
2924504,292450,Pindaí,BA,29,2025-09-01
2924603,292460,Pindobaçu,BA,29,2025-09-01
2924652,292465,Pintadas,BA,29,2025-09-01
2924678,292467,Piraí do Norte,BA,29,2025-09-01
2924702,292470,Piripá,BA,29,2025-09-01
2924801,292480,Piritiba,BA,29,2025-09-01
2924900,292490,Planaltino,BA,29,2025-09-01
2925006,292500,Planalto,BA,29,2025-09-01
2925105,292510,Poções,BA,29,2025-09-01
2925204,292520,Pojuca,BA,29,2025-09-01
2925253,292525,Ponto Novo,BA,29,2025-09-01
2925303,292530,Porto Seguro,BA,29,2025-09-01
2925402,292540,Potiraguá,BA,29,2025-09-01
2925501,292550,Prado,BA,29,2025-09-01
2925600,292560,Presidente Dutra,BA,29,2025-09-01
2925709,292570,Presidente Jânio Quadros,BA,29,2025-09-01
2925758,292575,Presidente Tancredo Neves,BA,29,2025-09-01
2925808,292580,Queimadas,BA,29,2025-09-01
2925907,292590,Quijingue,BA,29,2025-09-01
2925931,292593,Quixabeira,BA,29,2025-09-01
2925956,292595,Rafael Jambeiro,BA,29,2025-09-01
2926004,292600,Remanso,BA,29,2025-09-01
2926103,292610,Retirolândia,BA,29,2025-09-01
2926202,292620,Riachão das Neves,BA,29,2025-09-01
2926301,292630,Riachão do Jacuípe,BA,29,2025-09-01
2926400,292640,Riacho de Santana,BA,29,2025-09-01
2926509,292650,Ribeira do Amparo,BA,29,2025-09-01
2926608,292660,Ribeira do Pombal,BA,29,2025-09-01
2926657,292665,Ribeirão do Largo,BA,29,2025-09-01
2926707,292670,Rio de Contas,BA,29,2025-09-01
2926806,292680,Rio do Antônio,BA,29,2025-09-01
2926905,292690,Rio do Pires,BA,29,2025-09-01
2927002,292700,Rio Real,BA,29,2025-09-01
2927101,292710,Rodelas,BA,29,2025-09-01
2927200,292720,Ruy Barbosa,BA,29,2025-09-01
2927309,292730,Salinas da Margarida,BA,29,2025-09-01
2927408,292740,Salvador,BA,29,2025-09-01
2927507,292750,Santa Bárbara,BA,29,2025-09-01
2927606,292760,Santa Brígida,BA,29,2025-09-01
2927705,292770,Santa Cruz Cabrália,BA,29,2025-09-01
2927804,292780,Santa Cruz da Vitória,BA,29,2025-09-01
2927903,292790,Santa Inês,BA,29,2025-09-01
2928059,292805,Santa Luzia,BA,29,2025-09-01
2928109,292810,Santa Maria da Vitória,BA,29,2025-09-01
2928406,292840,Santa Rita de Cássia,BA,29,2025-09-01
2928505,292850,Santa Terezinha,BA,29,2025-09-01
2928000,292800,Santaluz,BA,29,2025-09-01
2928208,292820,Santana,BA,29,2025-09-01
2928307,292830,Santanópolis,BA,29,2025-09-01
2928604,292860,Santo Amaro,BA,29,2025-09-01
2928703,292870,Santo Antônio de Jesus,BA,29,2025-09-01
2928802,292880,Santo Estêvão,BA,29,2025-09-01
2928901,292890,São Desidério,BA,29,2025-09-01
2928950,292895,São Domingos,BA,29,2025-09-01
2929107,292910,São Felipe,BA,29,2025-09-01
2929008,292900,São Félix,BA,29,2025-09-01
2929057,292905,São Félix do Coribe,BA,29,2025-09-01
2929206,292920,São Francisco do Conde,BA,29,2025-09-01
2929255,292925,São Gabriel,BA,29,2025-09-01
2929305,292930,São Gonçalo dos Campos,BA,29,2025-09-01
2929354,292935,São José da Vitória,BA,29,2025-09-01
2929370,292937,São José do Jacuípe,BA,29,2025-09-01
2929404,292940,São Miguel das Matas,BA,29,2025-09-01
2929503,292950,São Sebastião do Passé,BA,29,2025-09-01
2929602,292960,Sapeaçu,BA,29,2025-09-01
2929701,292970,Sátiro Dias,BA,29,2025-09-01
2929750,292975,Saubara,BA,29,2025-09-01
2929800,292980,Saúde,BA,29,2025-09-01
2929909,292990,Seabra,BA,29,2025-09-01
2930006,293000,Sebastião Laranjeiras,BA,29,2025-09-01
2930105,293010,Senhor do Bonfim,BA,29,2025-09-01
2930204,293020,Sento Sé,BA,29,2025-09-01
2930154,293015,Serra do Ramalho,BA,29,2025-09-01
2930303,293030,Serra Dourada,BA,29,2025-09-01
2930402,293040,Serra Preta,BA,29,2025-09-01
2930501,293050,Serrinha,BA,29,2025-09-01
2930600,293060,Serrolândia,BA,29,2025-09-01
2930709,293070,Simões Filho,BA,29,2025-09-01
2930758,293075,Sítio do Mato,BA,29,2025-09-01
2930766,293076,Sítio do Quinto,BA,29,2025-09-01
2930774,293077,Sobradinho,BA,29,2025-09-01
2930808,293080,Souto Soares,BA,29,2025-09-01
2930907,293090,Tabocas do Brejo Velho,BA,29,2025-09-01
2931004,293100,Tanhaçu,BA,29,2025-09-01
2931053,293105,Tanque Novo,BA,29,2025-09-01
2931103,293110,Tanquinho,BA,29,2025-09-01
2931202,293120,Taperoá,BA,29,2025-09-01
2931301,293130,Tapiramutá,BA,29,2025-09-01
2931350,293135,Teixeira de Freitas,BA,29,2025-09-01
2931400,293140,Teodoro Sampaio,BA,29,2025-09-01
2931509,293150,Teofilândia,BA,29,2025-09-01
2931608,293160,Teolândia,BA,29,2025-09-01
2931707,293170,Terra Nova,BA,29,2025-09-01
2931806,293180,Tremedal,BA,29,2025-09-01
2931905,293190,Tucano,BA,29,2025-09-01
2932002,293200,Uauá,BA,29,2025-09-01
2932101,293210,Ubaíra,BA,29,2025-09-01
2932200,293220,Ubaitaba,BA,29,2025-09-01
2932309,293230,Ubatã,BA,29,2025-09-01
2932408,293240,Uibaí,BA,29,2025-09-01
2932457,293245,Umburanas,BA,29,2025-09-01
2932507,293250,Una,BA,29,2025-09-01
2932606,293260,Urandi,BA,29,2025-09-01
2932705,293270,Uruçuca,BA,29,2025-09-01
2932804,293280,Utinga,BA,29,2025-09-01
2932903,293290,Valença,BA,29,2025-09-01
2933000,293300,Valente,BA,29,2025-09-01
2933059,293305,Várzea da Roça,BA,29,2025-09-01
2933109,293310,Várzea do Poço,BA,29,2025-09-01
2933158,293315,Várzea Nova,BA,29,2025-09-01
2933174,293317,Varzedo,BA,29,2025-09-01
2933208,293320,Vera Cruz,BA,29,2025-09-01
2933257,293325,Vereda,BA,29,2025-09-01
2933307,293330,Vitória da Conquista,BA,29,2025-09-01
2933406,293340,Wagner,BA,29,2025-09-01
2933455,293345,Wanderley,BA,29,2025-09-01
2933505,293350,Wenceslau Guimarães,BA,29,2025-09-01
2933604,293360,Xique-Xique,BA,29,2025-09-01
2300101,230010,Abaiara,CE,23,2025-09-01
2300150,230015,Acarape,CE,23,2025-09-01
2300200,230020,Acaraú,CE,23,2025-09-01
2300309,230030,Acopiara,CE,23,2025-09-01
2300408,230040,Aiuaba,CE,23,2025-09-01
2300507,230050,Alcântaras,CE,23,2025-09-01
2300606,230060,Altaneira,CE,23,2025-09-01
2300705,230070,Alto Santo,CE,23,2025-09-01
2300754,230075,Amontada,CE,23,2025-09-01
2300804,230080,Antonina do Norte,CE,23,2025-09-01
2300903,230090,Apuiarés,CE,23,2025-09-01
2301000,230100,Aquiraz,CE,23,2025-09-01
2301109,230110,Aracati,CE,23,2025-09-01
2301208,230120,Aracoiaba,CE,23,2025-09-01
2301257,230125,Ararendá,CE,23,2025-09-01
2301307,230130,Araripe,CE,23,2025-09-01
2301406,230140,Aratuba,CE,23,2025-09-01
2301505,230150,Arneiroz,CE,23,2025-09-01
2301604,230160,Assaré,CE,23,2025-09-01
2301703,230170,Aurora,CE,23,2025-09-01
2301802,230180,Baixio,CE,23,2025-09-01
2301851,230185,Banabuiú,CE,23,2025-09-01
2301901,230190,Barbalha,CE,23,2025-09-01
2301950,230195,Barreira,CE,23,2025-09-01
2302008,230200,Barro,CE,23,2025-09-01
2302057,230205,Barroquinha,CE,23,2025-09-01
2302107,230210,Baturité,CE,23,2025-09-01
2302206,230220,Beberibe,CE,23,2025-09-01
2302305,230230,Bela Cruz,CE,23,2025-09-01
2302404,230240,Boa Viagem,CE,23,2025-09-01
2302503,230250,Brejo Santo,CE,23,2025-09-01
2302602,230260,Camocim,CE,23,2025-09-01
2302701,230270,Campos Sales,CE,23,2025-09-01
2302800,230280,Canindé,CE,23,2025-09-01
2302909,230290,Capistrano,CE,23,2025-09-01
2303006,230300,Caridade,CE,23,2025-09-01
2303105,230310,Cariré,CE,23,2025-09-01
2303204,230320,Caririaçu,CE,23,2025-09-01
2303303,230330,Cariús,CE,23,2025-09-01
2303402,230340,Carnaubal,CE,23,2025-09-01
2303501,230350,Cascavel,CE,23,2025-09-01
2303600,230360,Catarina,CE,23,2025-09-01
2303659,230365,Catunda,CE,23,2025-09-01
2303709,230370,Caucaia,CE,23,2025-09-01
2303808,230380,Cedro,CE,23,2025-09-01
2303907,230390,Chaval,CE,23,2025-09-01
2303931,230393,Choró,CE,23,2025-09-01
2303956,230395,Chorozinho,CE,23,2025-09-01
2304004,230400,Coreaú,CE,23,2025-09-01
2304103,230410,Crateús,CE,23,2025-09-01
2304202,230420,Crato,CE,23,2025-09-01
2304236,230423,Croatá,CE,23,2025-09-01
2304251,230425,Cruz,CE,23,2025-09-01
2304269,230426,Deputado Irapuan Pinheiro,CE,23,2025-09-01
2304277,230427,Ereré,CE,23,2025-09-01
2304285,230428,Eusébio,CE,23,2025-09-01
2304301,230430,Farias Brito,CE,23,2025-09-01
2304350,230435,Forquilha,CE,23,2025-09-01
2304400,230440,Fortaleza,CE,23,2025-09-01
2304459,230445,Fortim,CE,23,2025-09-01
2304509,230450,Frecheirinha,CE,23,2025-09-01
2304608,230460,General Sampaio,CE,23,2025-09-01
2304657,230465,Graça,CE,23,2025-09-01
2304707,230470,Granja,CE,23,2025-09-01
2304806,230480,Granjeiro,CE,23,2025-09-01
2304905,230490,Groaíras,CE,23,2025-09-01
2304954,230495,Guaiúba,CE,23,2025-09-01
2305001,230500,Guaraciaba do Norte,CE,23,2025-09-01
2305100,230510,Guaramiranga,CE,23,2025-09-01
2305209,230520,Hidrolândia,CE,23,2025-09-01
2305233,230523,Horizonte,CE,23,2025-09-01
2305266,230526,Ibaretama,CE,23,2025-09-01
2305308,230530,Ibiapina,CE,23,2025-09-01
2305332,230533,Ibicuitinga,CE,23,2025-09-01
2305357,230535,Icapuí,CE,23,2025-09-01
2305407,230540,Icó,CE,23,2025-09-01
2305506,230550,Iguatu,CE,23,2025-09-01
2305605,230560,Independência,CE,23,2025-09-01
2305654,230565,Ipaporanga,CE,23,2025-09-01
2305704,230570,Ipaumirim,CE,23,2025-09-01
2305803,230580,Ipu,CE,23,2025-09-01
2305902,230590,Ipueiras,CE,23,2025-09-01
2306009,230600,Iracema,CE,23,2025-09-01
2306108,230610,Irauçuba,CE,23,2025-09-01
2306207,230620,Itaiçaba,CE,23,2025-09-01
2306256,230625,Itaitinga,CE,23,2025-09-01
2306306,230630,Itapajé,CE,23,2025-09-01
2306405,230640,Itapipoca,CE,23,2025-09-01
2306504,230650,Itapiúna,CE,23,2025-09-01
2306553,230655,Itarema,CE,23,2025-09-01
2306603,230660,Itatira,CE,23,2025-09-01
2306702,230670,Jaguaretama,CE,23,2025-09-01
2306801,230680,Jaguaribara,CE,23,2025-09-01
2306900,230690,Jaguaribe,CE,23,2025-09-01
2307007,230700,Jaguaruana,CE,23,2025-09-01
2307106,230710,Jardim,CE,23,2025-09-01
2307205,230720,Jati,CE,23,2025-09-01
2307254,230725,Jijoca de Jericoacoara,CE,23,2025-09-01
2307304,230730,Juazeiro do Norte,CE,23,2025-09-01
2307403,230740,Jucás,CE,23,2025-09-01
2307502,230750,Lavras da Mangabeira,CE,23,2025-09-01
2307601,230760,Limoeiro do Norte,CE,23,2025-09-01
2307635,230763,Madalena,CE,23,2025-09-01
2307650,230765,Maracanaú,CE,23,2025-09-01
2307700,230770,Maranguape,CE,23,2025-09-01
2307809,230780,Marco,CE,23,2025-09-01
2307908,230790,Martinópole,CE,23,2025-09-01
2308005,230800,Massapê,CE,23,2025-09-01
2308104,230810,Mauriti,CE,23,2025-09-01
2308203,230820,Meruoca,CE,23,2025-09-01
2308302,230830,Milagres,CE,23,2025-09-01
2308351,230835,Milhã,CE,23,2025-09-01
2308377,230837,Miraíma,CE,23,2025-09-01
2308401,230840,Missão Velha,CE,23,2025-09-01
2308500,230850,Mombaça,CE,23,2025-09-01
2308609,230860,Monsenhor Tabosa,CE,23,2025-09-01
2308708,230870,Morada Nova,CE,23,2025-09-01
2308807,230880,Moraújo,CE,23,2025-09-01
2308906,230890,Morrinhos,CE,23,2025-09-01
2309003,230900,Mucambo,CE,23,2025-09-01
2309102,230910,Mulungu,CE,23,2025-09-01
2309201,230920,Nova Olinda,CE,23,2025-09-01
2309300,230930,Nova Russas,CE,23,2025-09-01
2309409,230940,Novo Oriente,CE,23,2025-09-01
2309458,230945,Ocara,CE,23,2025-09-01
2309508,230950,Orós,CE,23,2025-09-01
2309607,230960,Pacajus,CE,23,2025-09-01
2309706,230970,Pacatuba,CE,23,2025-09-01
2309805,230980,Pacoti,CE,23,2025-09-01
2309904,230990,Pacujá,CE,23,2025-09-01
2310001,231000,Palhano,CE,23,2025-09-01
2310100,231010,Palmácia,CE,23,2025-09-01
2310209,231020,Paracuru,CE,23,2025-09-01
2310258,231025,Paraipaba,CE,23,2025-09-01
2310308,231030,Parambu,CE,23,2025-09-01
2310407,231040,Paramoti,CE,23,2025-09-01
2310506,231050,Pedra Branca,CE,23,2025-09-01
2310605,231060,Penaforte,CE,23,2025-09-01
2310704,231070,Pentecoste,CE,23,2025-09-01
2310803,231080,Pereiro,CE,23,2025-09-01
2310852,231085,Pindoretama,CE,23,2025-09-01
2310902,231090,Piquet Carneiro,CE,23,2025-09-01
2310951,231095,Pires Ferreira,CE,23,2025-09-01
2311009,231100,Poranga,CE,23,2025-09-01
2311108,231110,Porteiras,CE,23,2025-09-01
2311207,231120,Potengi,CE,23,2025-09-01
2311231,231123,Potiretama,CE,23,2025-09-01
2311264,231126,Quiterianópolis,CE,23,2025-09-01
2311306,231130,Quixadá,CE,23,2025-09-01
2311355,231135,Quixelô,CE,23,2025-09-01
2311405,231140,Quixeramobim,CE,23,2025-09-01
2311504,231150,Quixeré,CE,23,2025-09-01
2311603,231160,Redenção,CE,23,2025-09-01
2311702,231170,Reriutaba,CE,23,2025-09-01
2311801,231180,Russas,CE,23,2025-09-01
2311900,231190,Saboeiro,CE,23,2025-09-01
2311959,231195,Salitre,CE,23,2025-09-01
2312205,231220,Santa Quitéria,CE,23,2025-09-01
2312007,231200,Santana do Acaraú,CE,23,2025-09-01
2312106,231210,Santana do Cariri,CE,23,2025-09-01
2312304,231230,São Benedito,CE,23,2025-09-01
2312403,231240,São Gonçalo do Amarante,CE,23,2025-09-01
2312502,231250,São João do Jaguaribe,CE,23,2025-09-01
2312601,231260,São Luís do Curu,CE,23,2025-09-01
2312700,231270,Senador Pompeu,CE,23,2025-09-01
2312809,231280,Senador Sá,CE,23,2025-09-01
2312908,231290,Sobral,CE,23,2025-09-01
2313005,231300,Solonópole,CE,23,2025-09-01
2313104,231310,Tabuleiro do Norte,CE,23,2025-09-01
2313203,231320,Tamboril,CE,23,2025-09-01
2313252,231325,Tarrafas,CE,23,2025-09-01
2313302,231330,Tauá,CE,23,2025-09-01
2313351,231335,Tejuçuoca,CE,23,2025-09-01
2313401,231340,Tianguá,CE,23,2025-09-01
2313500,231350,Trairi,CE,23,2025-09-01
2313559,231355,Tururu,CE,23,2025-09-01
2313609,231360,Ubajara,CE,23,2025-09-01
2313708,231370,Umari,CE,23,2025-09-01
2313757,231375,Umirim,CE,23,2025-09-01
2313807,231380,Uruburetama,CE,23,2025-09-01
2313906,231390,Uruoca,CE,23,2025-09-01
2313955,231395,Varjota,CE,23,2025-09-01
2314003,231400,Várzea Alegre,CE,23,2025-09-01
2314102,231410,Viçosa do Ceará,CE,23,2025-09-01
5300108,530010,Brasília,DF,53,2025-09-01
3200102,320010,Afonso Cláudio,ES,32,2025-09-01
3200169,320016,Água Doce do Norte,ES,32,2025-09-01
3200136,320013,Águia Branca,ES,32,2025-09-01
3200201,320020,Alegre,ES,32,2025-09-01
3200300,320030,Alfredo Chaves,ES,32,2025-09-01
3200359,320035,Alto Rio Novo,ES,32,2025-09-01
3200409,320040,Anchieta,ES,32,2025-09-01
3200508,320050,Apiacá,ES,32,2025-09-01
3200607,320060,Aracruz,ES,32,2025-09-01
3200706,320070,Atílio Vivácqua,ES,32,2025-09-01
3200805,320080,Baixo Guandu,ES,32,2025-09-01
3200904,320090,Barra de São Francisco,ES,32,2025-09-01
3201001,320100,Boa Esperança,ES,32,2025-09-01
3201100,320110,Bom Jesus do Norte,ES,32,2025-09-01
3201159,320115,Brejetuba,ES,32,2025-09-01
3201209,320120,Cachoeiro de Itapemirim,ES,32,2025-09-01
3201308,320130,Cariacica,ES,32,2025-09-01
3201407,320140,Castelo,ES,32,2025-09-01
3201506,320150,Colatina,ES,32,2025-09-01
3201605,320160,Conceição da Barra,ES,32,2025-09-01
3201704,320170,Conceição do Castelo,ES,32,2025-09-01
3201803,320180,Divino de São Lourenço,ES,32,2025-09-01
3201902,320190,Domingos Martins,ES,32,2025-09-01
3202009,320200,Dores do Rio Preto,ES,32,2025-09-01
3202108,320210,Ecoporanga,ES,32,2025-09-01
3202207,320220,Fundão,ES,32,2025-09-01
3202256,320225,Governador Lindenberg,ES,32,2025-09-01
3202306,320230,Guaçuí,ES,32,2025-09-01
3202405,320240,Guarapari,ES,32,2025-09-01
3202454,320245,Ibatiba,ES,32,2025-09-01
3202504,320250,Ibiraçu,ES,32,2025-09-01
3202553,320255,Ibitirama,ES,32,2025-09-01
3202603,320260,Iconha,ES,32,2025-09-01
3202652,320265,Irupi,ES,32,2025-09-01
3202702,320270,Itaguaçu,ES,32,2025-09-01
3202801,320280,Itapemirim,ES,32,2025-09-01
3202900,320290,Itarana,ES,32,2025-09-01
3203007,320300,Iúna,ES,32,2025-09-01
3203056,320305,Jaguaré,ES,32,2025-09-01
3203106,320310,Jerônimo Monteiro,ES,32,2025-09-01
3203130,320313,João Neiva,ES,32,2025-09-01
3203163,320316,Laranja da Terra,ES,32,2025-09-01
3203205,320320,Linhares,ES,32,2025-09-01
3203304,320330,Mantenópolis,ES,32,2025-09-01
3203320,320332,Marataízes,ES,32,2025-09-01
3203346,320334,Marechal Floriano,ES,32,2025-09-01
3203353,320335,Marilândia,ES,32,2025-09-01
3203403,320340,Mimoso do Sul,ES,32,2025-09-01
3203502,320350,Montanha,ES,32,2025-09-01
3203601,320360,Mucurici,ES,32,2025-09-01
3203700,320370,Muniz Freire,ES,32,2025-09-01
3203809,320380,Muqui,ES,32,2025-09-01
3203908,320390,Nova Venécia,ES,32,2025-09-01
3204005,320400,Pancas,ES,32,2025-09-01
3204054,320405,Pedro Canário,ES,32,2025-09-01
3204104,320410,Pinheiros,ES,32,2025-09-01
3204203,320420,Piúma,ES,32,2025-09-01
3204252,320425,Ponto Belo,ES,32,2025-09-01
3204302,320430,Presidente Kennedy,ES,32,2025-09-01
3204351,320435,Rio Bananal,ES,32,2025-09-01
3204401,320440,Rio Novo do Sul,ES,32,2025-09-01
3204500,320450,Santa Leopoldina,ES,32,2025-09-01
3204559,320455,Santa Maria de Jetibá,ES,32,2025-09-01
3204609,320460,Santa Teresa,ES,32,2025-09-01
3204658,320465,São Domingos do Norte,ES,32,2025-09-01
3204708,320470,São Gabriel da Palha,ES,32,2025-09-01
3204807,320480,São José do Calçado,ES,32,2025-09-01
3204906,320490,São Mateus,ES,32,2025-09-01
3204955,320495,São Roque do Canaã,ES,32,2025-09-01
3205002,320500,Serra,ES,32,2025-09-01
3205010,320501,Sooretama,ES,32,2025-09-01
3205036,320503,Vargem Alta,ES,32,2025-09-01
3205069,320506,Venda Nova do Imigrante,ES,32,2025-09-01
3205101,320510,Viana,ES,32,2025-09-01
3205150,320515,Vila Pavão,ES,32,2025-09-01
3205176,320517,Vila Valério,ES,32,2025-09-01
3205200,320520,Vila Velha,ES,32,2025-09-01
3205309,320530,Vitória,ES,32,2025-09-01
5200050,520005,Abadia de Goiás,GO,52,2025-09-01
5200100,520010,Abadiânia,GO,52,2025-09-01
5200134,520013,Acreúna,GO,52,2025-09-01
5200159,520015,Adelândia,GO,52,2025-09-01
5200175,520017,Água Fria de Goiás,GO,52,2025-09-01
5200209,520020,Água Limpa,GO,52,2025-09-01
5200258,520025,Águas Lindas de Goiás,GO,52,2025-09-01
5200308,520030,Alexânia,GO,52,2025-09-01
5200506,520050,Aloândia,GO,52,2025-09-01
5200555,520055,Alto Horizonte,GO,52,2025-09-01
5200605,520060,Alto Paraíso de Goiás,GO,52,2025-09-01
5200803,520080,Alvorada do Norte,GO,52,2025-09-01
5200829,520082,Amaralina,GO,52,2025-09-01
5200852,520085,Americano do Brasil,GO,52,2025-09-01
5200902,520090,Amorinópolis,GO,52,2025-09-01
5201108,520110,Anápolis,GO,52,2025-09-01
5201207,520120,Anhanguera,GO,52,2025-09-01
5201306,520130,Anicuns,GO,52,2025-09-01
5201405,520140,Aparecida de Goiânia,GO,52,2025-09-01
5201454,520145,Aparecida do Rio Doce,GO,52,2025-09-01
5201504,520150,Aporé,GO,52,2025-09-01
5201603,520160,Araçu,GO,52,2025-09-01
5201702,520170,Aragarças,GO,52,2025-09-01
5201801,520180,Aragoiânia,GO,52,2025-09-01
5202155,520215,Araguapaz,GO,52,2025-09-01
5202353,520235,Arenópolis,GO,52,2025-09-01
5202502,520250,Aruanã,GO,52,2025-09-01
5202601,520260,Aurilândia,GO,52,2025-09-01
5202809,520280,Avelinópolis,GO,52,2025-09-01
5203104,520310,Baliza,GO,52,2025-09-01
5203203,520320,Barro Alto,GO,52,2025-09-01
5203302,520330,Bela Vista de Goiás,GO,52,2025-09-01
5203401,520340,Bom Jardim de Goiás,GO,52,2025-09-01
5203500,520350,Bom Jesus de Goiás,GO,52,2025-09-01
5203559,520355,Bonfinópolis,GO,52,2025-09-01
5203575,520357,Bonópolis,GO,52,2025-09-01
5203609,520360,Brazabrantes,GO,52,2025-09-01
5203807,520380,Britânia,GO,52,2025-09-01
5203906,520390,Buriti Alegre,GO,52,2025-09-01
5203939,520393,Buriti de Goiás,GO,52,2025-09-01
5203962,520396,Buritinópolis,GO,52,2025-09-01
5204003,520400,Cabeceiras,GO,52,2025-09-01
5204102,520410,Cachoeira Alta,GO,52,2025-09-01
5204201,520420,Cachoeira de Goiás,GO,52,2025-09-01
5204250,520425,Cachoeira Dourada,GO,52,2025-09-01
5204300,520430,Caçu,GO,52,2025-09-01
5204409,520440,Caiapônia,GO,52,2025-09-01
5204508,520450,Caldas Novas,GO,52,2025-09-01
5204557,520455,Caldazinha,GO,52,2025-09-01
5204607,520460,Campestre de Goiás,GO,52,2025-09-01
5204656,520465,Campinaçu,GO,52,2025-09-01
5204706,520470,Campinorte,GO,52,2025-09-01
5204805,520480,Campo Alegre de Goiás,GO,52,2025-09-01
5204854,520485,Campo Limpo de Goiás,GO,52,2025-09-01
5204904,520490,Campos Belos,GO,52,2025-09-01
5204953,520495,Campos Verdes,GO,52,2025-09-01
5205000,520500,Carmo do Rio Verde,GO,52,2025-09-01
5205059,520505,Castelândia,GO,52,2025-09-01
5205109,520510,Catalão,GO,52,2025-09-01
5205208,520520,Caturaí,GO,52,2025-09-01
5205307,520530,Cavalcante,GO,52,2025-09-01
5205406,520540,Ceres,GO,52,2025-09-01
5205455,520545,Cezarina,GO,52,2025-09-01
5205471,520547,Chapadão do Céu,GO,52,2025-09-01
5205497,520549,Cidade Ocidental,GO,52,2025-09-01
5205513,520551,Cocalzinho de Goiás,GO,52,2025-09-01
5205521,520552,Colinas do Sul,GO,52,2025-09-01
5205703,520570,Córrego do Ouro,GO,52,2025-09-01
5205802,520580,Corumbá de Goiás,GO,52,2025-09-01
5205901,520590,Corumbaíba,GO,52,2025-09-01
5206206,520620,Cristalina,GO,52,2025-09-01
5206305,520630,Cristianópolis,GO,52,2025-09-01
5206404,520640,Crixás,GO,52,2025-09-01
5206503,520650,Cromínia,GO,52,2025-09-01
5206602,520660,Cumari,GO,52,2025-09-01
5206701,520670,Damianópolis,GO,52,2025-09-01
5206800,520680,Damolândia,GO,52,2025-09-01
5206909,520690,Davinópolis,GO,52,2025-09-01
5207105,520710,Diorama,GO,52,2025-09-01
5208301,520830,Divinópolis de Goiás,GO,52,2025-09-01
5207253,520725,Doverlândia,GO,52,2025-09-01
5207352,520735,Edealina,GO,52,2025-09-01
5207402,520740,Edéia,GO,52,2025-09-01
5207501,520750,Estrela do Norte,GO,52,2025-09-01
5207535,520753,Faina,GO,52,2025-09-01
5207600,520760,Fazenda Nova,GO,52,2025-09-01
5207808,520780,Firminópolis,GO,52,2025-09-01
5207907,520790,Flores de Goiás,GO,52,2025-09-01
5208004,520800,Formosa,GO,52,2025-09-01
5208103,520810,Formoso,GO,52,2025-09-01
5208152,520815,Gameleira de Goiás,GO,52,2025-09-01
5208400,520840,Goianápolis,GO,52,2025-09-01
5208509,520850,Goiandira,GO,52,2025-09-01
5208608,520860,Goianésia,GO,52,2025-09-01
5208707,520870,Goiânia,GO,52,2025-09-01
5208806,520880,Goianira,GO,52,2025-09-01
5208905,520890,Goiás,GO,52,2025-09-01
5209101,520910,Goiatuba,GO,52,2025-09-01
5209150,520915,Gouvelândia,GO,52,2025-09-01
5209200,520920,Guapó,GO,52,2025-09-01
5209291,520929,Guaraíta,GO,52,2025-09-01
5209408,520940,Guarani de Goiás,GO,52,2025-09-01
5209457,520945,Guarinos,GO,52,2025-09-01
5209606,520960,Heitoraí,GO,52,2025-09-01
5209705,520970,Hidrolândia,GO,52,2025-09-01
5209804,520980,Hidrolina,GO,52,2025-09-01
5209903,520990,Iaciara,GO,52,2025-09-01
5209937,520993,Inaciolândia,GO,52,2025-09-01
5209952,520995,Indiara,GO,52,2025-09-01
5210000,521000,Inhumas,GO,52,2025-09-01
5210109,521010,Ipameri,GO,52,2025-09-01
5210158,521015,Ipiranga de Goiás,GO,52,2025-09-01
5210208,521020,Iporá,GO,52,2025-09-01
5210307,521030,Israelândia,GO,52,2025-09-01
5210406,521040,Itaberaí,GO,52,2025-09-01
5210562,521056,Itaguari,GO,52,2025-09-01
5210604,521060,Itaguaru,GO,52,2025-09-01
5210802,521080,Itajá,GO,52,2025-09-01
5210901,521090,Itapaci,GO,52,2025-09-01
5211008,521100,Itapirapuã,GO,52,2025-09-01
5211206,521120,Itapuranga,GO,52,2025-09-01
5211305,521130,Itarumã,GO,52,2025-09-01
5211404,521140,Itauçu,GO,52,2025-09-01
5211503,521150,Itumbiara,GO,52,2025-09-01
5211602,521160,Ivolândia,GO,52,2025-09-01
5211701,521170,Jandaia,GO,52,2025-09-01
5211800,521180,Jaraguá,GO,52,2025-09-01
5211909,521190,Jataí,GO,52,2025-09-01
5212006,521200,Jaupaci,GO,52,2025-09-01
5212055,521205,Jesúpolis,GO,52,2025-09-01
5212105,521210,Joviânia,GO,52,2025-09-01
5212204,521220,Jussara,GO,52,2025-09-01
5212253,521225,Lagoa Santa,GO,52,2025-09-01
5212303,521230,Leopoldo de Bulhões,GO,52,2025-09-01
5212501,521250,Luziânia,GO,52,2025-09-01
5212600,521260,Mairipotaba,GO,52,2025-09-01
5212709,521270,Mambaí,GO,52,2025-09-01
5212808,521280,Mara Rosa,GO,52,2025-09-01
5212907,521290,Marzagão,GO,52,2025-09-01
5212956,521295,Matrinchã,GO,52,2025-09-01
5213004,521300,Maurilândia,GO,52,2025-09-01
5213053,521305,Mimoso de Goiás,GO,52,2025-09-01
5213087,521308,Minaçu,GO,52,2025-09-01
5213103,521310,Mineiros,GO,52,2025-09-01
5213400,521340,Moiporá,GO,52,2025-09-01
5213509,521350,Monte Alegre de Goiás,GO,52,2025-09-01
5213707,521370,Montes Claros de Goiás,GO,52,2025-09-01
5213756,521375,Montividiu,GO,52,2025-09-01
5213772,521377,Montividiu do Norte,GO,52,2025-09-01
5213806,521380,Morrinhos,GO,52,2025-09-01
5213855,521385,Morro Agudo de Goiás,GO,52,2025-09-01
5213905,521390,Mossâmedes,GO,52,2025-09-01
5214002,521400,Mozarlândia,GO,52,2025-09-01
5214051,521405,Mundo Novo,GO,52,2025-09-01
5214101,521410,Mutunópolis,GO,52,2025-09-01
5214408,521440,Nazário,GO,52,2025-09-01
5214507,521450,Nerópolis,GO,52,2025-09-01
5214606,521460,Niquelândia,GO,52,2025-09-01
5214705,521470,Nova América,GO,52,2025-09-01
5214804,521480,Nova Aurora,GO,52,2025-09-01
5214838,521483,Nova Crixás,GO,52,2025-09-01
5214861,521486,Nova Glória,GO,52,2025-09-01
5214879,521487,Nova Iguaçu de Goiás,GO,52,2025-09-01
5214903,521490,Nova Roma,GO,52,2025-09-01
5215009,521500,Nova Veneza,GO,52,2025-09-01
5215207,521520,Novo Brasil,GO,52,2025-09-01
5215231,521523,Novo Gama,GO,52,2025-09-01
5215256,521525,Novo Planalto,GO,52,2025-09-01
5215306,521530,Orizona,GO,52,2025-09-01
5215405,521540,Ouro Verde de Goiás,GO,52,2025-09-01
5215504,521550,Ouvidor,GO,52,2025-09-01
5215603,521560,Padre Bernardo,GO,52,2025-09-01
5215652,521565,Palestina de Goiás,GO,52,2025-09-01
5215702,521570,Palmeiras de Goiás,GO,52,2025-09-01
5215801,521580,Palmelo,GO,52,2025-09-01
5215900,521590,Palminópolis,GO,52,2025-09-01
5216007,521600,Panamá,GO,52,2025-09-01
5216304,521630,Paranaiguara,GO,52,2025-09-01
5216403,521640,Paraúna,GO,52,2025-09-01
5216452,521645,Perolândia,GO,52,2025-09-01
5216809,521680,Petrolina de Goiás,GO,52,2025-09-01
5216908,521690,Pilar de Goiás,GO,52,2025-09-01
5217104,521710,Piracanjuba,GO,52,2025-09-01
5217203,521720,Piranhas,GO,52,2025-09-01
5217302,521730,Pirenópolis,GO,52,2025-09-01
5217401,521740,Pires do Rio,GO,52,2025-09-01
5217609,521760,Planaltina,GO,52,2025-09-01
5217708,521770,Pontalina,GO,52,2025-09-01
5218003,521800,Porangatu,GO,52,2025-09-01
5218052,521805,Porteirão,GO,52,2025-09-01
5218102,521810,Portelândia,GO,52,2025-09-01
5218300,521830,Posse,GO,52,2025-09-01
5218391,521839,Professor Jamil,GO,52,2025-09-01
5218508,521850,Quirinópolis,GO,52,2025-09-01
5218607,521860,Rialma,GO,52,2025-09-01
5218706,521870,Rianápolis,GO,52,2025-09-01
5218789,521878,Rio Quente,GO,52,2025-09-01
5218805,521880,Rio Verde,GO,52,2025-09-01
5218904,521890,Rubiataba,GO,52,2025-09-01
5219001,521900,Sanclerlândia,GO,52,2025-09-01
5219100,521910,Santa Bárbara de Goiás,GO,52,2025-09-01
5219209,521920,Santa Cruz de Goiás,GO,52,2025-09-01
5219258,521925,Santa Fé de Goiás,GO,52,2025-09-01
5219308,521930,Santa Helena de Goiás,GO,52,2025-09-01
5219357,521935,Santa Isabel,GO,52,2025-09-01
5219407,521940,Santa Rita do Araguaia,GO,52,2025-09-01
5219456,521945,Santa Rita do Novo Destino,GO,52,2025-09-01
5219506,521950,Santa Rosa de Goiás,GO,52,2025-09-01
5219605,521960,Santa Tereza de Goiás,GO,52,2025-09-01
5219704,521970,Santa Terezinha de Goiás,GO,52,2025-09-01
5219712,521971,Santo Antônio da Barra,GO,52,2025-09-01
5219738,521973,Santo Antônio de Goiás,GO,52,2025-09-01
5219753,521975,Santo Antônio do Descoberto,GO,52,2025-09-01
5219803,521980,São Domingos,GO,52,2025-09-01
5219902,521990,São Francisco de Goiás,GO,52,2025-09-01
5220009,522000,São João d'Aliança,GO,52,2025-09-01
5220058,522005,São João da Paraúna,GO,52,2025-09-01
5220108,522010,São Luís de Montes Belos,GO,52,2025-09-01
5220157,522015,São Luiz do Norte,GO,52,2025-09-01
5220207,522020,São Miguel do Araguaia,GO,52,2025-09-01
5220264,522026,São Miguel do Passa Quatro,GO,52,2025-09-01
5220280,522028,São Patrício,GO,52,2025-09-01
5220405,522040,São Simão,GO,52,2025-09-01
5220454,522045,Senador Canedo,GO,52,2025-09-01
5220504,522050,Serranópolis,GO,52,2025-09-01
5220603,522060,Silvânia,GO,52,2025-09-01
5220686,522068,Simolândia,GO,52,2025-09-01
5220702,522070,Sítio d'Abadia,GO,52,2025-09-01
5221007,522100,Taquaral de Goiás,GO,52,2025-09-01
5221080,522108,Teresina de Goiás,GO,52,2025-09-01
5221197,522119,Terezópolis de Goiás,GO,52,2025-09-01
5221304,522130,Três Ranchos,GO,52,2025-09-01
5221403,522140,Trindade,GO,52,2025-09-01
5221452,522145,Trombas,GO,52,2025-09-01
5221502,522150,Turvânia,GO,52,2025-09-01
5221551,522155,Turvelândia,GO,52,2025-09-01
5221577,522157,Uirapuru,GO,52,2025-09-01
5221601,522160,Uruaçu,GO,52,2025-09-01
5221700,522170,Uruana,GO,52,2025-09-01
5221809,522180,Urutaí,GO,52,2025-09-01
5221858,522185,Valparaíso de Goiás,GO,52,2025-09-01
5221908,522190,Varjão,GO,52,2025-09-01
5222005,522200,Vianópolis,GO,52,2025-09-01
5222054,522205,Vicentinópolis,GO,52,2025-09-01
5222203,522220,Vila Boa,GO,52,2025-09-01
5222302,522230,Vila Propício,GO,52,2025-09-01
2100055,210005,Açailândia,MA,21,2025-09-01
2100105,210010,Afonso Cunha,MA,21,2025-09-01
2100154,210015,Água Doce do Maranhão,MA,21,2025-09-01
2100204,210020,Alcântara,MA,21,2025-09-01
2100303,210030,Aldeias Altas,MA,21,2025-09-01
2100402,210040,Altamira do Maranhão,MA,21,2025-09-01
2100436,210043,Alto Alegre do Maranhão,MA,21,2025-09-01
2100477,210047,Alto Alegre do Pindaré,MA,21,2025-09-01
2100501,210050,Alto Parnaíba,MA,21,2025-09-01
2100550,210055,Amapá do Maranhão,MA,21,2025-09-01
2100600,210060,Amarante do Maranhão,MA,21,2025-09-01
2100709,210070,Anajatuba,MA,21,2025-09-01
2100808,210080,Anapurus,MA,21,2025-09-01
2100832,210083,Apicum-Açu,MA,21,2025-09-01
2100873,210087,Araguanã,MA,21,2025-09-01
2100907,210090,Araioses,MA,21,2025-09-01
2100956,210095,Arame,MA,21,2025-09-01
2101004,210100,Arari,MA,21,2025-09-01
2101103,210110,Axixá,MA,21,2025-09-01
2101202,210120,Bacabal,MA,21,2025-09-01
2101251,210125,Bacabeira,MA,21,2025-09-01
2101301,210130,Bacuri,MA,21,2025-09-01
2101350,210135,Bacurituba,MA,21,2025-09-01
2101400,210140,Balsas,MA,21,2025-09-01
2101509,210150,Barão de Grajaú,MA,21,2025-09-01
2101608,210160,Barra do Corda,MA,21,2025-09-01
2101707,210170,Barreirinhas,MA,21,2025-09-01
2101772,210177,Bela Vista do Maranhão,MA,21,2025-09-01
2101731,210173,Belágua,MA,21,2025-09-01
2101806,210180,Benedito Leite,MA,21,2025-09-01
2101905,210190,Bequimão,MA,21,2025-09-01
2101939,210193,Bernardo do Mearim,MA,21,2025-09-01
2101970,210197,Boa Vista do Gurupi,MA,21,2025-09-01
2102002,210200,Bom Jardim,MA,21,2025-09-01
2102036,210203,Bom Jesus das Selvas,MA,21,2025-09-01
2102077,210207,Bom Lugar,MA,21,2025-09-01
2102101,210210,Brejo,MA,21,2025-09-01
2102150,210215,Brejo de Areia,MA,21,2025-09-01
2102200,210220,Buriti,MA,21,2025-09-01
2102309,210230,Buriti Bravo,MA,21,2025-09-01
2102325,210232,Buriticupu,MA,21,2025-09-01
2102358,210235,Buritirana,MA,21,2025-09-01
2102374,210237,Cachoeira Grande,MA,21,2025-09-01
2102408,210240,Cajapió,MA,21,2025-09-01
2102507,210250,Cajari,MA,21,2025-09-01
2102556,210255,Campestre do Maranhão,MA,21,2025-09-01
2102606,210260,Cândido Mendes,MA,21,2025-09-01
2102705,210270,Cantanhede,MA,21,2025-09-01
2102754,210275,Capinzal do Norte,MA,21,2025-09-01
2102804,210280,Carolina,MA,21,2025-09-01
2102903,210290,Carutapera,MA,21,2025-09-01
2103000,210300,Caxias,MA,21,2025-09-01
2103109,210310,Cedral,MA,21,2025-09-01
2103125,210312,Central do Maranhão,MA,21,2025-09-01
2103158,210315,Centro do Guilherme,MA,21,2025-09-01
2103174,210317,Centro Novo do Maranhão,MA,21,2025-09-01
2103208,210320,Chapadinha,MA,21,2025-09-01
2103257,210325,Cidelândia,MA,21,2025-09-01
2103307,210330,Codó,MA,21,2025-09-01
2103406,210340,Coelho Neto,MA,21,2025-09-01
2103505,210350,Colinas,MA,21,2025-09-01
2103554,210355,Conceição do Lago-Açu,MA,21,2025-09-01
2103604,210360,Coroatá,MA,21,2025-09-01
2103703,210370,Cururupu,MA,21,2025-09-01
2103752,210375,Davinópolis,MA,21,2025-09-01
2103802,210380,Dom Pedro,MA,21,2025-09-01
2103901,210390,Duque Bacelar,MA,21,2025-09-01
2104008,210400,Esperantinópolis,MA,21,2025-09-01
2104057,210405,Estreito,MA,21,2025-09-01
2104073,210407,Feira Nova do Maranhão,MA,21,2025-09-01
2104081,210408,Fernando Falcão,MA,21,2025-09-01
2104099,210409,Formosa da Serra Negra,MA,21,2025-09-01
2104107,210410,Fortaleza dos Nogueiras,MA,21,2025-09-01
2104206,210420,Fortuna,MA,21,2025-09-01
2104305,210430,Godofredo Viana,MA,21,2025-09-01
2104404,210440,Gonçalves Dias,MA,21,2025-09-01
2104503,210450,Governador Archer,MA,21,2025-09-01
2104552,210455,Governador Edison Lobão,MA,21,2025-09-01
2104602,210460,Governador Eugênio Barros,MA,21,2025-09-01
2104628,210462,Governador Luiz Rocha,MA,21,2025-09-01
2104651,210465,Governador Newton Bello,MA,21,2025-09-01
2104677,210467,Governador Nunes Freire,MA,21,2025-09-01
2104701,210470,Graça Aranha,MA,21,2025-09-01
2104800,210480,Grajaú,MA,21,2025-09-01
2104909,210490,Guimarães,MA,21,2025-09-01
2105005,210500,Humberto de Campos,MA,21,2025-09-01
2105104,210510,Icatu,MA,21,2025-09-01
2105153,210515,Igarapé do Meio,MA,21,2025-09-01
2105203,210520,Igarapé Grande,MA,21,2025-09-01
2105302,210530,Imperatriz,MA,21,2025-09-01
2105351,210535,Itaipava do Grajaú,MA,21,2025-09-01
2105401,210540,Itapecuru Mirim,MA,21,2025-09-01
2105427,210542,Itinga do Maranhão,MA,21,2025-09-01
2105450,210545,Jatobá,MA,21,2025-09-01
2105476,210547,Jenipapo dos Vieiras,MA,21,2025-09-01
2105500,210550,João Lisboa,MA,21,2025-09-01
2105609,210560,Joselândia,MA,21,2025-09-01
2105658,210565,Junco do Maranhão,MA,21,2025-09-01
2105708,210570,Lago da Pedra,MA,21,2025-09-01
2105807,210580,Lago do Junco,MA,21,2025-09-01
2105948,210594,Lago dos Rodrigues,MA,21,2025-09-01
2105906,210590,Lago Verde,MA,21,2025-09-01
2105922,210592,Lagoa do Mato,MA,21,2025-09-01
2105963,210596,Lagoa Grande do Maranhão,MA,21,2025-09-01
2105989,210598,Lajeado Novo,MA,21,2025-09-01
2106003,210600,Lima Campos,MA,21,2025-09-01
2106102,210610,Loreto,MA,21,2025-09-01
2106201,210620,Luís Domingues,MA,21,2025-09-01
2106300,210630,Magalhães de Almeida,MA,21,2025-09-01
2106326,210632,Maracaçumé,MA,21,2025-09-01
2106359,210635,Marajá do Sena,MA,21,2025-09-01
2106375,210637,Maranhãozinho,MA,21,2025-09-01
2106409,210640,Mata Roma,MA,21,2025-09-01
2106508,210650,Matinha,MA,21,2025-09-01
2106607,210660,Matões,MA,21,2025-09-01
2106631,210663,Matões do Norte,MA,21,2025-09-01
2106672,210667,Milagres do Maranhão,MA,21,2025-09-01
2106706,210670,Mirador,MA,21,2025-09-01
2106755,210675,Miranda do Norte,MA,21,2025-09-01
2106805,210680,Mirinzal,MA,21,2025-09-01
2106904,210690,Monção,MA,21,2025-09-01
2107001,210700,Montes Altos,MA,21,2025-09-01
2107100,210710,Morros,MA,21,2025-09-01
2107209,210720,Nina Rodrigues,MA,21,2025-09-01
2107258,210725,Nova Colinas,MA,21,2025-09-01
2107308,210730,Nova Iorque,MA,21,2025-09-01
2107357,210735,Nova Olinda do Maranhão,MA,21,2025-09-01
2107407,210740,Olho d'Água das Cunhãs,MA,21,2025-09-01
2107456,210745,Olinda Nova do Maranhão,MA,21,2025-09-01
2107506,210750,Paço do Lumiar,MA,21,2025-09-01
2107605,210760,Palmeirândia,MA,21,2025-09-01
2107704,210770,Paraibano,MA,21,2025-09-01
2107803,210780,Parnarama,MA,21,2025-09-01
2107902,210790,Passagem Franca,MA,21,2025-09-01
2108009,210800,Pastos Bons,MA,21,2025-09-01
2108058,210805,Paulino Neves,MA,21,2025-09-01
2108108,210810,Paulo Ramos,MA,21,2025-09-01
2108207,210820,Pedreiras,MA,21,2025-09-01
2108256,210825,Pedro do Rosário,MA,21,2025-09-01
2108306,210830,Penalva,MA,21,2025-09-01
2108405,210840,Peri Mirim,MA,21,2025-09-01
2108454,210845,Peritoró,MA,21,2025-09-01
2108504,210850,Pindaré-Mirim,MA,21,2025-09-01
2108603,210860,Pinheiro,MA,21,2025-09-01
2108702,210870,Pio XII,MA,21,2025-09-01
2108801,210880,Pirapemas,MA,21,2025-09-01
2108900,210890,Poção de Pedras,MA,21,2025-09-01
2109007,210900,Porto Franco,MA,21,2025-09-01
2109056,210905,Porto Rico do Maranhão,MA,21,2025-09-01
2109106,210910,Presidente Dutra,MA,21,2025-09-01
2109205,210920,Presidente Juscelino,MA,21,2025-09-01
2109239,210923,Presidente Médici,MA,21,2025-09-01
2109270,210927,Presidente Sarney,MA,21,2025-09-01
2109304,210930,Presidente Vargas,MA,21,2025-09-01
2109403,210940,Primeira Cruz,MA,21,2025-09-01
2109452,210945,Raposa,MA,21,2025-09-01
2109502,210950,Riachão,MA,21,2025-09-01
2109551,210955,Ribamar Fiquene,MA,21,2025-09-01
2109601,210960,Rosário,MA,21,2025-09-01
2109700,210970,Sambaíba,MA,21,2025-09-01
2109759,210975,Santa Filomena do Maranhão,MA,21,2025-09-01
2109809,210980,Santa Helena,MA,21,2025-09-01
2109908,210990,Santa Inês,MA,21,2025-09-01
2110005,211000,Santa Luzia,MA,21,2025-09-01
2110039,211003,Santa Luzia do Paruá,MA,21,2025-09-01
2110104,211010,Santa Quitéria do Maranhão,MA,21,2025-09-01
2110203,211020,Santa Rita,MA,21,2025-09-01
2110237,211023,Santana do Maranhão,MA,21,2025-09-01
2110278,211027,Santo Amaro do Maranhão,MA,21,2025-09-01
2110302,211030,Santo Antônio dos Lopes,MA,21,2025-09-01
2110401,211040,São Benedito do Rio Preto,MA,21,2025-09-01
2110500,211050,São Bento,MA,21,2025-09-01
2110609,211060,São Bernardo,MA,21,2025-09-01
2110658,211065,São Domingos do Azeitão,MA,21,2025-09-01
2110708,211070,São Domingos do Maranhão,MA,21,2025-09-01
2110807,211080,São Félix de Balsas,MA,21,2025-09-01
2110856,211085,São Francisco do Brejão,MA,21,2025-09-01
2110906,211090,São Francisco do Maranhão,MA,21,2025-09-01
2111003,211100,São João Batista,MA,21,2025-09-01
2111029,211102,São João do Carú,MA,21,2025-09-01
2111052,211105,São João do Paraíso,MA,21,2025-09-01
2111078,211107,São João do Soter,MA,21,2025-09-01
2111102,211110,São João dos Patos,MA,21,2025-09-01
2111201,211120,São José de Ribamar,MA,21,2025-09-01
2111250,211125,São José dos Basílios,MA,21,2025-09-01
2111300,211130,São Luís,MA,21,2025-09-01
2111409,211140,São Luís Gonzaga do Maranhão,MA,21,2025-09-01
2111508,211150,São Mateus do Maranhão,MA,21,2025-09-01
2111532,211153,São Pedro da Água Branca,MA,21,2025-09-01
2111573,211157,São Pedro dos Crentes,MA,21,2025-09-01
2111607,211160,São Raimundo das Mangabeiras,MA,21,2025-09-01
2111631,211163,São Raimundo do Doca Bezerra,MA,21,2025-09-01
2111672,211167,São Roberto,MA,21,2025-09-01
2111706,211170,São Vicente Ferrer,MA,21,2025-09-01
2111722,211172,Satubinha,MA,21,2025-09-01
2111748,211174,Senador Alexandre Costa,MA,21,2025-09-01
2111763,211176,Senador La Rocque,MA,21,2025-09-01
2111789,211178,Serrano do Maranhão,MA,21,2025-09-01
2111805,211180,Sítio Novo,MA,21,2025-09-01
2111904,211190,Sucupira do Norte,MA,21,2025-09-01
2111953,211195,Sucupira do Riachão,MA,21,2025-09-01
2112001,211200,Tasso Fragoso,MA,21,2025-09-01
2112100,211210,Timbiras,MA,21,2025-09-01
2112209,211220,Timon,MA,21,2025-09-01
2112233,211223,Trizidela do Vale,MA,21,2025-09-01
2112274,211227,Tufilândia,MA,21,2025-09-01
2112308,211230,Tuntum,MA,21,2025-09-01
2112407,211240,Turiaçu,MA,21,2025-09-01
2112456,211245,Turilândia,MA,21,2025-09-01
2112506,211250,Tutóia,MA,21,2025-09-01
2112605,211260,Urbano Santos,MA,21,2025-09-01
2112704,211270,Vargem Grande,MA,21,2025-09-01
2112803,211280,Viana,MA,21,2025-09-01
2112852,211285,Vila Nova dos Martírios,MA,21,2025-09-01
2112902,211290,Vitória do Mearim,MA,21,2025-09-01
2113009,211300,Vitorino Freire,MA,21,2025-09-01
2114007,211400,Zé Doca,MA,21,2025-09-01
3100104,310010,Abadia dos Dourados,MG,31,2025-09-01
3100203,310020,Abaeté,MG,31,2025-09-01
3100302,310030,Abre Campo,MG,31,2025-09-01
3100401,310040,Acaiaca,MG,31,2025-09-01
3100500,310050,Açucena,MG,31,2025-09-01
3100609,310060,Água Boa,MG,31,2025-09-01
3100708,310070,Água Comprida,MG,31,2025-09-01
3100807,310080,Aguanil,MG,31,2025-09-01
3100906,310090,Águas Formosas,MG,31,2025-09-01
3101003,310100,Águas Vermelhas,MG,31,2025-09-01
3101102,310110,Aimorés,MG,31,2025-09-01
3101201,310120,Aiuruoca,MG,31,2025-09-01
3101300,310130,Alagoa,MG,31,2025-09-01
3101409,310140,Albertina,MG,31,2025-09-01
3101508,310150,Além Paraíba,MG,31,2025-09-01
3101607,310160,Alfenas,MG,31,2025-09-01
3101631,310163,Alfredo Vasconcelos,MG,31,2025-09-01
3101706,310170,Almenara,MG,31,2025-09-01
3101805,310180,Alpercata,MG,31,2025-09-01
3101904,310190,Alpinópolis,MG,31,2025-09-01
3102001,310200,Alterosa,MG,31,2025-09-01
3102050,310205,Alto Caparaó,MG,31,2025-09-01
3153509,315350,Alto Jequitibá,MG,31,2025-09-01
3102100,310210,Alto Rio Doce,MG,31,2025-09-01
3102209,310220,Alvarenga,MG,31,2025-09-01
3102308,310230,Alvinópolis,MG,31,2025-09-01
3102407,310240,Alvorada de Minas,MG,31,2025-09-01
3102506,310250,Amparo do Serra,MG,31,2025-09-01
3102605,310260,Andradas,MG,31,2025-09-01
3102803,310280,Andrelândia,MG,31,2025-09-01
3102852,310285,Angelândia,MG,31,2025-09-01
3102902,310290,Antônio Carlos,MG,31,2025-09-01
3103009,310300,Antônio Dias,MG,31,2025-09-01
3103108,310310,Antônio Prado de Minas,MG,31,2025-09-01
3103207,310320,Araçaí,MG,31,2025-09-01
3103306,310330,Aracitaba,MG,31,2025-09-01
3103405,310340,Araçuaí,MG,31,2025-09-01
3103504,310350,Araguari,MG,31,2025-09-01
3103603,310360,Arantina,MG,31,2025-09-01
3103702,310370,Araponga,MG,31,2025-09-01
3103751,310375,Araporã,MG,31,2025-09-01
3103801,310380,Arapuá,MG,31,2025-09-01
3103900,310390,Araújos,MG,31,2025-09-01
3104007,310400,Araxá,MG,31,2025-09-01
3104106,310410,Arceburgo,MG,31,2025-09-01
3104205,310420,Arcos,MG,31,2025-09-01
3104304,310430,Areado,MG,31,2025-09-01
3104403,310440,Argirita,MG,31,2025-09-01
3104452,310445,Aricanduva,MG,31,2025-09-01
3104502,310450,Arinos,MG,31,2025-09-01
3104601,310460,Astolfo Dutra,MG,31,2025-09-01
3104700,310470,Ataléia,MG,31,2025-09-01
3104809,310480,Augusto de Lima,MG,31,2025-09-01
3104908,310490,Baependi,MG,31,2025-09-01
3105004,310500,Baldim,MG,31,2025-09-01
3105103,310510,Bambuí,MG,31,2025-09-01
3105202,310520,Bandeira,MG,31,2025-09-01
3105301,310530,Bandeira do Sul,MG,31,2025-09-01
3105400,310540,Barão de Cocais,MG,31,2025-09-01
3105509,310550,Barão de Monte Alto,MG,31,2025-09-01
3105608,310560,Barbacena,MG,31,2025-09-01
3105707,310570,Barra Longa,MG,31,2025-09-01
3105905,310590,Barroso,MG,31,2025-09-01
3106002,310600,Bela Vista de Minas,MG,31,2025-09-01
3106101,310610,Belmiro Braga,MG,31,2025-09-01
3106200,310620,Belo Horizonte,MG,31,2025-09-01
3106309,310630,Belo Oriente,MG,31,2025-09-01
3106408,310640,Belo Vale,MG,31,2025-09-01
3106507,310650,Berilo,MG,31,2025-09-01
3106655,310665,Berizal,MG,31,2025-09-01
3106606,310660,Bertópolis,MG,31,2025-09-01
3106705,310670,Betim,MG,31,2025-09-01
3106804,310680,Bias Fortes,MG,31,2025-09-01
3106903,310690,Bicas,MG,31,2025-09-01
3107000,310700,Biquinhas,MG,31,2025-09-01
3107109,310710,Boa Esperança,MG,31,2025-09-01
3107208,310720,Bocaina de Minas,MG,31,2025-09-01
3107307,310730,Bocaiúva,MG,31,2025-09-01
3107406,310740,Bom Despacho,MG,31,2025-09-01
3107505,310750,Bom Jardim de Minas,MG,31,2025-09-01
3107604,310760,Bom Jesus da Penha,MG,31,2025-09-01
3107703,310770,Bom Jesus do Amparo,MG,31,2025-09-01
3107802,310780,Bom Jesus do Galho,MG,31,2025-09-01
3107901,310790,Bom Repouso,MG,31,2025-09-01
3108008,310800,Bom Sucesso,MG,31,2025-09-01
3108107,310810,Bonfim,MG,31,2025-09-01
3108206,310820,Bonfinópolis de Minas,MG,31,2025-09-01
3108255,310825,Bonito de Minas,MG,31,2025-09-01
3108305,310830,Borda da Mata,MG,31,2025-09-01
3108404,310840,Botelhos,MG,31,2025-09-01
3108503,310850,Botumirim,MG,31,2025-09-01
3108701,310870,Brás Pires,MG,31,2025-09-01
3108552,310855,Brasilândia de Minas,MG,31,2025-09-01
3108602,310860,Brasília de Minas,MG,31,2025-09-01
3108909,310890,Brazópolis,MG,31,2025-09-01
3108800,310880,Braúnas,MG,31,2025-09-01
3109006,310900,Brumadinho,MG,31,2025-09-01
3109105,310910,Bueno Brandão,MG,31,2025-09-01
3109204,310920,Buenópolis,MG,31,2025-09-01
3109253,310925,Bugre,MG,31,2025-09-01
3109303,310930,Buritis,MG,31,2025-09-01
3109402,310940,Buritizeiro,MG,31,2025-09-01
3109451,310945,Cabeceira Grande,MG,31,2025-09-01
3109501,310950,Cabo Verde,MG,31,2025-09-01
3109600,310960,Cachoeira da Prata,MG,31,2025-09-01
3109709,310970,Cachoeira de Minas,MG,31,2025-09-01
3102704,310270,Cachoeira de Pajeú,MG,31,2025-09-01
3109808,310980,Cachoeira Dourada,MG,31,2025-09-01
3109907,310990,Caetanópolis,MG,31,2025-09-01
3110004,311000,Caeté,MG,31,2025-09-01
3110103,311010,Caiana,MG,31,2025-09-01
3110202,311020,Cajuri,MG,31,2025-09-01
3110301,311030,Caldas,MG,31,2025-09-01
3110400,311040,Camacho,MG,31,2025-09-01
3110509,311050,Camanducaia,MG,31,2025-09-01
3110608,311060,Cambuí,MG,31,2025-09-01
3110707,311070,Cambuquira,MG,31,2025-09-01
3110806,311080,Campanário,MG,31,2025-09-01
3110905,311090,Campanha,MG,31,2025-09-01
3111002,311100,Campestre,MG,31,2025-09-01
3111101,311110,Campina Verde,MG,31,2025-09-01
3111150,311115,Campo Azul,MG,31,2025-09-01
3111200,311120,Campo Belo,MG,31,2025-09-01
3111309,311130,Campo do Meio,MG,31,2025-09-01
3111408,311140,Campo Florido,MG,31,2025-09-01
3111507,311150,Campos Altos,MG,31,2025-09-01
3111606,311160,Campos Gerais,MG,31,2025-09-01
3111903,311190,Cana Verde,MG,31,2025-09-01
3111705,311170,Canaã,MG,31,2025-09-01
3111804,311180,Canápolis,MG,31,2025-09-01
3112000,311200,Candeias,MG,31,2025-09-01
3112059,311205,Cantagalo,MG,31,2025-09-01
3112109,311210,Caparaó,MG,31,2025-09-01
3112208,311220,Capela Nova,MG,31,2025-09-01
3112307,311230,Capelinha,MG,31,2025-09-01
3112406,311240,Capetinga,MG,31,2025-09-01
3112505,311250,Capim Branco,MG,31,2025-09-01
3112604,311260,Capinópolis,MG,31,2025-09-01
3112653,311265,Capitão Andrade,MG,31,2025-09-01
3112703,311270,Capitão Enéas,MG,31,2025-09-01
3112802,311280,Capitólio,MG,31,2025-09-01
3112901,311290,Caputira,MG,31,2025-09-01
3113008,311300,Caraí,MG,31,2025-09-01
3113107,311310,Caranaíba,MG,31,2025-09-01
3113206,311320,Carandaí,MG,31,2025-09-01
3113305,311330,Carangola,MG,31,2025-09-01
3113404,311340,Caratinga,MG,31,2025-09-01
3113503,311350,Carbonita,MG,31,2025-09-01
3113602,311360,Careaçu,MG,31,2025-09-01
3113701,311370,Carlos Chagas,MG,31,2025-09-01
3113800,311380,Carmésia,MG,31,2025-09-01
3113909,311390,Carmo da Cachoeira,MG,31,2025-09-01
3114006,311400,Carmo da Mata,MG,31,2025-09-01
3114105,311410,Carmo de Minas,MG,31,2025-09-01
3114204,311420,Carmo do Cajuru,MG,31,2025-09-01
3114303,311430,Carmo do Paranaíba,MG,31,2025-09-01
3114402,311440,Carmo do Rio Claro,MG,31,2025-09-01
3114501,311450,Carmópolis de Minas,MG,31,2025-09-01
3114550,311455,Carneirinho,MG,31,2025-09-01
3114600,311460,Carrancas,MG,31,2025-09-01
3114709,311470,Carvalhópolis,MG,31,2025-09-01
3114808,311480,Carvalhos,MG,31,2025-09-01
3114907,311490,Casa Grande,MG,31,2025-09-01
3115003,311500,Cascalho Rico,MG,31,2025-09-01
3115102,311510,Cássia,MG,31,2025-09-01
3115300,311530,Cataguases,MG,31,2025-09-01
3115359,311535,Catas Altas,MG,31,2025-09-01
3115409,311540,Catas Altas da Noruega,MG,31,2025-09-01
3115458,311545,Catuji,MG,31,2025-09-01
3115474,311547,Catuti,MG,31,2025-09-01
3115508,311550,Caxambu,MG,31,2025-09-01
3115607,311560,Cedro do Abaeté,MG,31,2025-09-01
3115706,311570,Central de Minas,MG,31,2025-09-01
3115805,311580,Centralina,MG,31,2025-09-01
3115904,311590,Chácara,MG,31,2025-09-01
3116001,311600,Chalé,MG,31,2025-09-01
3116100,311610,Chapada do Norte,MG,31,2025-09-01
3116159,311615,Chapada Gaúcha,MG,31,2025-09-01
3116209,311620,Chiador,MG,31,2025-09-01
3116308,311630,Cipotânea,MG,31,2025-09-01
3116407,311640,Claraval,MG,31,2025-09-01
3116506,311650,Claro dos Poções,MG,31,2025-09-01
3116605,311660,Cláudio,MG,31,2025-09-01
3116704,311670,Coimbra,MG,31,2025-09-01
3116803,311680,Coluna,MG,31,2025-09-01
3116902,311690,Comendador Gomes,MG,31,2025-09-01
3117009,311700,Comercinho,MG,31,2025-09-01
3117108,311710,Conceição da Aparecida,MG,31,2025-09-01
3115201,311520,Conceição da Barra de Minas,MG,31,2025-09-01
3117306,311730,Conceição das Alagoas,MG,31,2025-09-01
3117207,311720,Conceição das Pedras,MG,31,2025-09-01
3117405,311740,Conceição de Ipanema,MG,31,2025-09-01
3117504,311750,Conceição do Mato Dentro,MG,31,2025-09-01
3117603,311760,Conceição do Pará,MG,31,2025-09-01
3117702,311770,Conceição do Rio Verde,MG,31,2025-09-01
3117801,311780,Conceição dos Ouros,MG,31,2025-09-01
3117836,311783,Cônego Marinho,MG,31,2025-09-01
3117876,311787,Confins,MG,31,2025-09-01
3117900,311790,Congonhal,MG,31,2025-09-01
3118007,311800,Congonhas,MG,31,2025-09-01
3118106,311810,Congonhas do Norte,MG,31,2025-09-01
3118205,311820,Conquista,MG,31,2025-09-01
3118304,311830,Conselheiro Lafaiete,MG,31,2025-09-01
3118403,311840,Conselheiro Pena,MG,31,2025-09-01
3118502,311850,Consolação,MG,31,2025-09-01
3118601,311860,Contagem,MG,31,2025-09-01
3118700,311870,Coqueiral,MG,31,2025-09-01
3118809,311880,Coração de Jesus,MG,31,2025-09-01
3118908,311890,Cordisburgo,MG,31,2025-09-01
3119005,311900,Cordislândia,MG,31,2025-09-01
3119104,311910,Corinto,MG,31,2025-09-01
3119203,311920,Coroaci,MG,31,2025-09-01
3119302,311930,Coromandel,MG,31,2025-09-01
3119401,311940,Coronel Fabriciano,MG,31,2025-09-01
3119500,311950,Coronel Murta,MG,31,2025-09-01
3119609,311960,Coronel Pacheco,MG,31,2025-09-01
3119708,311970,Coronel Xavier Chaves,MG,31,2025-09-01
3119807,311980,Córrego Danta,MG,31,2025-09-01
3119906,311990,Córrego do Bom Jesus,MG,31,2025-09-01
3119955,311995,Córrego Fundo,MG,31,2025-09-01
3120003,312000,Córrego Novo,MG,31,2025-09-01
3120102,312010,Couto de Magalhães de Minas,MG,31,2025-09-01
3120151,312015,Crisólita,MG,31,2025-09-01
3120201,312020,Cristais,MG,31,2025-09-01
3120300,312030,Cristália,MG,31,2025-09-01
3120409,312040,Cristiano Otoni,MG,31,2025-09-01
3120508,312050,Cristina,MG,31,2025-09-01
3120607,312060,Crucilândia,MG,31,2025-09-01
3120706,312070,Cruzeiro da Fortaleza,MG,31,2025-09-01
3120805,312080,Cruzília,MG,31,2025-09-01
3120839,312083,Cuparaque,MG,31,2025-09-01
3120870,312087,Curral de Dentro,MG,31,2025-09-01
3120904,312090,Curvelo,MG,31,2025-09-01
3121001,312100,Datas,MG,31,2025-09-01
3121100,312110,Delfim Moreira,MG,31,2025-09-01
3121209,312120,Delfinópolis,MG,31,2025-09-01
3121258,312125,Delta,MG,31,2025-09-01
3121308,312130,Descoberto,MG,31,2025-09-01
3121407,312140,Desterro de Entre Rios,MG,31,2025-09-01
3121506,312150,Desterro do Melo,MG,31,2025-09-01
3121605,312160,Diamantina,MG,31,2025-09-01
3121704,312170,Diogo de Vasconcelos,MG,31,2025-09-01
3121803,312180,Dionísio,MG,31,2025-09-01
3121902,312190,Divinésia,MG,31,2025-09-01
3122009,312200,Divino,MG,31,2025-09-01
3122108,312210,Divino das Laranjeiras,MG,31,2025-09-01
3122207,312220,Divinolândia de Minas,MG,31,2025-09-01
3122306,312230,Divinópolis,MG,31,2025-09-01
3122355,312235,Divisa Alegre,MG,31,2025-09-01
3122405,312240,Divisa Nova,MG,31,2025-09-01
3122454,312245,Divisópolis,MG,31,2025-09-01
3122470,312247,Dom Bosco,MG,31,2025-09-01
3122504,312250,Dom Cavati,MG,31,2025-09-01
3122603,312260,Dom Joaquim,MG,31,2025-09-01
3122702,312270,Dom Silvério,MG,31,2025-09-01
3122801,312280,Dom Viçoso,MG,31,2025-09-01
3122900,312290,Dona Euzébia,MG,31,2025-09-01
3123007,312300,Dores de Campos,MG,31,2025-09-01
3123106,312310,Dores de Guanhães,MG,31,2025-09-01
3123205,312320,Dores do Indaiá,MG,31,2025-09-01
3123304,312330,Dores do Turvo,MG,31,2025-09-01
3123403,312340,Doresópolis,MG,31,2025-09-01
3123502,312350,Douradoquara,MG,31,2025-09-01
3123528,312352,Durandé,MG,31,2025-09-01
3123601,312360,Elói Mendes,MG,31,2025-09-01
3123700,312370,Engenheiro Caldas,MG,31,2025-09-01
3123809,312380,Engenheiro Navarro,MG,31,2025-09-01
3123858,312385,Entre Folhas,MG,31,2025-09-01
3123908,312390,Entre Rios de Minas,MG,31,2025-09-01
3124005,312400,Ervália,MG,31,2025-09-01
3124104,312410,Esmeraldas,MG,31,2025-09-01
3124203,312420,Espera Feliz,MG,31,2025-09-01
3124302,312430,Espinosa,MG,31,2025-09-01
3124401,312440,Espírito Santo do Dourado,MG,31,2025-09-01
3124500,312450,Estiva,MG,31,2025-09-01
3124609,312460,Estrela Dalva,MG,31,2025-09-01
3124708,312470,Estrela do Indaiá,MG,31,2025-09-01
3124807,312480,Estrela do Sul,MG,31,2025-09-01
3124906,312490,Eugenópolis,MG,31,2025-09-01
3125002,312500,Ewbank da Câmara,MG,31,2025-09-01
3125101,312510,Extrema,MG,31,2025-09-01
3125200,312520,Fama,MG,31,2025-09-01
3125309,312530,Faria Lemos,MG,31,2025-09-01
3125408,312540,Felício dos Santos,MG,31,2025-09-01
3125606,312560,Felisburgo,MG,31,2025-09-01
3125705,312570,Felixlândia,MG,31,2025-09-01
3125804,312580,Fernandes Tourinho,MG,31,2025-09-01
3125903,312590,Ferros,MG,31,2025-09-01
3125952,312595,Fervedouro,MG,31,2025-09-01
3126000,312600,Florestal,MG,31,2025-09-01
3126109,312610,Formiga,MG,31,2025-09-01
3126208,312620,Formoso,MG,31,2025-09-01
3126307,312630,Fortaleza de Minas,MG,31,2025-09-01
3126406,312640,Fortuna de Minas,MG,31,2025-09-01
3126505,312650,Francisco Badaró,MG,31,2025-09-01
3126604,312660,Francisco Dumont,MG,31,2025-09-01
3126703,312670,Francisco Sá,MG,31,2025-09-01
3126752,312675,Franciscópolis,MG,31,2025-09-01
3126802,312680,Frei Gaspar,MG,31,2025-09-01
3126901,312690,Frei Inocêncio,MG,31,2025-09-01
3126950,312695,Frei Lagonegro,MG,31,2025-09-01
3127008,312700,Fronteira,MG,31,2025-09-01
3127057,312705,Fronteira dos Vales,MG,31,2025-09-01
3127073,312707,Fruta de Leite,MG,31,2025-09-01
3127107,312710,Frutal,MG,31,2025-09-01
3127206,312720,Funilândia,MG,31,2025-09-01
3127305,312730,Galiléia,MG,31,2025-09-01
3127339,312733,Gameleiras,MG,31,2025-09-01
3127354,312735,Glaucilândia,MG,31,2025-09-01
3127370,312737,Goiabeira,MG,31,2025-09-01
3127388,312738,Goianá,MG,31,2025-09-01
3127404,312740,Gonçalves,MG,31,2025-09-01
3127503,312750,Gonzaga,MG,31,2025-09-01
3127602,312760,Gouveia,MG,31,2025-09-01
3127701,312770,Governador Valadares,MG,31,2025-09-01
3127800,312780,Grão Mogol,MG,31,2025-09-01
3127909,312790,Grupiara,MG,31,2025-09-01
3128006,312800,Guanhães,MG,31,2025-09-01
3128105,312810,Guapé,MG,31,2025-09-01
3128204,312820,Guaraciaba,MG,31,2025-09-01
3128253,312825,Guaraciama,MG,31,2025-09-01
3128303,312830,Guaranésia,MG,31,2025-09-01
3128402,312840,Guarani,MG,31,2025-09-01
3128501,312850,Guarará,MG,31,2025-09-01
3128600,312860,Guarda-Mor,MG,31,2025-09-01
3128709,312870,Guaxupé,MG,31,2025-09-01
3128808,312880,Guidoval,MG,31,2025-09-01
3128907,312890,Guimarânia,MG,31,2025-09-01
3129004,312900,Guiricema,MG,31,2025-09-01
3129103,312910,Gurinhatã,MG,31,2025-09-01
3129202,312920,Heliodora,MG,31,2025-09-01
3129301,312930,Iapu,MG,31,2025-09-01
3129400,312940,Ibertioga,MG,31,2025-09-01
3129509,312950,Ibiá,MG,31,2025-09-01
3129608,312960,Ibiaí,MG,31,2025-09-01
3129657,312965,Ibiracatu,MG,31,2025-09-01
3129707,312970,Ibiraci,MG,31,2025-09-01
3129806,312980,Ibirité,MG,31,2025-09-01
3129905,312990,Ibitiúra de Minas,MG,31,2025-09-01
3130002,313000,Ibituruna,MG,31,2025-09-01
3130051,313005,Icaraí de Minas,MG,31,2025-09-01
3130101,313010,Igarapé,MG,31,2025-09-01
3130200,313020,Igaratinga,MG,31,2025-09-01
3130309,313030,Iguatama,MG,31,2025-09-01
3130408,313040,Ijaci,MG,31,2025-09-01
3130507,313050,Ilicínea,MG,31,2025-09-01
3130556,313055,Imbé de Minas,MG,31,2025-09-01
3130606,313060,Inconfidentes,MG,31,2025-09-01
3130655,313065,Indaiabira,MG,31,2025-09-01
3130705,313070,Indianópolis,MG,31,2025-09-01
3130804,313080,Ingaí,MG,31,2025-09-01
3130903,313090,Inhapim,MG,31,2025-09-01
3131000,313100,Inhaúma,MG,31,2025-09-01
3131109,313110,Inimutaba,MG,31,2025-09-01
3131158,313115,Ipaba,MG,31,2025-09-01
3131208,313120,Ipanema,MG,31,2025-09-01
3131307,313130,Ipatinga,MG,31,2025-09-01
3131406,313140,Ipiaçu,MG,31,2025-09-01
3131505,313150,Ipuiúna,MG,31,2025-09-01
3131604,313160,Iraí de Minas,MG,31,2025-09-01
3131703,313170,Itabira,MG,31,2025-09-01
3131802,313180,Itabirinha,MG,31,2025-09-01
3131901,313190,Itabirito,MG,31,2025-09-01
3132008,313200,Itacambira,MG,31,2025-09-01
3132107,313210,Itacarambi,MG,31,2025-09-01
3132206,313220,Itaguara,MG,31,2025-09-01
3132305,313230,Itaipé,MG,31,2025-09-01
3132404,313240,Itajubá,MG,31,2025-09-01
3132503,313250,Itamarandiba,MG,31,2025-09-01
3132602,313260,Itamarati de Minas,MG,31,2025-09-01
3132701,313270,Itambacuri,MG,31,2025-09-01
3132800,313280,Itambé do Mato Dentro,MG,31,2025-09-01
3132909,313290,Itamogi,MG,31,2025-09-01
3133006,313300,Itamonte,MG,31,2025-09-01
3133105,313310,Itanhandu,MG,31,2025-09-01
3133204,313320,Itanhomi,MG,31,2025-09-01
3133303,313330,Itaobim,MG,31,2025-09-01
3133402,313340,Itapagipe,MG,31,2025-09-01
3133501,313350,Itapecerica,MG,31,2025-09-01
3133600,313360,Itapeva,MG,31,2025-09-01
3133709,313370,Itatiaiuçu,MG,31,2025-09-01
3133758,313375,Itaú de Minas,MG,31,2025-09-01
3133808,313380,Itaúna,MG,31,2025-09-01
3133907,313390,Itaverava,MG,31,2025-09-01
3134004,313400,Itinga,MG,31,2025-09-01
3134103,313410,Itueta,MG,31,2025-09-01
3134202,313420,Ituiutaba,MG,31,2025-09-01
3134301,313430,Itumirim,MG,31,2025-09-01
3134400,313440,Iturama,MG,31,2025-09-01
3134509,313450,Itutinga,MG,31,2025-09-01
3134608,313460,Jaboticatubas,MG,31,2025-09-01
3134707,313470,Jacinto,MG,31,2025-09-01
3134806,313480,Jacuí,MG,31,2025-09-01
3134905,313490,Jacutinga,MG,31,2025-09-01
3135001,313500,Jaguaraçu,MG,31,2025-09-01
3135050,313505,Jaíba,MG,31,2025-09-01
3135076,313507,Jampruca,MG,31,2025-09-01
3135100,313510,Janaúba,MG,31,2025-09-01
3135209,313520,Januária,MG,31,2025-09-01
3135308,313530,Japaraíba,MG,31,2025-09-01
3135357,313535,Japonvar,MG,31,2025-09-01
3135407,313540,Jeceaba,MG,31,2025-09-01
3135456,313545,Jenipapo de Minas,MG,31,2025-09-01
3135506,313550,Jequeri,MG,31,2025-09-01
3135605,313560,Jequitaí,MG,31,2025-09-01
3135704,313570,Jequitibá,MG,31,2025-09-01
3135803,313580,Jequitinhonha,MG,31,2025-09-01
3135902,313590,Jesuânia,MG,31,2025-09-01
3136009,313600,Joaíma,MG,31,2025-09-01
3136108,313610,Joanésia,MG,31,2025-09-01
3136207,313620,João Monlevade,MG,31,2025-09-01
3136306,313630,João Pinheiro,MG,31,2025-09-01
3136405,313640,Joaquim Felício,MG,31,2025-09-01
3136504,313650,Jordânia,MG,31,2025-09-01
3136520,313652,José Gonçalves de Minas,MG,31,2025-09-01
3136553,313655,José Raydan,MG,31,2025-09-01
3136579,313657,Josenópolis,MG,31,2025-09-01
3136652,313665,Juatuba,MG,31,2025-09-01
3136702,313670,Juiz de Fora,MG,31,2025-09-01
3136801,313680,Juramento,MG,31,2025-09-01
3136900,313690,Juruaia,MG,31,2025-09-01
3136959,313695,Juvenília,MG,31,2025-09-01
3137007,313700,Ladainha,MG,31,2025-09-01
3137106,313710,Lagamar,MG,31,2025-09-01
3137205,313720,Lagoa da Prata,MG,31,2025-09-01
3137304,313730,Lagoa dos Patos,MG,31,2025-09-01
3137403,313740,Lagoa Dourada,MG,31,2025-09-01
3137502,313750,Lagoa Formosa,MG,31,2025-09-01
3137536,313753,Lagoa Grande,MG,31,2025-09-01
3137601,313760,Lagoa Santa,MG,31,2025-09-01
3137700,313770,Lajinha,MG,31,2025-09-01
3137809,313780,Lambari,MG,31,2025-09-01
3137908,313790,Lamim,MG,31,2025-09-01
3138005,313800,Laranjal,MG,31,2025-09-01
3138104,313810,Lassance,MG,31,2025-09-01
3138203,313820,Lavras,MG,31,2025-09-01
3138302,313830,Leandro Ferreira,MG,31,2025-09-01
3138351,313835,Leme do Prado,MG,31,2025-09-01
3138401,313840,Leopoldina,MG,31,2025-09-01
3138500,313850,Liberdade,MG,31,2025-09-01
3138609,313860,Lima Duarte,MG,31,2025-09-01
3138625,313862,Limeira do Oeste,MG,31,2025-09-01
3138658,313865,Lontra,MG,31,2025-09-01
3138674,313867,Luisburgo,MG,31,2025-09-01
3138682,313868,Luislândia,MG,31,2025-09-01
3138708,313870,Luminárias,MG,31,2025-09-01
3138807,313880,Luz,MG,31,2025-09-01
3138906,313890,Machacalis,MG,31,2025-09-01
3139003,313900,Machado,MG,31,2025-09-01
3139102,313910,Madre de Deus de Minas,MG,31,2025-09-01
3139201,313920,Malacacheta,MG,31,2025-09-01
3139250,313925,Mamonas,MG,31,2025-09-01
3139300,313930,Manga,MG,31,2025-09-01
3139409,313940,Manhuaçu,MG,31,2025-09-01
3139508,313950,Manhumirim,MG,31,2025-09-01
3139607,313960,Mantena,MG,31,2025-09-01
3139805,313980,Mar de Espanha,MG,31,2025-09-01
3139706,313970,Maravilhas,MG,31,2025-09-01
3139904,313990,Maria da Fé,MG,31,2025-09-01
3140001,314000,Mariana,MG,31,2025-09-01
3140100,314010,Marilac,MG,31,2025-09-01
3140159,314015,Mário Campos,MG,31,2025-09-01
3140209,314020,Maripá de Minas,MG,31,2025-09-01
3140308,314030,Marliéria,MG,31,2025-09-01
3140407,314040,Marmelópolis,MG,31,2025-09-01
3140506,314050,Martinho Campos,MG,31,2025-09-01
3140530,314053,Martins Soares,MG,31,2025-09-01
3140555,314055,Mata Verde,MG,31,2025-09-01
3140605,314060,Materlândia,MG,31,2025-09-01
3140704,314070,Mateus Leme,MG,31,2025-09-01
3171501,317150,Mathias Lobato,MG,31,2025-09-01
3140803,314080,Matias Barbosa,MG,31,2025-09-01
3140852,314085,Matias Cardoso,MG,31,2025-09-01
3140902,314090,Matipó,MG,31,2025-09-01
3141009,314100,Mato Verde,MG,31,2025-09-01
3141108,314110,Matozinhos,MG,31,2025-09-01
3141207,314120,Matutina,MG,31,2025-09-01
3141306,314130,Medeiros,MG,31,2025-09-01
3141405,314140,Medina,MG,31,2025-09-01
3141504,314150,Mendes Pimentel,MG,31,2025-09-01
3141603,314160,Mercês,MG,31,2025-09-01
3141702,314170,Mesquita,MG,31,2025-09-01
3141801,314180,Minas Novas,MG,31,2025-09-01
3141900,314190,Minduri,MG,31,2025-09-01
3142007,314200,Mirabela,MG,31,2025-09-01
3142106,314210,Miradouro,MG,31,2025-09-01
3142205,314220,Miraí,MG,31,2025-09-01
3142254,314225,Miravânia,MG,31,2025-09-01
3142304,314230,Moeda,MG,31,2025-09-01
3142403,314240,Moema,MG,31,2025-09-01
3142502,314250,Monjolos,MG,31,2025-09-01
3142601,314260,Monsenhor Paulo,MG,31,2025-09-01
3142700,314270,Montalvânia,MG,31,2025-09-01
3142809,314280,Monte Alegre de Minas,MG,31,2025-09-01
3142908,314290,Monte Azul,MG,31,2025-09-01
3143005,314300,Monte Belo,MG,31,2025-09-01
3143104,314310,Monte Carmelo,MG,31,2025-09-01
3143153,314315,Monte Formoso,MG,31,2025-09-01
3143203,314320,Monte Santo de Minas,MG,31,2025-09-01
3143401,314340,Monte Sião,MG,31,2025-09-01
3143302,314330,Montes Claros,MG,31,2025-09-01
3143450,314345,Montezuma,MG,31,2025-09-01
3143500,314350,Morada Nova de Minas,MG,31,2025-09-01
3143609,314360,Morro da Garça,MG,31,2025-09-01
3143708,314370,Morro do Pilar,MG,31,2025-09-01
3143807,314380,Munhoz,MG,31,2025-09-01
3143906,314390,Muriaé,MG,31,2025-09-01
3144003,314400,Mutum,MG,31,2025-09-01
3144102,314410,Muzambinho,MG,31,2025-09-01
3144201,314420,Nacip Raydan,MG,31,2025-09-01
3144300,314430,Nanuque,MG,31,2025-09-01
3144359,314435,Naque,MG,31,2025-09-01
3144375,314437,Natalândia,MG,31,2025-09-01
3144409,314440,Natércia,MG,31,2025-09-01
3144508,314450,Nazareno,MG,31,2025-09-01
3144607,314460,Nepomuceno,MG,31,2025-09-01
3144656,314465,Ninheira,MG,31,2025-09-01
3144672,314467,Nova Belém,MG,31,2025-09-01
3144706,314470,Nova Era,MG,31,2025-09-01
3144805,314480,Nova Lima,MG,31,2025-09-01
3144904,314490,Nova Módica,MG,31,2025-09-01
3145000,314500,Nova Ponte,MG,31,2025-09-01
3145059,314505,Nova Porteirinha,MG,31,2025-09-01
3145109,314510,Nova Resende,MG,31,2025-09-01
3145208,314520,Nova Serrana,MG,31,2025-09-01
3136603,313660,Nova União,MG,31,2025-09-01
3145307,314530,Novo Cruzeiro,MG,31,2025-09-01
3145356,314535,Novo Oriente de Minas,MG,31,2025-09-01
3145372,314537,Novorizonte,MG,31,2025-09-01
3145406,314540,Olaria,MG,31,2025-09-01
3145455,314545,Olhos-d'Água,MG,31,2025-09-01
3145505,314550,Olímpio Noronha,MG,31,2025-09-01
3145604,314560,Oliveira,MG,31,2025-09-01
3145703,314570,Oliveira Fortes,MG,31,2025-09-01
3145802,314580,Onça de Pitangui,MG,31,2025-09-01
3145851,314585,Oratórios,MG,31,2025-09-01
3145877,314587,Orizânia,MG,31,2025-09-01
3145901,314590,Ouro Branco,MG,31,2025-09-01
3146008,314600,Ouro Fino,MG,31,2025-09-01
3146107,314610,Ouro Preto,MG,31,2025-09-01
3146206,314620,Ouro Verde de Minas,MG,31,2025-09-01
3146255,314625,Padre Carvalho,MG,31,2025-09-01
3146305,314630,Padre Paraíso,MG,31,2025-09-01
3146552,314655,Pai Pedro,MG,31,2025-09-01
3146404,314640,Paineiras,MG,31,2025-09-01
3146503,314650,Pains,MG,31,2025-09-01
3146602,314660,Paiva,MG,31,2025-09-01
3146701,314670,Palma,MG,31,2025-09-01
3146750,314675,Palmópolis,MG,31,2025-09-01
3146909,314690,Papagaios,MG,31,2025-09-01
3147105,314710,Pará de Minas,MG,31,2025-09-01
3147006,314700,Paracatu,MG,31,2025-09-01
3147204,314720,Paraguaçu,MG,31,2025-09-01
3147303,314730,Paraisópolis,MG,31,2025-09-01
3147402,314740,Paraopeba,MG,31,2025-09-01
3147600,314760,Passa Quatro,MG,31,2025-09-01
3147709,314770,Passa Tempo,MG,31,2025-09-01
3147808,314780,Passa Vinte,MG,31,2025-09-01
3147501,314750,Passabém,MG,31,2025-09-01
3147907,314790,Passos,MG,31,2025-09-01
3147956,314795,Patis,MG,31,2025-09-01
3148004,314800,Patos de Minas,MG,31,2025-09-01
3148103,314810,Patrocínio,MG,31,2025-09-01
3148202,314820,Patrocínio do Muriaé,MG,31,2025-09-01
3148301,314830,Paula Cândido,MG,31,2025-09-01
3148400,314840,Paulistas,MG,31,2025-09-01
3148509,314850,Pavão,MG,31,2025-09-01
3148608,314860,Peçanha,MG,31,2025-09-01
3148707,314870,Pedra Azul,MG,31,2025-09-01
3148756,314875,Pedra Bonita,MG,31,2025-09-01
3148806,314880,Pedra do Anta,MG,31,2025-09-01
3148905,314890,Pedra do Indaiá,MG,31,2025-09-01
3149002,314900,Pedra Dourada,MG,31,2025-09-01
3149101,314910,Pedralva,MG,31,2025-09-01
3149150,314915,Pedras de Maria da Cruz,MG,31,2025-09-01
3149200,314920,Pedrinópolis,MG,31,2025-09-01
3149309,314930,Pedro Leopoldo,MG,31,2025-09-01
3149408,314940,Pedro Teixeira,MG,31,2025-09-01
3149507,314950,Pequeri,MG,31,2025-09-01
3149606,314960,Pequi,MG,31,2025-09-01
3149705,314970,Perdigão,MG,31,2025-09-01
3149804,314980,Perdizes,MG,31,2025-09-01
3149903,314990,Perdões,MG,31,2025-09-01
3149952,314995,Periquito,MG,31,2025-09-01
3150000,315000,Pescador,MG,31,2025-09-01
3150109,315010,Piau,MG,31,2025-09-01
3150158,315015,Piedade de Caratinga,MG,31,2025-09-01
3150208,315020,Piedade de Ponte Nova,MG,31,2025-09-01
3150307,315030,Piedade do Rio Grande,MG,31,2025-09-01
3150406,315040,Piedade dos Gerais,MG,31,2025-09-01
3150505,315050,Pimenta,MG,31,2025-09-01
3150539,315053,Pingo-d'Água,MG,31,2025-09-01
3150570,315057,Pintópolis,MG,31,2025-09-01
3150604,315060,Piracema,MG,31,2025-09-01
3150703,315070,Pirajuba,MG,31,2025-09-01
3150802,315080,Piranga,MG,31,2025-09-01
3150901,315090,Piranguçu,MG,31,2025-09-01
3151008,315100,Piranguinho,MG,31,2025-09-01
3151107,315110,Pirapetinga,MG,31,2025-09-01
3151206,315120,Pirapora,MG,31,2025-09-01
3151305,315130,Piraúba,MG,31,2025-09-01
3151404,315140,Pitangui,MG,31,2025-09-01
3151503,315150,Piumhi,MG,31,2025-09-01
3151602,315160,Planura,MG,31,2025-09-01
3151701,315170,Poço Fundo,MG,31,2025-09-01
3151800,315180,Poços de Caldas,MG,31,2025-09-01
3151909,315190,Pocrane,MG,31,2025-09-01
3152006,315200,Pompéu,MG,31,2025-09-01
3152105,315210,Ponte Nova,MG,31,2025-09-01
3152131,315213,Ponto Chique,MG,31,2025-09-01
3152170,315217,Ponto dos Volantes,MG,31,2025-09-01
3152204,315220,Porteirinha,MG,31,2025-09-01
3152303,315230,Porto Firme,MG,31,2025-09-01
3152402,315240,Poté,MG,31,2025-09-01
3152501,315250,Pouso Alegre,MG,31,2025-09-01
3152600,315260,Pouso Alto,MG,31,2025-09-01
3152709,315270,Prados,MG,31,2025-09-01
3152808,315280,Prata,MG,31,2025-09-01
3152907,315290,Pratápolis,MG,31,2025-09-01
3153004,315300,Pratinha,MG,31,2025-09-01
3153103,315310,Presidente Bernardes,MG,31,2025-09-01
3153202,315320,Presidente Juscelino,MG,31,2025-09-01
3153301,315330,Presidente Kubitschek,MG,31,2025-09-01
3153400,315340,Presidente Olegário,MG,31,2025-09-01
3153608,315360,Prudente de Morais,MG,31,2025-09-01
3153707,315370,Quartel Geral,MG,31,2025-09-01
3153806,315380,Queluzito,MG,31,2025-09-01
3153905,315390,Raposos,MG,31,2025-09-01
3154002,315400,Raul Soares,MG,31,2025-09-01
3154101,315410,Recreio,MG,31,2025-09-01
3154150,315415,Reduto,MG,31,2025-09-01
3154200,315420,Resende Costa,MG,31,2025-09-01
3154309,315430,Resplendor,MG,31,2025-09-01
3154408,315440,Ressaquinha,MG,31,2025-09-01
3154457,315445,Riachinho,MG,31,2025-09-01
3154507,315450,Riacho dos Machados,MG,31,2025-09-01
3154606,315460,Ribeirão das Neves,MG,31,2025-09-01
3154705,315470,Ribeirão Vermelho,MG,31,2025-09-01
3154804,315480,Rio Acima,MG,31,2025-09-01
3154903,315490,Rio Casca,MG,31,2025-09-01
3155108,315510,Rio do Prado,MG,31,2025-09-01
3155009,315500,Rio Doce,MG,31,2025-09-01
3155207,315520,Rio Espera,MG,31,2025-09-01
3155306,315530,Rio Manso,MG,31,2025-09-01
3155405,315540,Rio Novo,MG,31,2025-09-01
3155504,315550,Rio Paranaíba,MG,31,2025-09-01
3155603,315560,Rio Pardo de Minas,MG,31,2025-09-01
3155702,315570,Rio Piracicaba,MG,31,2025-09-01
3155801,315580,Rio Pomba,MG,31,2025-09-01
3155900,315590,Rio Preto,MG,31,2025-09-01
3156007,315600,Rio Vermelho,MG,31,2025-09-01
3156106,315610,Ritápolis,MG,31,2025-09-01
3156205,315620,Rochedo de Minas,MG,31,2025-09-01
3156304,315630,Rodeiro,MG,31,2025-09-01
3156403,315640,Romaria,MG,31,2025-09-01
3156452,315645,Rosário da Limeira,MG,31,2025-09-01
3156502,315650,Rubelita,MG,31,2025-09-01
3156601,315660,Rubim,MG,31,2025-09-01
3156700,315670,Sabará,MG,31,2025-09-01
3156809,315680,Sabinópolis,MG,31,2025-09-01
3156908,315690,Sacramento,MG,31,2025-09-01
3157005,315700,Salinas,MG,31,2025-09-01
3157104,315710,Salto da Divisa,MG,31,2025-09-01
3157203,315720,Santa Bárbara,MG,31,2025-09-01
3157252,315725,Santa Bárbara do Leste,MG,31,2025-09-01
3157278,315727,Santa Bárbara do Monte Verde,MG,31,2025-09-01
3157302,315730,Santa Bárbara do Tugúrio,MG,31,2025-09-01
3157336,315733,Santa Cruz de Minas,MG,31,2025-09-01
3157377,315737,Santa Cruz de Salinas,MG,31,2025-09-01
3157401,315740,Santa Cruz do Escalvado,MG,31,2025-09-01
3157500,315750,Santa Efigênia de Minas,MG,31,2025-09-01
3157609,315760,Santa Fé de Minas,MG,31,2025-09-01
3157658,315765,Santa Helena de Minas,MG,31,2025-09-01
3157708,315770,Santa Juliana,MG,31,2025-09-01
3157807,315780,Santa Luzia,MG,31,2025-09-01
3157906,315790,Santa Margarida,MG,31,2025-09-01
3158003,315800,Santa Maria de Itabira,MG,31,2025-09-01
3158102,315810,Santa Maria do Salto,MG,31,2025-09-01
3158201,315820,Santa Maria do Suaçuí,MG,31,2025-09-01
3159209,315920,Santa Rita de Caldas,MG,31,2025-09-01
3159407,315940,Santa Rita de Ibitipoca,MG,31,2025-09-01
3159308,315930,Santa Rita de Jacutinga,MG,31,2025-09-01
3159357,315935,Santa Rita de Minas,MG,31,2025-09-01
3159506,315950,Santa Rita do Itueto,MG,31,2025-09-01
3159605,315960,Santa Rita do Sapucaí,MG,31,2025-09-01
3159704,315970,Santa Rosa da Serra,MG,31,2025-09-01
3159803,315980,Santa Vitória,MG,31,2025-09-01
3158300,315830,Santana da Vargem,MG,31,2025-09-01
3158409,315840,Santana de Cataguases,MG,31,2025-09-01
3158508,315850,Santana de Pirapama,MG,31,2025-09-01
3158607,315860,Santana do Deserto,MG,31,2025-09-01
3158706,315870,Santana do Garambéu,MG,31,2025-09-01
3158805,315880,Santana do Jacaré,MG,31,2025-09-01
3158904,315890,Santana do Manhuaçu,MG,31,2025-09-01
3158953,315895,Santana do Paraíso,MG,31,2025-09-01
3159001,315900,Santana do Riacho,MG,31,2025-09-01
3159100,315910,Santana dos Montes,MG,31,2025-09-01
3159902,315990,Santo Antônio do Amparo,MG,31,2025-09-01
3160009,316000,Santo Antônio do Aventureiro,MG,31,2025-09-01
3160108,316010,Santo Antônio do Grama,MG,31,2025-09-01
3160207,316020,Santo Antônio do Itambé,MG,31,2025-09-01
3160306,316030,Santo Antônio do Jacinto,MG,31,2025-09-01
3160405,316040,Santo Antônio do Monte,MG,31,2025-09-01
3160454,316045,Santo Antônio do Retiro,MG,31,2025-09-01
3160504,316050,Santo Antônio do Rio Abaixo,MG,31,2025-09-01
3160603,316060,Santo Hipólito,MG,31,2025-09-01
3160702,316070,Santos Dumont,MG,31,2025-09-01
3160801,316080,São Bento Abade,MG,31,2025-09-01
3160900,316090,São Brás do Suaçuí,MG,31,2025-09-01
3160959,316095,São Domingos das Dores,MG,31,2025-09-01
3161007,316100,São Domingos do Prata,MG,31,2025-09-01
3161056,316105,São Félix de Minas,MG,31,2025-09-01
3161106,316110,São Francisco,MG,31,2025-09-01
3161205,316120,São Francisco de Paula,MG,31,2025-09-01
3161304,316130,São Francisco de Sales,MG,31,2025-09-01
3161403,316140,São Francisco do Glória,MG,31,2025-09-01
3161502,316150,São Geraldo,MG,31,2025-09-01
3161601,316160,São Geraldo da Piedade,MG,31,2025-09-01
3161650,316165,São Geraldo do Baixio,MG,31,2025-09-01
3161700,316170,São Gonçalo do Abaeté,MG,31,2025-09-01
3161809,316180,São Gonçalo do Pará,MG,31,2025-09-01
3161908,316190,São Gonçalo do Rio Abaixo,MG,31,2025-09-01
3125507,312550,São Gonçalo do Rio Preto,MG,31,2025-09-01
3162005,316200,São Gonçalo do Sapucaí,MG,31,2025-09-01
3162104,316210,São Gotardo,MG,31,2025-09-01
3162203,316220,São João Batista do Glória,MG,31,2025-09-01
3162252,316225,São João da Lagoa,MG,31,2025-09-01
3162302,316230,São João da Mata,MG,31,2025-09-01
3162401,316240,São João da Ponte,MG,31,2025-09-01
3162450,316245,São João das Missões,MG,31,2025-09-01
3162500,316250,São João del Rei,MG,31,2025-09-01
3162559,316255,São João do Manhuaçu,MG,31,2025-09-01
3162575,316257,São João do Manteninha,MG,31,2025-09-01
3162609,316260,São João do Oriente,MG,31,2025-09-01
3162658,316265,São João do Pacuí,MG,31,2025-09-01
3162708,316270,São João do Paraíso,MG,31,2025-09-01
3162807,316280,São João Evangelista,MG,31,2025-09-01
3162906,316290,São João Nepomuceno,MG,31,2025-09-01
3162922,316292,São Joaquim de Bicas,MG,31,2025-09-01
3162948,316294,São José da Barra,MG,31,2025-09-01
3162955,316295,São José da Lapa,MG,31,2025-09-01
3163003,316300,São José da Safira,MG,31,2025-09-01
3163102,316310,São José da Varginha,MG,31,2025-09-01
3163201,316320,São José do Alegre,MG,31,2025-09-01
3163300,316330,São José do Divino,MG,31,2025-09-01
3163409,316340,São José do Goiabal,MG,31,2025-09-01
3163508,316350,São José do Jacuri,MG,31,2025-09-01
3163607,316360,São José do Mantimento,MG,31,2025-09-01
3163706,316370,São Lourenço,MG,31,2025-09-01
3163805,316380,São Miguel do Anta,MG,31,2025-09-01
3163904,316390,São Pedro da União,MG,31,2025-09-01
3164100,316410,São Pedro do Suaçuí,MG,31,2025-09-01
3164001,316400,São Pedro dos Ferros,MG,31,2025-09-01
3164209,316420,São Romão,MG,31,2025-09-01
3164308,316430,São Roque de Minas,MG,31,2025-09-01
3164407,316440,São Sebastião da Bela Vista,MG,31,2025-09-01
3164431,316443,São Sebastião da Vargem Alegre,MG,31,2025-09-01
3164472,316447,São Sebastião do Anta,MG,31,2025-09-01
3164506,316450,São Sebastião do Maranhão,MG,31,2025-09-01
3164605,316460,São Sebastião do Oeste,MG,31,2025-09-01
3164704,316470,São Sebastião do Paraíso,MG,31,2025-09-01
3164803,316480,São Sebastião do Rio Preto,MG,31,2025-09-01
3164902,316490,São Sebastião do Rio Verde,MG,31,2025-09-01
3165206,316520,São Tomé das Letras,MG,31,2025-09-01
3165008,316500,São Tiago,MG,31,2025-09-01
3165107,316510,São Tomás de Aquino,MG,31,2025-09-01
3165305,316530,São Vicente de Minas,MG,31,2025-09-01
3165404,316540,Sapucaí-Mirim,MG,31,2025-09-01
3165503,316550,Sardoá,MG,31,2025-09-01
3165537,316553,Sarzedo,MG,31,2025-09-01
3165560,316556,Sem-Peixe,MG,31,2025-09-01
3165578,316557,Senador Amaral,MG,31,2025-09-01
3165602,316560,Senador Cortes,MG,31,2025-09-01
3165701,316570,Senador Firmino,MG,31,2025-09-01
3165800,316580,Senador José Bento,MG,31,2025-09-01
3165909,316590,Senador Modestino Gonçalves,MG,31,2025-09-01
3166006,316600,Senhora de Oliveira,MG,31,2025-09-01
3166105,316610,Senhora do Porto,MG,31,2025-09-01
3166204,316620,Senhora dos Remédios,MG,31,2025-09-01
3166303,316630,Sericita,MG,31,2025-09-01
3166402,316640,Seritinga,MG,31,2025-09-01
3166501,316650,Serra Azul de Minas,MG,31,2025-09-01
3166600,316660,Serra da Saudade,MG,31,2025-09-01
3166808,316680,Serra do Salitre,MG,31,2025-09-01
3166709,316670,Serra dos Aimorés,MG,31,2025-09-01
3166907,316690,Serrania,MG,31,2025-09-01
3166956,316695,Serranópolis de Minas,MG,31,2025-09-01
3167004,316700,Serranos,MG,31,2025-09-01
3167103,316710,Serro,MG,31,2025-09-01
3167202,316720,Sete Lagoas,MG,31,2025-09-01
3165552,316555,Setubinha,MG,31,2025-09-01
3167301,316730,Silveirânia,MG,31,2025-09-01
3167400,316740,Silvianópolis,MG,31,2025-09-01
3167509,316750,Simão Pereira,MG,31,2025-09-01
3167608,316760,Simonésia,MG,31,2025-09-01
3167707,316770,Sobrália,MG,31,2025-09-01
3167806,316780,Soledade de Minas,MG,31,2025-09-01
3167905,316790,Tabuleiro,MG,31,2025-09-01
3168002,316800,Taiobeiras,MG,31,2025-09-01
3168051,316805,Taparuba,MG,31,2025-09-01
3168101,316810,Tapira,MG,31,2025-09-01
3168200,316820,Tapiraí,MG,31,2025-09-01
3168309,316830,Taquaraçu de Minas,MG,31,2025-09-01
3168408,316840,Tarumirim,MG,31,2025-09-01
3168507,316850,Teixeiras,MG,31,2025-09-01
3168606,316860,Teófilo Otoni,MG,31,2025-09-01
3168705,316870,Timóteo,MG,31,2025-09-01
3168804,316880,Tiradentes,MG,31,2025-09-01
3168903,316890,Tiros,MG,31,2025-09-01
3169000,316900,Tocantins,MG,31,2025-09-01
3169059,316905,Tocos do Moji,MG,31,2025-09-01
3169109,316910,Toledo,MG,31,2025-09-01
3169208,316920,Tombos,MG,31,2025-09-01
3169307,316930,Três Corações,MG,31,2025-09-01
3169356,316935,Três Marias,MG,31,2025-09-01
3169406,316940,Três Pontas,MG,31,2025-09-01
3169505,316950,Tumiritinga,MG,31,2025-09-01
3169604,316960,Tupaciguara,MG,31,2025-09-01
3169703,316970,Turmalina,MG,31,2025-09-01
3169802,316980,Turvolândia,MG,31,2025-09-01
3169901,316990,Ubá,MG,31,2025-09-01
3170008,317000,Ubaí,MG,31,2025-09-01
3170057,317005,Ubaporanga,MG,31,2025-09-01
3170107,317010,Uberaba,MG,31,2025-09-01
3170206,317020,Uberlândia,MG,31,2025-09-01
3170305,317030,Umburatiba,MG,31,2025-09-01
3170404,317040,Unaí,MG,31,2025-09-01
3170438,317043,União de Minas,MG,31,2025-09-01
3170479,317047,Uruana de Minas,MG,31,2025-09-01
3170503,317050,Urucânia,MG,31,2025-09-01
3170529,317052,Urucuia,MG,31,2025-09-01
3170578,317057,Vargem Alegre,MG,31,2025-09-01
3170602,317060,Vargem Bonita,MG,31,2025-09-01
3170651,317065,Vargem Grande do Rio Pardo,MG,31,2025-09-01
3170701,317070,Varginha,MG,31,2025-09-01
3170750,317075,Varjão de Minas,MG,31,2025-09-01
3170800,317080,Várzea da Palma,MG,31,2025-09-01
3170909,317090,Varzelândia,MG,31,2025-09-01
3171006,317100,Vazante,MG,31,2025-09-01
3171030,317103,Verdelândia,MG,31,2025-09-01
3171071,317107,Veredinha,MG,31,2025-09-01
3171105,317110,Veríssimo,MG,31,2025-09-01
3171154,317115,Vermelho Novo,MG,31,2025-09-01
3171204,317120,Vespasiano,MG,31,2025-09-01
3171303,317130,Viçosa,MG,31,2025-09-01
3171402,317140,Vieiras,MG,31,2025-09-01
3171600,317160,Virgem da Lapa,MG,31,2025-09-01
3171709,317170,Virgínia,MG,31,2025-09-01
3171808,317180,Virginópolis,MG,31,2025-09-01
3171907,317190,Virgolândia,MG,31,2025-09-01
3172004,317200,Visconde do Rio Branco,MG,31,2025-09-01
3172103,317210,Volta Grande,MG,31,2025-09-01
3172202,317220,Wenceslau Braz,MG,31,2025-09-01
5000203,500020,Água Clara,MS,50,2025-09-01
5000252,500025,Alcinópolis,MS,50,2025-09-01
5000609,500060,Amambai,MS,50,2025-09-01
5000708,500070,Anastácio,MS,50,2025-09-01
5000807,500080,Anaurilândia,MS,50,2025-09-01
5000856,500085,Angélica,MS,50,2025-09-01
5000906,500090,Antônio João,MS,50,2025-09-01
5001003,500100,Aparecida do Taboado,MS,50,2025-09-01
5001102,500110,Aquidauana,MS,50,2025-09-01
5001243,500124,Aral Moreira,MS,50,2025-09-01
5001508,500150,Bandeirantes,MS,50,2025-09-01
5001904,500190,Bataguassu,MS,50,2025-09-01
5002001,500200,Batayporã,MS,50,2025-09-01
5002100,500210,Bela Vista,MS,50,2025-09-01
5002159,500215,Bodoquena,MS,50,2025-09-01
5002209,500220,Bonito,MS,50,2025-09-01
5002308,500230,Brasilândia,MS,50,2025-09-01
5002407,500240,Caarapó,MS,50,2025-09-01
5002605,500260,Camapuã,MS,50,2025-09-01
5002704,500270,Campo Grande,MS,50,2025-09-01
5002803,500280,Caracol,MS,50,2025-09-01
5002902,500290,Cassilândia,MS,50,2025-09-01
5002951,500295,Chapadão do Sul,MS,50,2025-09-01
5003108,500310,Corguinho,MS,50,2025-09-01
5003157,500315,Coronel Sapucaia,MS,50,2025-09-01
5003207,500320,Corumbá,MS,50,2025-09-01
5003256,500325,Costa Rica,MS,50,2025-09-01
5003306,500330,Coxim,MS,50,2025-09-01
5003454,500345,Deodápolis,MS,50,2025-09-01
5003488,500348,Dois Irmãos do Buriti,MS,50,2025-09-01
5003504,500350,Douradina,MS,50,2025-09-01
5003702,500370,Dourados,MS,50,2025-09-01
5003751,500375,Eldorado,MS,50,2025-09-01
5003801,500380,Fátima do Sul,MS,50,2025-09-01
5003900,500390,Figueirão,MS,50,2025-09-01
5004007,500400,Glória de Dourados,MS,50,2025-09-01
5004106,500410,Guia Lopes da Laguna,MS,50,2025-09-01
5004304,500430,Iguatemi,MS,50,2025-09-01
5004403,500440,Inocência,MS,50,2025-09-01
5004502,500450,Itaporã,MS,50,2025-09-01
5004601,500460,Itaquiraí,MS,50,2025-09-01
5004700,500470,Ivinhema,MS,50,2025-09-01
5004809,500480,Japorã,MS,50,2025-09-01
5004908,500490,Jaraguari,MS,50,2025-09-01
5005004,500500,Jardim,MS,50,2025-09-01
5005103,500510,Jateí,MS,50,2025-09-01
5005152,500515,Juti,MS,50,2025-09-01
5005202,500520,Ladário,MS,50,2025-09-01
5005251,500525,Laguna Carapã,MS,50,2025-09-01
5005400,500540,Maracaju,MS,50,2025-09-01
5005608,500560,Miranda,MS,50,2025-09-01
5005681,500568,Mundo Novo,MS,50,2025-09-01
5005707,500570,Naviraí,MS,50,2025-09-01
5005806,500580,Nioaque,MS,50,2025-09-01
5006002,500600,Nova Alvorada do Sul,MS,50,2025-09-01
5006200,500620,Nova Andradina,MS,50,2025-09-01
5006259,500625,Novo Horizonte do Sul,MS,50,2025-09-01
5006275,500627,Paraíso das Águas,MS,50,2025-09-01
5006309,500630,Paranaíba,MS,50,2025-09-01
5006358,500635,Paranhos,MS,50,2025-09-01
5006408,500640,Pedro Gomes,MS,50,2025-09-01
5006606,500660,Ponta Porã,MS,50,2025-09-01
5006903,500690,Porto Murtinho,MS,50,2025-09-01
5007109,500710,Ribas do Rio Pardo,MS,50,2025-09-01
5007208,500720,Rio Brilhante,MS,50,2025-09-01
5007307,500730,Rio Negro,MS,50,2025-09-01
5007406,500740,Rio Verde de Mato Grosso,MS,50,2025-09-01
5007505,500750,Rochedo,MS,50,2025-09-01
5007554,500755,Santa Rita do Pardo,MS,50,2025-09-01
5007695,500769,São Gabriel do Oeste,MS,50,2025-09-01
5007802,500780,Selvíria,MS,50,2025-09-01
5007703,500770,Sete Quedas,MS,50,2025-09-01
5007901,500790,Sidrolândia,MS,50,2025-09-01
5007935,500793,Sonora,MS,50,2025-09-01
5007950,500795,Tacuru,MS,50,2025-09-01
5007976,500797,Taquarussu,MS,50,2025-09-01
5008008,500800,Terenos,MS,50,2025-09-01
5008305,500830,Três Lagoas,MS,50,2025-09-01
5008404,500840,Vicentina,MS,50,2025-09-01
5100102,510010,Acorizal,MT,51,2025-09-01
5100201,510020,Água Boa,MT,51,2025-09-01
5100250,510025,Alta Floresta,MT,51,2025-09-01
5100300,510030,Alto Araguaia,MT,51,2025-09-01
5100359,510035,Alto Boa Vista,MT,51,2025-09-01
5100409,510040,Alto Garças,MT,51,2025-09-01
5100508,510050,Alto Paraguai,MT,51,2025-09-01
5100607,510060,Alto Taquari,MT,51,2025-09-01
5100805,510080,Apiacás,MT,51,2025-09-01
5101001,510100,Araguaiana,MT,51,2025-09-01
5101209,510120,Araguainha,MT,51,2025-09-01
5101258,510125,Araputanga,MT,51,2025-09-01
5101308,510130,Arenápolis,MT,51,2025-09-01
5101407,510140,Aripuanã,MT,51,2025-09-01
5101605,510160,Barão de Melgaço,MT,51,2025-09-01
5101704,510170,Barra do Bugres,MT,51,2025-09-01
5101803,510180,Barra do Garças,MT,51,2025-09-01
5101852,510185,Bom Jesus do Araguaia,MT,51,2025-09-01
5101902,510190,Brasnorte,MT,51,2025-09-01
5102504,510250,Cáceres,MT,51,2025-09-01
5102603,510260,Campinápolis,MT,51,2025-09-01
5102637,510263,Campo Novo do Parecis,MT,51,2025-09-01
5102678,510267,Campo Verde,MT,51,2025-09-01
5102686,510268,Campos de Júlio,MT,51,2025-09-01
5102694,510269,Canabrava do Norte,MT,51,2025-09-01
5102702,510270,Canarana,MT,51,2025-09-01
5102793,510279,Carlinda,MT,51,2025-09-01
5102850,510285,Castanheira,MT,51,2025-09-01
5103007,510300,Chapada dos Guimarães,MT,51,2025-09-01
5103056,510305,Cláudia,MT,51,2025-09-01
5103106,510310,Cocalinho,MT,51,2025-09-01
5103205,510320,Colíder,MT,51,2025-09-01
5103254,510325,Colniza,MT,51,2025-09-01
5103304,510330,Comodoro,MT,51,2025-09-01
5103353,510335,Confresa,MT,51,2025-09-01
5103361,510336,Conquista D'Oeste,MT,51,2025-09-01
5103379,510337,Cotriguaçu,MT,51,2025-09-01
5103403,510340,Cuiabá,MT,51,2025-09-01
5103437,510343,Curvelândia,MT,51,2025-09-01
5103452,510345,Denise,MT,51,2025-09-01
5103502,510350,Diamantino,MT,51,2025-09-01
5103601,510360,Dom Aquino,MT,51,2025-09-01
5103700,510370,Feliz Natal,MT,51,2025-09-01
5103809,510380,Figueirópolis D'Oeste,MT,51,2025-09-01
5103858,510385,Gaúcha do Norte,MT,51,2025-09-01
5103908,510390,General Carneiro,MT,51,2025-09-01
5103957,510395,Glória D'Oeste,MT,51,2025-09-01
5104104,510410,Guarantã do Norte,MT,51,2025-09-01
5104203,510420,Guiratinga,MT,51,2025-09-01
5104500,510450,Indiavaí,MT,51,2025-09-01
5104526,510452,Ipiranga do Norte,MT,51,2025-09-01
5104542,510454,Itanhangá,MT,51,2025-09-01
5104559,510455,Itaúba,MT,51,2025-09-01
5104609,510460,Itiquira,MT,51,2025-09-01
5104807,510480,Jaciara,MT,51,2025-09-01
5104906,510490,Jangada,MT,51,2025-09-01
5105002,510500,Jauru,MT,51,2025-09-01
5105101,510510,Juara,MT,51,2025-09-01
5105150,510515,Juína,MT,51,2025-09-01
5105176,510517,Juruena,MT,51,2025-09-01
5105200,510520,Juscimeira,MT,51,2025-09-01
5105234,510523,Lambari D'Oeste,MT,51,2025-09-01
5105259,510525,Lucas do Rio Verde,MT,51,2025-09-01
5105309,510530,Luciara,MT,51,2025-09-01
5105580,510558,Marcelândia,MT,51,2025-09-01
5105606,510560,Matupá,MT,51,2025-09-01
5105622,510562,Mirassol d'Oeste,MT,51,2025-09-01
5105903,510590,Nobres,MT,51,2025-09-01
5106000,510600,Nortelândia,MT,51,2025-09-01
5106109,510610,Nossa Senhora do Livramento,MT,51,2025-09-01
5106158,510615,Nova Bandeirantes,MT,51,2025-09-01
5106208,510620,Nova Brasilândia,MT,51,2025-09-01
5106216,510621,Nova Canaã do Norte,MT,51,2025-09-01
5108808,510880,Nova Guarita,MT,51,2025-09-01
5106182,510618,Nova Lacerda,MT,51,2025-09-01
5108857,510885,Nova Marilândia,MT,51,2025-09-01
5108907,510890,Nova Maringá,MT,51,2025-09-01
5108956,510895,Nova Monte Verde,MT,51,2025-09-01
5106224,510622,Nova Mutum,MT,51,2025-09-01
5106174,510617,Nova Nazaré,MT,51,2025-09-01
5106232,510623,Nova Olímpia,MT,51,2025-09-01
5106190,510619,Nova Santa Helena,MT,51,2025-09-01
5106240,510624,Nova Ubiratã,MT,51,2025-09-01
5106257,510625,Nova Xavantina,MT,51,2025-09-01
5106273,510627,Novo Horizonte do Norte,MT,51,2025-09-01
5106265,510626,Novo Mundo,MT,51,2025-09-01
5106315,510631,Novo Santo Antônio,MT,51,2025-09-01
5106281,510628,Novo São Joaquim,MT,51,2025-09-01
5106299,510629,Paranaíta,MT,51,2025-09-01
5106307,510630,Paranatinga,MT,51,2025-09-01
5106372,510637,Pedra Preta,MT,51,2025-09-01
5106422,510642,Peixoto de Azevedo,MT,51,2025-09-01
5106455,510645,Planalto da Serra,MT,51,2025-09-01
5106505,510650,Poconé,MT,51,2025-09-01
5106653,510665,Pontal do Araguaia,MT,51,2025-09-01
5106703,510670,Ponte Branca,MT,51,2025-09-01
5106752,510675,Pontes e Lacerda,MT,51,2025-09-01
5106778,510677,Porto Alegre do Norte,MT,51,2025-09-01
5106802,510680,Porto dos Gaúchos,MT,51,2025-09-01
5106828,510682,Porto Esperidião,MT,51,2025-09-01
5106851,510685,Porto Estrela,MT,51,2025-09-01
5107008,510700,Poxoréu,MT,51,2025-09-01
5107040,510704,Primavera do Leste,MT,51,2025-09-01
5107065,510706,Querência,MT,51,2025-09-01
5107156,510715,Reserva do Cabaçal,MT,51,2025-09-01
5107180,510718,Ribeirão Cascalheira,MT,51,2025-09-01
5107198,510719,Ribeirãozinho,MT,51,2025-09-01
5107206,510720,Rio Branco,MT,51,2025-09-01
5107578,510757,Rondolândia,MT,51,2025-09-01
5107602,510760,Rondonópolis,MT,51,2025-09-01
5107701,510770,Rosário Oeste,MT,51,2025-09-01
5107750,510775,Salto do Céu,MT,51,2025-09-01
5107248,510724,Santa Carmem,MT,51,2025-09-01
5107743,510774,Santa Cruz do Xingu,MT,51,2025-09-01
5107768,510776,Santa Rita do Trivelato,MT,51,2025-09-01
5107776,510777,Santa Terezinha,MT,51,2025-09-01
5107263,510726,Santo Afonso,MT,51,2025-09-01
5107792,510779,Santo Antônio do Leste,MT,51,2025-09-01
5107800,510780,Santo Antônio do Leverger,MT,51,2025-09-01
5107859,510785,São Félix do Araguaia,MT,51,2025-09-01
5107297,510729,São José do Povo,MT,51,2025-09-01
5107305,510730,São José do Rio Claro,MT,51,2025-09-01
5107354,510735,São José do Xingu,MT,51,2025-09-01
5107107,510710,São José dos Quatro Marcos,MT,51,2025-09-01
5107404,510740,São Pedro da Cipa,MT,51,2025-09-01
5107875,510787,Sapezal,MT,51,2025-09-01
5107883,510788,Serra Nova Dourada,MT,51,2025-09-01
5107909,510790,Sinop,MT,51,2025-09-01
5107925,510792,Sorriso,MT,51,2025-09-01
5107941,510794,Tabaporã,MT,51,2025-09-01
5107958,510795,Tangará da Serra,MT,51,2025-09-01
5108006,510800,Tapurah,MT,51,2025-09-01
5108055,510805,Terra Nova do Norte,MT,51,2025-09-01
5108105,510810,Tesouro,MT,51,2025-09-01
5108204,510820,Torixoréu,MT,51,2025-09-01
5108303,510830,União do Sul,MT,51,2025-09-01
5108352,510835,Vale de São Domingos,MT,51,2025-09-01
5108402,510840,Várzea Grande,MT,51,2025-09-01
5108501,510850,Vera,MT,51,2025-09-01
5105507,510550,Vila Bela da Santíssima Trindade,MT,51,2025-09-01
5108600,510860,Vila Rica,MT,51,2025-09-01
1500107,150010,Abaetetuba,PA,15,2025-09-01
1500131,150013,Abel Figueiredo,PA,15,2025-09-01
1500206,150020,Acará,PA,15,2025-09-01
1500305,150030,Afuá,PA,15,2025-09-01
1500347,150034,Água Azul do Norte,PA,15,2025-09-01
1500404,150040,Alenquer,PA,15,2025-09-01
1500503,150050,Almeirim,PA,15,2025-09-01
1500602,150060,Altamira,PA,15,2025-09-01
1500701,150070,Anajás,PA,15,2025-09-01
1500800,150080,Ananindeua,PA,15,2025-09-01
1500859,150085,Anapu,PA,15,2025-09-01
1500909,150090,Augusto Corrêa,PA,15,2025-09-01
1500958,150095,Aurora do Pará,PA,15,2025-09-01
1501006,150100,Aveiro,PA,15,2025-09-01
1501105,150110,Bagre,PA,15,2025-09-01
1501204,150120,Baião,PA,15,2025-09-01
1501253,150125,Bannach,PA,15,2025-09-01
1501303,150130,Barcarena,PA,15,2025-09-01
1501402,150140,Belém,PA,15,2025-09-01
1501451,150145,Belterra,PA,15,2025-09-01
1501501,150150,Benevides,PA,15,2025-09-01
1501576,150157,Bom Jesus do Tocantins,PA,15,2025-09-01
1501600,150160,Bonito,PA,15,2025-09-01
1501709,150170,Bragança,PA,15,2025-09-01
1501725,150172,Brasil Novo,PA,15,2025-09-01
1501758,150175,Brejo Grande do Araguaia,PA,15,2025-09-01
1501782,150178,Breu Branco,PA,15,2025-09-01
1501808,150180,Breves,PA,15,2025-09-01
1501907,150190,Bujaru,PA,15,2025-09-01
1502004,150200,Cachoeira do Arari,PA,15,2025-09-01
1501956,150195,Cachoeira do Piriá,PA,15,2025-09-01
1502103,150210,Cametá,PA,15,2025-09-01
1502152,150215,Canaã dos Carajás,PA,15,2025-09-01
1502202,150220,Capanema,PA,15,2025-09-01
1502301,150230,Capitão Poço,PA,15,2025-09-01
1502400,150240,Castanhal,PA,15,2025-09-01
1502509,150250,Chaves,PA,15,2025-09-01
1502608,150260,Colares,PA,15,2025-09-01
1502707,150270,Conceição do Araguaia,PA,15,2025-09-01
1502756,150275,Concórdia do Pará,PA,15,2025-09-01
1502764,150276,Cumaru do Norte,PA,15,2025-09-01
1502772,150277,Curionópolis,PA,15,2025-09-01
1502806,150280,Curralinho,PA,15,2025-09-01
1502855,150285,Curuá,PA,15,2025-09-01
1502905,150290,Curuçá,PA,15,2025-09-01
1502939,150293,Dom Eliseu,PA,15,2025-09-01
1502954,150295,Eldorado do Carajás,PA,15,2025-09-01
1503002,150300,Faro,PA,15,2025-09-01
1503044,150304,Floresta do Araguaia,PA,15,2025-09-01
1503077,150307,Garrafão do Norte,PA,15,2025-09-01
1503093,150309,Goianésia do Pará,PA,15,2025-09-01
1503101,150310,Gurupá,PA,15,2025-09-01
1503200,150320,Igarapé-Açu,PA,15,2025-09-01
1503309,150330,Igarapé-Miri,PA,15,2025-09-01
1503408,150340,Inhangapi,PA,15,2025-09-01
1503457,150345,Ipixuna do Pará,PA,15,2025-09-01
1503507,150350,Irituia,PA,15,2025-09-01
1503606,150360,Itaituba,PA,15,2025-09-01
1503705,150370,Itupiranga,PA,15,2025-09-01
1503754,150375,Jacareacanga,PA,15,2025-09-01
1503804,150380,Jacundá,PA,15,2025-09-01
1503903,150390,Juruti,PA,15,2025-09-01
1504000,150400,Limoeiro do Ajuru,PA,15,2025-09-01
1504059,150405,Mãe do Rio,PA,15,2025-09-01
1504109,150410,Magalhães Barata,PA,15,2025-09-01
1504208,150420,Marabá,PA,15,2025-09-01
1504307,150430,Maracanã,PA,15,2025-09-01
1504406,150440,Marapanim,PA,15,2025-09-01
1504422,150442,Marituba,PA,15,2025-09-01
1504455,150445,Medicilândia,PA,15,2025-09-01
1504505,150450,Melgaço,PA,15,2025-09-01
1504604,150460,Mocajuba,PA,15,2025-09-01
1504703,150470,Moju,PA,15,2025-09-01
1504752,150475,Mojuí dos Campos,PA,15,2025-09-01
1504802,150480,Monte Alegre,PA,15,2025-09-01
1504901,150490,Muaná,PA,15,2025-09-01
1504950,150495,Nova Esperança do Piriá,PA,15,2025-09-01
1504976,150497,Nova Ipixuna,PA,15,2025-09-01
1505007,150500,Nova Timboteua,PA,15,2025-09-01
1505031,150503,Novo Progresso,PA,15,2025-09-01
1505064,150506,Novo Repartimento,PA,15,2025-09-01
1505106,150510,Óbidos,PA,15,2025-09-01
1505205,150520,Oeiras do Pará,PA,15,2025-09-01
1505304,150530,Oriximiná,PA,15,2025-09-01
1505403,150540,Ourém,PA,15,2025-09-01
1505437,150543,Ourilândia do Norte,PA,15,2025-09-01
1505486,150548,Pacajá,PA,15,2025-09-01
1505494,150549,Palestina do Pará,PA,15,2025-09-01
1505502,150550,Paragominas,PA,15,2025-09-01
1505536,150553,Parauapebas,PA,15,2025-09-01
1505551,150555,Pau D'Arco,PA,15,2025-09-01
1505601,150560,Peixe-Boi,PA,15,2025-09-01
1505635,150563,Piçarra,PA,15,2025-09-01
1505650,150565,Placas,PA,15,2025-09-01
1505700,150570,Ponta de Pedras,PA,15,2025-09-01
1505809,150580,Portel,PA,15,2025-09-01
1505908,150590,Porto de Moz,PA,15,2025-09-01
1506005,150600,Prainha,PA,15,2025-09-01
1506104,150610,Primavera,PA,15,2025-09-01
1506112,150611,Quatipuru,PA,15,2025-09-01
1506138,150613,Redenção,PA,15,2025-09-01
1506161,150616,Rio Maria,PA,15,2025-09-01
1506187,150618,Rondon do Pará,PA,15,2025-09-01
1506195,150619,Rurópolis,PA,15,2025-09-01
1506203,150620,Salinópolis,PA,15,2025-09-01
1506302,150630,Salvaterra,PA,15,2025-09-01
1506351,150635,Santa Bárbara do Pará,PA,15,2025-09-01
1506401,150640,Santa Cruz do Arari,PA,15,2025-09-01
1506500,150650,Santa Izabel do Pará,PA,15,2025-09-01
1506559,150655,Santa Luzia do Pará,PA,15,2025-09-01
1506583,150658,Santa Maria das Barreiras,PA,15,2025-09-01
1506609,150660,Santa Maria do Pará,PA,15,2025-09-01
1506708,150670,Santana do Araguaia,PA,15,2025-09-01
1506807,150680,Santarém,PA,15,2025-09-01
1506906,150690,Santarém Novo,PA,15,2025-09-01
1507003,150700,Santo Antônio do Tauá,PA,15,2025-09-01
1507102,150710,São Caetano de Odivelas,PA,15,2025-09-01
1507151,150715,São Domingos do Araguaia,PA,15,2025-09-01
1507201,150720,São Domingos do Capim,PA,15,2025-09-01
1507300,150730,São Félix do Xingu,PA,15,2025-09-01
1507409,150740,São Francisco do Pará,PA,15,2025-09-01
1507458,150745,São Geraldo do Araguaia,PA,15,2025-09-01
1507466,150746,São João da Ponta,PA,15,2025-09-01
1507474,150747,São João de Pirabas,PA,15,2025-09-01
1507508,150750,São João do Araguaia,PA,15,2025-09-01
1507607,150760,São Miguel do Guamá,PA,15,2025-09-01
1507706,150770,São Sebastião da Boa Vista,PA,15,2025-09-01
1507755,150775,Sapucaia,PA,15,2025-09-01
1507805,150780,Senador José Porfírio,PA,15,2025-09-01
1507904,150790,Soure,PA,15,2025-09-01
1507953,150795,Tailândia,PA,15,2025-09-01
1507961,150796,Terra Alta,PA,15,2025-09-01
1507979,150797,Terra Santa,PA,15,2025-09-01
1508001,150800,Tomé-Açu,PA,15,2025-09-01
1508035,150803,Tracuateua,PA,15,2025-09-01
1508050,150805,Trairão,PA,15,2025-09-01
1508084,150808,Tucumã,PA,15,2025-09-01
1508100,150810,Tucuruí,PA,15,2025-09-01
1508126,150812,Ulianópolis,PA,15,2025-09-01
1508159,150815,Uruará,PA,15,2025-09-01
1508209,150820,Vigia,PA,15,2025-09-01
1508308,150830,Viseu,PA,15,2025-09-01
1508357,150835,Vitória do Xingu,PA,15,2025-09-01
1508407,150840,Xinguara,PA,15,2025-09-01
2500106,250010,Água Branca,PB,25,2025-09-01
2500205,250020,Aguiar,PB,25,2025-09-01
2500304,250030,Alagoa Grande,PB,25,2025-09-01
2500403,250040,Alagoa Nova,PB,25,2025-09-01
2500502,250050,Alagoinha,PB,25,2025-09-01
2500536,250053,Alcantil,PB,25,2025-09-01
2500577,250057,Algodão de Jandaíra,PB,25,2025-09-01
2500601,250060,Alhandra,PB,25,2025-09-01
2500734,250073,Amparo,PB,25,2025-09-01
2500775,250077,Aparecida,PB,25,2025-09-01
2500809,250080,Araçagi,PB,25,2025-09-01
2500908,250090,Arara,PB,25,2025-09-01
2501005,250100,Araruna,PB,25,2025-09-01
2501104,250110,Areia,PB,25,2025-09-01
2501153,250115,Areia de Baraúnas,PB,25,2025-09-01
2501203,250120,Areial,PB,25,2025-09-01
2501302,250130,Aroeiras,PB,25,2025-09-01
2501351,250135,Assunção,PB,25,2025-09-01
2501401,250140,Baía da Traição,PB,25,2025-09-01
2501500,250150,Bananeiras,PB,25,2025-09-01
2501534,250153,Baraúna,PB,25,2025-09-01
2501609,250160,Barra de Santa Rosa,PB,25,2025-09-01
2501575,250157,Barra de Santana,PB,25,2025-09-01
2501708,250170,Barra de São Miguel,PB,25,2025-09-01
2501807,250180,Bayeux,PB,25,2025-09-01
2501906,250190,Belém,PB,25,2025-09-01
2502003,250200,Belém do Brejo do Cruz,PB,25,2025-09-01
2502052,250205,Bernardino Batista,PB,25,2025-09-01
2502102,250210,Boa Ventura,PB,25,2025-09-01
2502151,250215,Boa Vista,PB,25,2025-09-01
2502201,250220,Bom Jesus,PB,25,2025-09-01
2502300,250230,Bom Sucesso,PB,25,2025-09-01
2502409,250240,Bonito de Santa Fé,PB,25,2025-09-01
2502508,250250,Boqueirão,PB,25,2025-09-01
2502706,250270,Borborema,PB,25,2025-09-01
2502805,250280,Brejo do Cruz,PB,25,2025-09-01
2502904,250290,Brejo dos Santos,PB,25,2025-09-01
2503001,250300,Caaporã,PB,25,2025-09-01
2503100,250310,Cabaceiras,PB,25,2025-09-01
2503209,250320,Cabedelo,PB,25,2025-09-01
2503308,250330,Cachoeira dos Índios,PB,25,2025-09-01
2503407,250340,Cacimba de Areia,PB,25,2025-09-01
2503506,250350,Cacimba de Dentro,PB,25,2025-09-01
2503555,250355,Cacimbas,PB,25,2025-09-01
2503605,250360,Caiçara,PB,25,2025-09-01
2503704,250370,Cajazeiras,PB,25,2025-09-01
2503753,250375,Cajazeirinhas,PB,25,2025-09-01
2503803,250380,Caldas Brandão,PB,25,2025-09-01
2503902,250390,Camalaú,PB,25,2025-09-01
2504009,250400,Campina Grande,PB,25,2025-09-01
2504033,250403,Capim,PB,25,2025-09-01
2504074,250407,Caraúbas,PB,25,2025-09-01
2504108,250410,Carrapateira,PB,25,2025-09-01
2504157,250415,Casserengue,PB,25,2025-09-01
2504207,250420,Catingueira,PB,25,2025-09-01
2504306,250430,Catolé do Rocha,PB,25,2025-09-01
2504355,250435,Caturité,PB,25,2025-09-01
2504405,250440,Conceição,PB,25,2025-09-01
2504504,250450,Condado,PB,25,2025-09-01
2504603,250460,Conde,PB,25,2025-09-01
2504702,250470,Congo,PB,25,2025-09-01
2504801,250480,Coremas,PB,25,2025-09-01
2504850,250485,Coxixola,PB,25,2025-09-01
2504900,250490,Cruz do Espírito Santo,PB,25,2025-09-01
2505006,250500,Cubati,PB,25,2025-09-01
2505105,250510,Cuité,PB,25,2025-09-01
2505238,250523,Cuité de Mamanguape,PB,25,2025-09-01
2505204,250520,Cuitegi,PB,25,2025-09-01
2505279,250527,Curral de Cima,PB,25,2025-09-01
2505303,250530,Curral Velho,PB,25,2025-09-01
2505352,250535,Damião,PB,25,2025-09-01
2505402,250540,Desterro,PB,25,2025-09-01
2505600,250560,Diamante,PB,25,2025-09-01
2505709,250570,Dona Inês,PB,25,2025-09-01
2505808,250580,Duas Estradas,PB,25,2025-09-01
2505907,250590,Emas,PB,25,2025-09-01
2506004,250600,Esperança,PB,25,2025-09-01
2506103,250610,Fagundes,PB,25,2025-09-01
2506202,250620,Frei Martinho,PB,25,2025-09-01
2506251,250625,Gado Bravo,PB,25,2025-09-01
2506301,250630,Guarabira,PB,25,2025-09-01
2506400,250640,Gurinhém,PB,25,2025-09-01
2506509,250650,Gurjão,PB,25,2025-09-01
2506608,250660,Ibiara,PB,25,2025-09-01
2502607,250260,Igaracy,PB,25,2025-09-01
2506707,250670,Imaculada,PB,25,2025-09-01
2506806,250680,Ingá,PB,25,2025-09-01
2506905,250690,Itabaiana,PB,25,2025-09-01
2507002,250700,Itaporanga,PB,25,2025-09-01
2507101,250710,Itapororoca,PB,25,2025-09-01
2507200,250720,Itatuba,PB,25,2025-09-01
2507309,250730,Jacaraú,PB,25,2025-09-01
2507408,250740,Jericó,PB,25,2025-09-01
2507507,250750,João Pessoa,PB,25,2025-09-01
2513653,251365,Joca Claudino,PB,25,2025-09-01
2507606,250760,Juarez Távora,PB,25,2025-09-01
2507705,250770,Juazeirinho,PB,25,2025-09-01
2507804,250780,Junco do Seridó,PB,25,2025-09-01
2507903,250790,Juripiranga,PB,25,2025-09-01
2508000,250800,Juru,PB,25,2025-09-01
2508109,250810,Lagoa,PB,25,2025-09-01
2508208,250820,Lagoa de Dentro,PB,25,2025-09-01
2508307,250830,Lagoa Seca,PB,25,2025-09-01
2508406,250840,Lastro,PB,25,2025-09-01
2508505,250850,Livramento,PB,25,2025-09-01
2508554,250855,Logradouro,PB,25,2025-09-01
2508604,250860,Lucena,PB,25,2025-09-01
2508703,250870,Mãe d'Água,PB,25,2025-09-01
2508802,250880,Malta,PB,25,2025-09-01
2508901,250890,Mamanguape,PB,25,2025-09-01
2509008,250900,Manaíra,PB,25,2025-09-01
2509057,250905,Marcação,PB,25,2025-09-01
2509107,250910,Mari,PB,25,2025-09-01
2509156,250915,Marizópolis,PB,25,2025-09-01
2509206,250920,Massaranduba,PB,25,2025-09-01
2509305,250930,Mataraca,PB,25,2025-09-01
2509339,250933,Matinhas,PB,25,2025-09-01
2509370,250937,Mato Grosso,PB,25,2025-09-01
2509396,250939,Maturéia,PB,25,2025-09-01
2509404,250940,Mogeiro,PB,25,2025-09-01
2509503,250950,Montadas,PB,25,2025-09-01
2509602,250960,Monte Horebe,PB,25,2025-09-01
2509701,250970,Monteiro,PB,25,2025-09-01
2509800,250980,Mulungu,PB,25,2025-09-01
2509909,250990,Natuba,PB,25,2025-09-01
2510006,251000,Nazarezinho,PB,25,2025-09-01
2510105,251010,Nova Floresta,PB,25,2025-09-01
2510204,251020,Nova Olinda,PB,25,2025-09-01
2510303,251030,Nova Palmeira,PB,25,2025-09-01
2510402,251040,Olho d'Água,PB,25,2025-09-01
2510501,251050,Olivedos,PB,25,2025-09-01
2510600,251060,Ouro Velho,PB,25,2025-09-01
2510659,251065,Parari,PB,25,2025-09-01
2510709,251070,Passagem,PB,25,2025-09-01
2510808,251080,Patos,PB,25,2025-09-01
2510907,251090,Paulista,PB,25,2025-09-01
2511004,251100,Pedra Branca,PB,25,2025-09-01
2511103,251110,Pedra Lavrada,PB,25,2025-09-01
2511202,251120,Pedras de Fogo,PB,25,2025-09-01
2512721,251272,Pedro Régis,PB,25,2025-09-01
2511301,251130,Piancó,PB,25,2025-09-01
2511400,251140,Picuí,PB,25,2025-09-01
2511509,251150,Pilar,PB,25,2025-09-01
2511608,251160,Pilões,PB,25,2025-09-01
2511707,251170,Pilõezinhos,PB,25,2025-09-01
2511806,251180,Pirpirituba,PB,25,2025-09-01
2511905,251190,Pitimbu,PB,25,2025-09-01
2512002,251200,Pocinhos,PB,25,2025-09-01
2512036,251203,Poço Dantas,PB,25,2025-09-01
2512077,251207,Poço de José de Moura,PB,25,2025-09-01
2512101,251210,Pombal,PB,25,2025-09-01
2512200,251220,Prata,PB,25,2025-09-01
2512309,251230,Princesa Isabel,PB,25,2025-09-01
2512408,251240,Puxinanã,PB,25,2025-09-01
2512507,251250,Queimadas,PB,25,2025-09-01
2512606,251260,Quixaba,PB,25,2025-09-01
2512705,251270,Remígio,PB,25,2025-09-01
2512747,251274,Riachão,PB,25,2025-09-01
2512754,251275,Riachão do Bacamarte,PB,25,2025-09-01
2512762,251276,Riachão do Poço,PB,25,2025-09-01
2512788,251278,Riacho de Santo Antônio,PB,25,2025-09-01
2512804,251280,Riacho dos Cavalos,PB,25,2025-09-01
2512903,251290,Rio Tinto,PB,25,2025-09-01
2513000,251300,Salgadinho,PB,25,2025-09-01
2513109,251310,Salgado de São Félix,PB,25,2025-09-01
2513158,251315,Santa Cecília,PB,25,2025-09-01
2513208,251320,Santa Cruz,PB,25,2025-09-01
2513307,251330,Santa Helena,PB,25,2025-09-01
2513356,251335,Santa Inês,PB,25,2025-09-01
2513406,251340,Santa Luzia,PB,25,2025-09-01
2513703,251370,Santa Rita,PB,25,2025-09-01
2513802,251380,Santa Teresinha,PB,25,2025-09-01
2513505,251350,Santana de Mangueira,PB,25,2025-09-01
2513604,251360,Santana dos Garrotes,PB,25,2025-09-01
2513851,251385,Santo André,PB,25,2025-09-01
2513927,251392,São Bentinho,PB,25,2025-09-01
2513901,251390,São Bento,PB,25,2025-09-01
2513968,251396,São Domingos,PB,25,2025-09-01
2513943,251394,São Domingos do Cariri,PB,25,2025-09-01
2513984,251398,São Francisco,PB,25,2025-09-01
2514008,251400,São João do Cariri,PB,25,2025-09-01
2500700,250070,São João do Rio do Peixe,PB,25,2025-09-01
2514107,251410,São João do Tigre,PB,25,2025-09-01
2514206,251420,São José da Lagoa Tapada,PB,25,2025-09-01
2514305,251430,São José de Caiana,PB,25,2025-09-01
2514404,251440,São José de Espinharas,PB,25,2025-09-01
2514503,251450,São José de Piranhas,PB,25,2025-09-01
2514552,251455,São José de Princesa,PB,25,2025-09-01
2514602,251460,São José do Bonfim,PB,25,2025-09-01
2514651,251465,São José do Brejo do Cruz,PB,25,2025-09-01
2514701,251470,São José do Sabugi,PB,25,2025-09-01
2514800,251480,São José dos Cordeiros,PB,25,2025-09-01
2514453,251445,São José dos Ramos,PB,25,2025-09-01
2514909,251490,São Mamede,PB,25,2025-09-01
2515005,251500,São Miguel de Taipu,PB,25,2025-09-01
2515104,251510,São Sebastião de Lagoa de Roça,PB,25,2025-09-01
2515203,251520,São Sebastião do Umbuzeiro,PB,25,2025-09-01
2515302,251530,Sapé,PB,25,2025-09-01
2515401,251540,São Vicente do Seridó,PB,25,2025-09-01
2515500,251550,Serra Branca,PB,25,2025-09-01
2515609,251560,Serra da Raiz,PB,25,2025-09-01
2515708,251570,Serra Grande,PB,25,2025-09-01
2515807,251580,Serra Redonda,PB,25,2025-09-01
2515906,251590,Serraria,PB,25,2025-09-01
2515930,251593,Sertãozinho,PB,25,2025-09-01
2515971,251597,Sobrado,PB,25,2025-09-01
2516003,251600,Solânea,PB,25,2025-09-01
2516102,251610,Soledade,PB,25,2025-09-01
2516151,251615,Sossêgo,PB,25,2025-09-01
2516201,251620,Sousa,PB,25,2025-09-01
2516300,251630,Sumé,PB,25,2025-09-01
2516409,251640,Tacima,PB,25,2025-09-01
2516508,251650,Taperoá,PB,25,2025-09-01
2516607,251660,Tavares,PB,25,2025-09-01
2516706,251670,Teixeira,PB,25,2025-09-01
2516755,251675,Tenório,PB,25,2025-09-01
2516805,251680,Triunfo,PB,25,2025-09-01
2516904,251690,Uiraúna,PB,25,2025-09-01
2517001,251700,Umbuzeiro,PB,25,2025-09-01
2517100,251710,Várzea,PB,25,2025-09-01
2517209,251720,Vieirópolis,PB,25,2025-09-01
2505501,250550,Vista Serrana,PB,25,2025-09-01
2517407,251740,Zabelê,PB,25,2025-09-01
2600054,260005,Abreu e Lima,PE,26,2025-09-01
2600104,260010,Afogados da Ingazeira,PE,26,2025-09-01
2600203,260020,Afrânio,PE,26,2025-09-01
2600302,260030,Agrestina,PE,26,2025-09-01
2600401,260040,Água Preta,PE,26,2025-09-01
2600500,260050,Águas Belas,PE,26,2025-09-01
2600609,260060,Alagoinha,PE,26,2025-09-01
2600708,260070,Aliança,PE,26,2025-09-01
2600807,260080,Altinho,PE,26,2025-09-01
2600906,260090,Amaraji,PE,26,2025-09-01
2601003,260100,Angelim,PE,26,2025-09-01
2601052,260105,Araçoiaba,PE,26,2025-09-01
2601102,260110,Araripina,PE,26,2025-09-01
2601201,260120,Arcoverde,PE,26,2025-09-01
2601300,260130,Barra de Guabiraba,PE,26,2025-09-01
2601409,260140,Barreiros,PE,26,2025-09-01
2601508,260150,Belém de Maria,PE,26,2025-09-01
2601607,260160,Belém do São Francisco,PE,26,2025-09-01
2601706,260170,Belo Jardim,PE,26,2025-09-01
2601805,260180,Betânia,PE,26,2025-09-01
2601904,260190,Bezerros,PE,26,2025-09-01
2602001,260200,Bodocó,PE,26,2025-09-01
2602100,260210,Bom Conselho,PE,26,2025-09-01
2602209,260220,Bom Jardim,PE,26,2025-09-01
2602308,260230,Bonito,PE,26,2025-09-01
2602407,260240,Brejão,PE,26,2025-09-01
2602506,260250,Brejinho,PE,26,2025-09-01
2602605,260260,Brejo da Madre de Deus,PE,26,2025-09-01
2602704,260270,Buenos Aires,PE,26,2025-09-01
2602803,260280,Buíque,PE,26,2025-09-01
2602902,260290,Cabo de Santo Agostinho,PE,26,2025-09-01
2603009,260300,Cabrobó,PE,26,2025-09-01
2603108,260310,Cachoeirinha,PE,26,2025-09-01
2603207,260320,Caetés,PE,26,2025-09-01
2603306,260330,Calçado,PE,26,2025-09-01
2603405,260340,Calumbi,PE,26,2025-09-01
2603454,260345,Camaragibe,PE,26,2025-09-01
2603504,260350,Camocim de São Félix,PE,26,2025-09-01
2603603,260360,Camutanga,PE,26,2025-09-01
2603702,260370,Canhotinho,PE,26,2025-09-01
2603801,260380,Capoeiras,PE,26,2025-09-01
2603900,260390,Carnaíba,PE,26,2025-09-01
2603926,260392,Carnaubeira da Penha,PE,26,2025-09-01
2604007,260400,Carpina,PE,26,2025-09-01
2604106,260410,Caruaru,PE,26,2025-09-01
2604155,260415,Casinhas,PE,26,2025-09-01
2604205,260420,Catende,PE,26,2025-09-01
2604304,260430,Cedro,PE,26,2025-09-01
2604403,260440,Chã de Alegria,PE,26,2025-09-01
2604502,260450,Chã Grande,PE,26,2025-09-01
2604601,260460,Condado,PE,26,2025-09-01
2604700,260470,Correntes,PE,26,2025-09-01
2604809,260480,Cortês,PE,26,2025-09-01
2604908,260490,Cumaru,PE,26,2025-09-01
2605004,260500,Cupira,PE,26,2025-09-01
2605103,260510,Custódia,PE,26,2025-09-01
2605152,260515,Dormentes,PE,26,2025-09-01
2605202,260520,Escada,PE,26,2025-09-01
2605301,260530,Exu,PE,26,2025-09-01
2605400,260540,Feira Nova,PE,26,2025-09-01
2605459,260545,Fernando de Noronha,PE,26,2025-09-01
2605509,260550,Ferreiros,PE,26,2025-09-01
2605608,260560,Flores,PE,26,2025-09-01
2605707,260570,Floresta,PE,26,2025-09-01
2605806,260580,Frei Miguelinho,PE,26,2025-09-01
2605905,260590,Gameleira,PE,26,2025-09-01
2606002,260600,Garanhuns,PE,26,2025-09-01
2606101,260610,Glória do Goitá,PE,26,2025-09-01
2606200,260620,Goiana,PE,26,2025-09-01
2606309,260630,Granito,PE,26,2025-09-01
2606408,260640,Gravatá,PE,26,2025-09-01
2606507,260650,Iati,PE,26,2025-09-01
2606606,260660,Ibimirim,PE,26,2025-09-01
2606705,260670,Ibirajuba,PE,26,2025-09-01
2606804,260680,Igarassu,PE,26,2025-09-01
2606903,260690,Iguaracy,PE,26,2025-09-01
2607604,260760,Ilha de Itamaracá,PE,26,2025-09-01
2607000,260700,Inajá,PE,26,2025-09-01
2607109,260710,Ingazeira,PE,26,2025-09-01
2607208,260720,Ipojuca,PE,26,2025-09-01
2607307,260730,Ipubi,PE,26,2025-09-01
2607406,260740,Itacuruba,PE,26,2025-09-01
2607505,260750,Itaíba,PE,26,2025-09-01
2607653,260765,Itambé,PE,26,2025-09-01
2607703,260770,Itapetim,PE,26,2025-09-01
2607752,260775,Itapissuma,PE,26,2025-09-01
2607802,260780,Itaquitinga,PE,26,2025-09-01
2607901,260790,Jaboatão dos Guararapes,PE,26,2025-09-01
2607950,260795,Jaqueira,PE,26,2025-09-01
2608008,260800,Jataúba,PE,26,2025-09-01
2608057,260805,Jatobá,PE,26,2025-09-01
2608107,260810,João Alfredo,PE,26,2025-09-01
2608206,260820,Joaquim Nabuco,PE,26,2025-09-01
2608255,260825,Jucati,PE,26,2025-09-01
2608305,260830,Jupi,PE,26,2025-09-01
2608404,260840,Jurema,PE,26,2025-09-01
2608453,260845,Lagoa do Carro,PE,26,2025-09-01
2608503,260850,Lagoa de Itaenga,PE,26,2025-09-01
2608602,260860,Lagoa do Ouro,PE,26,2025-09-01
2608701,260870,Lagoa dos Gatos,PE,26,2025-09-01
2608750,260875,Lagoa Grande,PE,26,2025-09-01
2608800,260880,Lajedo,PE,26,2025-09-01
2608909,260890,Limoeiro,PE,26,2025-09-01
2609006,260900,Macaparana,PE,26,2025-09-01
2609105,260910,Machados,PE,26,2025-09-01
2609154,260915,Manari,PE,26,2025-09-01
2609204,260920,Maraial,PE,26,2025-09-01
2609303,260930,Mirandiba,PE,26,2025-09-01
2614303,261430,Moreilândia,PE,26,2025-09-01
2609402,260940,Moreno,PE,26,2025-09-01
2609501,260950,Nazaré da Mata,PE,26,2025-09-01
2609600,260960,Olinda,PE,26,2025-09-01
2609709,260970,Orobó,PE,26,2025-09-01
2609808,260980,Orocó,PE,26,2025-09-01
2609907,260990,Ouricuri,PE,26,2025-09-01
2610004,261000,Palmares,PE,26,2025-09-01
2610103,261010,Palmeirina,PE,26,2025-09-01
2610202,261020,Panelas,PE,26,2025-09-01
2610301,261030,Paranatama,PE,26,2025-09-01
2610400,261040,Parnamirim,PE,26,2025-09-01
2610509,261050,Passira,PE,26,2025-09-01
2610608,261060,Paudalho,PE,26,2025-09-01
2610707,261070,Paulista,PE,26,2025-09-01
2610806,261080,Pedra,PE,26,2025-09-01
2610905,261090,Pesqueira,PE,26,2025-09-01
2611002,261100,Petrolândia,PE,26,2025-09-01
2611101,261110,Petrolina,PE,26,2025-09-01
2611200,261120,Poção,PE,26,2025-09-01
2611309,261130,Pombos,PE,26,2025-09-01
2611408,261140,Primavera,PE,26,2025-09-01
2611507,261150,Quipapá,PE,26,2025-09-01
2611533,261153,Quixaba,PE,26,2025-09-01
2611606,261160,Recife,PE,26,2025-09-01
2611705,261170,Riacho das Almas,PE,26,2025-09-01
2611804,261180,Ribeirão,PE,26,2025-09-01
2611903,261190,Rio Formoso,PE,26,2025-09-01
2612000,261200,Sairé,PE,26,2025-09-01
2612109,261210,Salgadinho,PE,26,2025-09-01
2612208,261220,Salgueiro,PE,26,2025-09-01
2612307,261230,Saloá,PE,26,2025-09-01
2612406,261240,Sanharó,PE,26,2025-09-01
2612455,261245,Santa Cruz,PE,26,2025-09-01
2612471,261247,Santa Cruz da Baixa Verde,PE,26,2025-09-01
2612505,261250,Santa Cruz do Capibaribe,PE,26,2025-09-01
2612554,261255,Santa Filomena,PE,26,2025-09-01
2612604,261260,Santa Maria da Boa Vista,PE,26,2025-09-01
2612703,261270,Santa Maria do Cambucá,PE,26,2025-09-01
2612802,261280,Santa Terezinha,PE,26,2025-09-01
2612901,261290,São Benedito do Sul,PE,26,2025-09-01
2613008,261300,São Bento do Una,PE,26,2025-09-01
2613107,261310,São Caitano,PE,26,2025-09-01
2613206,261320,São João,PE,26,2025-09-01
2613305,261330,São Joaquim do Monte,PE,26,2025-09-01
2613404,261340,São José da Coroa Grande,PE,26,2025-09-01
2613503,261350,São José do Belmonte,PE,26,2025-09-01
2613602,261360,São José do Egito,PE,26,2025-09-01
2613701,261370,São Lourenço da Mata,PE,26,2025-09-01
2613800,261380,São Vicente Férrer,PE,26,2025-09-01
2613909,261390,Serra Talhada,PE,26,2025-09-01
2614006,261400,Serrita,PE,26,2025-09-01
2614105,261410,Sertânia,PE,26,2025-09-01
2614204,261420,Sirinhaém,PE,26,2025-09-01
2614402,261440,Solidão,PE,26,2025-09-01
2614501,261450,Surubim,PE,26,2025-09-01
2614600,261460,Tabira,PE,26,2025-09-01
2614709,261470,Tacaimbó,PE,26,2025-09-01
2614808,261480,Tacaratu,PE,26,2025-09-01
2614857,261485,Tamandaré,PE,26,2025-09-01
2615003,261500,Taquaritinga do Norte,PE,26,2025-09-01
2615102,261510,Terezinha,PE,26,2025-09-01
2615201,261520,Terra Nova,PE,26,2025-09-01
2615300,261530,Timbaúba,PE,26,2025-09-01
2615409,261540,Toritama,PE,26,2025-09-01
2615508,261550,Tracunhaém,PE,26,2025-09-01
2615607,261560,Trindade,PE,26,2025-09-01
2615706,261570,Triunfo,PE,26,2025-09-01
2615805,261580,Tupanatinga,PE,26,2025-09-01
2615904,261590,Tuparetama,PE,26,2025-09-01
2616001,261600,Venturosa,PE,26,2025-09-01
2616100,261610,Verdejante,PE,26,2025-09-01
2616183,261618,Vertente do Lério,PE,26,2025-09-01
2616209,261620,Vertentes,PE,26,2025-09-01
2616308,261630,Vicência,PE,26,2025-09-01
2616407,261640,Vitória de Santo Antão,PE,26,2025-09-01
2616506,261650,Xexéu,PE,26,2025-09-01
2200053,220005,Acauã,PI,22,2025-09-01
2200103,220010,Agricolândia,PI,22,2025-09-01
2200202,220020,Água Branca,PI,22,2025-09-01
2200251,220025,Alagoinha do Piauí,PI,22,2025-09-01
2200277,220027,Alegrete do Piauí,PI,22,2025-09-01
2200301,220030,Alto Longá,PI,22,2025-09-01
2200400,220040,Altos,PI,22,2025-09-01
2200459,220045,Alvorada do Gurguéia,PI,22,2025-09-01
2200509,220050,Amarante,PI,22,2025-09-01
2200608,220060,Angical do Piauí,PI,22,2025-09-01
2200707,220070,Anísio de Abreu,PI,22,2025-09-01
2200806,220080,Antônio Almeida,PI,22,2025-09-01
2200905,220090,Aroazes,PI,22,2025-09-01
2200954,220095,Aroeiras do Itaim,PI,22,2025-09-01
2201002,220100,Arraial,PI,22,2025-09-01
2201051,220105,Assunção do Piauí,PI,22,2025-09-01
2201101,220110,Avelino Lopes,PI,22,2025-09-01
2201150,220115,Baixa Grande do Ribeiro,PI,22,2025-09-01
2201176,220117,Barra D'Alcântara,PI,22,2025-09-01
2201200,220120,Barras,PI,22,2025-09-01
2201309,220130,Barreiras do Piauí,PI,22,2025-09-01
2201408,220140,Barro Duro,PI,22,2025-09-01
2201507,220150,Batalha,PI,22,2025-09-01
2201556,220155,Bela Vista do Piauí,PI,22,2025-09-01
2201572,220157,Belém do Piauí,PI,22,2025-09-01
2201606,220160,Beneditinos,PI,22,2025-09-01
2201705,220170,Bertolínia,PI,22,2025-09-01
2201739,220173,Betânia do Piauí,PI,22,2025-09-01
2201770,220177,Boa Hora,PI,22,2025-09-01
2201804,220180,Bocaina,PI,22,2025-09-01
2201903,220190,Bom Jesus,PI,22,2025-09-01
2201919,220191,Bom Princípio do Piauí,PI,22,2025-09-01
2201929,220192,Bonfim do Piauí,PI,22,2025-09-01
2201945,220194,Boqueirão do Piauí,PI,22,2025-09-01
2201960,220196,Brasileira,PI,22,2025-09-01
2201988,220198,Brejo do Piauí,PI,22,2025-09-01
2202000,220200,Buriti dos Lopes,PI,22,2025-09-01
2202026,220202,Buriti dos Montes,PI,22,2025-09-01
2202059,220205,Cabeceiras do Piauí,PI,22,2025-09-01
2202075,220207,Cajazeiras do Piauí,PI,22,2025-09-01
2202083,220208,Cajueiro da Praia,PI,22,2025-09-01
2202091,220209,Caldeirão Grande do Piauí,PI,22,2025-09-01
2202109,220210,Campinas do Piauí,PI,22,2025-09-01
2202117,220211,Campo Alegre do Fidalgo,PI,22,2025-09-01
2202133,220213,Campo Grande do Piauí,PI,22,2025-09-01
2202174,220217,Campo Largo do Piauí,PI,22,2025-09-01
2202208,220220,Campo Maior,PI,22,2025-09-01
2202251,220225,Canavieira,PI,22,2025-09-01
2202307,220230,Canto do Buriti,PI,22,2025-09-01
2202406,220240,Capitão de Campos,PI,22,2025-09-01
2202455,220245,Capitão Gervásio Oliveira,PI,22,2025-09-01
2202505,220250,Caracol,PI,22,2025-09-01
2202539,220253,Caraúbas do Piauí,PI,22,2025-09-01
2202554,220255,Caridade do Piauí,PI,22,2025-09-01
2202604,220260,Castelo do Piauí,PI,22,2025-09-01
2202653,220265,Caxingó,PI,22,2025-09-01
2202703,220270,Cocal,PI,22,2025-09-01
2202711,220271,Cocal de Telha,PI,22,2025-09-01
2202729,220272,Cocal dos Alves,PI,22,2025-09-01
2202737,220273,Coivaras,PI,22,2025-09-01
2202752,220275,Colônia do Gurguéia,PI,22,2025-09-01
2202778,220277,Colônia do Piauí,PI,22,2025-09-01
2202802,220280,Conceição do Canindé,PI,22,2025-09-01
2202851,220285,Coronel José Dias,PI,22,2025-09-01
2202901,220290,Corrente,PI,22,2025-09-01
2203008,220300,Cristalândia do Piauí,PI,22,2025-09-01
2203107,220310,Cristino Castro,PI,22,2025-09-01
2203206,220320,Curimatá,PI,22,2025-09-01
2203230,220323,Currais,PI,22,2025-09-01
2203271,220327,Curral Novo do Piauí,PI,22,2025-09-01
2203255,220325,Curralinhos,PI,22,2025-09-01
2203305,220330,Demerval Lobão,PI,22,2025-09-01
2203354,220335,Dirceu Arcoverde,PI,22,2025-09-01
2203404,220340,Dom Expedito Lopes,PI,22,2025-09-01
2203453,220345,Dom Inocêncio,PI,22,2025-09-01
2203420,220342,Domingos Mourão,PI,22,2025-09-01
2203503,220350,Elesbão Veloso,PI,22,2025-09-01
2203602,220360,Eliseu Martins,PI,22,2025-09-01
2203701,220370,Esperantina,PI,22,2025-09-01
2203750,220375,Fartura do Piauí,PI,22,2025-09-01
2203800,220380,Flores do Piauí,PI,22,2025-09-01
2203859,220385,Floresta do Piauí,PI,22,2025-09-01
2203909,220390,Floriano,PI,22,2025-09-01
2204006,220400,Francinópolis,PI,22,2025-09-01
2204105,220410,Francisco Ayres,PI,22,2025-09-01
2204154,220415,Francisco Macedo,PI,22,2025-09-01
2204204,220420,Francisco Santos,PI,22,2025-09-01
2204303,220430,Fronteiras,PI,22,2025-09-01
2204352,220435,Geminiano,PI,22,2025-09-01
2204402,220440,Gilbués,PI,22,2025-09-01
2204501,220450,Guadalupe,PI,22,2025-09-01
2204550,220455,Guaribas,PI,22,2025-09-01
2204600,220460,Hugo Napoleão,PI,22,2025-09-01
2204659,220465,Ilha Grande,PI,22,2025-09-01
2204709,220470,Inhuma,PI,22,2025-09-01
2204808,220480,Ipiranga do Piauí,PI,22,2025-09-01
2204907,220490,Isaías Coelho,PI,22,2025-09-01
2205003,220500,Itainópolis,PI,22,2025-09-01
2205102,220510,Itaueira,PI,22,2025-09-01
2205151,220515,Jacobina do Piauí,PI,22,2025-09-01
2205201,220520,Jaicós,PI,22,2025-09-01
2205250,220525,Jardim do Mulato,PI,22,2025-09-01
2205276,220527,Jatobá do Piauí,PI,22,2025-09-01
2205300,220530,Jerumenha,PI,22,2025-09-01
2205359,220535,João Costa,PI,22,2025-09-01
2205409,220540,Joaquim Pires,PI,22,2025-09-01
2205458,220545,Joca Marques,PI,22,2025-09-01
2205508,220550,José de Freitas,PI,22,2025-09-01
2205516,220551,Juazeiro do Piauí,PI,22,2025-09-01
2205524,220552,Júlio Borges,PI,22,2025-09-01
2205532,220553,Jurema,PI,22,2025-09-01
2205557,220555,Lagoa Alegre,PI,22,2025-09-01
2205573,220557,Lagoa de São Francisco,PI,22,2025-09-01
2205565,220556,Lagoa do Barro do Piauí,PI,22,2025-09-01
2205581,220558,Lagoa do Piauí,PI,22,2025-09-01
2205599,220559,Lagoa do Sítio,PI,22,2025-09-01
2205540,220554,Lagoinha do Piauí,PI,22,2025-09-01
2205607,220560,Landri Sales,PI,22,2025-09-01
2205706,220570,Luís Correia,PI,22,2025-09-01
2205805,220580,Luzilândia,PI,22,2025-09-01
2205854,220585,Madeiro,PI,22,2025-09-01
2205904,220590,Manoel Emídio,PI,22,2025-09-01
2205953,220595,Marcolândia,PI,22,2025-09-01
2206001,220600,Marcos Parente,PI,22,2025-09-01
2206050,220605,Massapê do Piauí,PI,22,2025-09-01
2206100,220610,Matias Olímpio,PI,22,2025-09-01
2206209,220620,Miguel Alves,PI,22,2025-09-01
2206308,220630,Miguel Leão,PI,22,2025-09-01
2206357,220635,Milton Brandão,PI,22,2025-09-01
2206407,220640,Monsenhor Gil,PI,22,2025-09-01
2206506,220650,Monsenhor Hipólito,PI,22,2025-09-01
2206605,220660,Monte Alegre do Piauí,PI,22,2025-09-01
2206654,220665,Morro Cabeça no Tempo,PI,22,2025-09-01
2206670,220667,Morro do Chapéu do Piauí,PI,22,2025-09-01
2206696,220669,Murici dos Portelas,PI,22,2025-09-01
2206704,220670,Nazaré do Piauí,PI,22,2025-09-01
2206720,220672,Nazária,PI,22,2025-09-01
2206753,220675,Nossa Senhora de Nazaré,PI,22,2025-09-01
2206803,220680,Nossa Senhora dos Remédios,PI,22,2025-09-01
2207959,220795,Nova Santa Rita,PI,22,2025-09-01
2206902,220690,Novo Oriente do Piauí,PI,22,2025-09-01
2206951,220695,Novo Santo Antônio,PI,22,2025-09-01
2207009,220700,Oeiras,PI,22,2025-09-01
2207108,220710,Olho D'Água do Piauí,PI,22,2025-09-01
2207207,220720,Padre Marcos,PI,22,2025-09-01
2207306,220730,Paes Landim,PI,22,2025-09-01
2207355,220735,Pajeú do Piauí,PI,22,2025-09-01
2207405,220740,Palmeira do Piauí,PI,22,2025-09-01
2207504,220750,Palmeirais,PI,22,2025-09-01
2207553,220755,Paquetá,PI,22,2025-09-01
2207603,220760,Parnaguá,PI,22,2025-09-01
2207702,220770,Parnaíba,PI,22,2025-09-01
2207751,220775,Passagem Franca do Piauí,PI,22,2025-09-01
2207777,220777,Patos do Piauí,PI,22,2025-09-01
2207793,220779,Pau D'Arco do Piauí,PI,22,2025-09-01
2207801,220780,Paulistana,PI,22,2025-09-01
2207850,220785,Pavussu,PI,22,2025-09-01
2207900,220790,Pedro II,PI,22,2025-09-01
2207934,220793,Pedro Laurentino,PI,22,2025-09-01
2208007,220800,Picos,PI,22,2025-09-01
2208106,220810,Pimenteiras,PI,22,2025-09-01
2208205,220820,Pio IX,PI,22,2025-09-01
2208304,220830,Piracuruca,PI,22,2025-09-01
2208403,220840,Piripiri,PI,22,2025-09-01
2208502,220850,Porto,PI,22,2025-09-01
2208551,220855,Porto Alegre do Piauí,PI,22,2025-09-01
2208601,220860,Prata do Piauí,PI,22,2025-09-01
2208650,220865,Queimada Nova,PI,22,2025-09-01
2208700,220870,Redenção do Gurguéia,PI,22,2025-09-01
2208809,220880,Regeneração,PI,22,2025-09-01
2208858,220885,Riacho Frio,PI,22,2025-09-01
2208874,220887,Ribeira do Piauí,PI,22,2025-09-01
2208908,220890,Ribeiro Gonçalves,PI,22,2025-09-01
2209005,220900,Rio Grande do Piauí,PI,22,2025-09-01
2209104,220910,Santa Cruz do Piauí,PI,22,2025-09-01
2209153,220915,Santa Cruz dos Milagres,PI,22,2025-09-01
2209203,220920,Santa Filomena,PI,22,2025-09-01
2209302,220930,Santa Luz,PI,22,2025-09-01
2209377,220937,Santa Rosa do Piauí,PI,22,2025-09-01
2209351,220935,Santana do Piauí,PI,22,2025-09-01
2209401,220940,Santo Antônio de Lisboa,PI,22,2025-09-01
2209450,220945,Santo Antônio dos Milagres,PI,22,2025-09-01
2209500,220950,Santo Inácio do Piauí,PI,22,2025-09-01
2209559,220955,São Braz do Piauí,PI,22,2025-09-01
2209609,220960,São Félix do Piauí,PI,22,2025-09-01
2209658,220965,São Francisco de Assis do Piauí,PI,22,2025-09-01
2209708,220970,São Francisco do Piauí,PI,22,2025-09-01
2209757,220975,São Gonçalo do Gurguéia,PI,22,2025-09-01
2209807,220980,São Gonçalo do Piauí,PI,22,2025-09-01
2209856,220985,São João da Canabrava,PI,22,2025-09-01
2209872,220987,São João da Fronteira,PI,22,2025-09-01
2209906,220990,São João da Serra,PI,22,2025-09-01
2209955,220995,São João da Varjota,PI,22,2025-09-01
2209971,220997,São João do Arraial,PI,22,2025-09-01
2210003,221000,São João do Piauí,PI,22,2025-09-01
2210052,221005,São José do Divino,PI,22,2025-09-01
2210102,221010,São José do Peixe,PI,22,2025-09-01
2210201,221020,São José do Piauí,PI,22,2025-09-01
2210300,221030,São Julião,PI,22,2025-09-01
2210359,221035,São Lourenço do Piauí,PI,22,2025-09-01
2210375,221037,São Luis do Piauí,PI,22,2025-09-01
2210383,221038,São Miguel da Baixa Grande,PI,22,2025-09-01
2210391,221039,São Miguel do Fidalgo,PI,22,2025-09-01
2210409,221040,São Miguel do Tapuio,PI,22,2025-09-01
2210508,221050,São Pedro do Piauí,PI,22,2025-09-01
2210607,221060,São Raimundo Nonato,PI,22,2025-09-01
2210623,221062,Sebastião Barros,PI,22,2025-09-01
2210631,221063,Sebastião Leal,PI,22,2025-09-01
2210656,221065,Sigefredo Pacheco,PI,22,2025-09-01
2210706,221070,Simões,PI,22,2025-09-01
2210805,221080,Simplício Mendes,PI,22,2025-09-01
2210904,221090,Socorro do Piauí,PI,22,2025-09-01
2210938,221093,Sussuapara,PI,22,2025-09-01
2210953,221095,Tamboril do Piauí,PI,22,2025-09-01
2210979,221097,Tanque do Piauí,PI,22,2025-09-01
2211001,221100,Teresina,PI,22,2025-09-01
2211100,221110,União,PI,22,2025-09-01
2211209,221120,Uruçuí,PI,22,2025-09-01
2211308,221130,Valença do Piauí,PI,22,2025-09-01
2211357,221135,Várzea Branca,PI,22,2025-09-01
2211407,221140,Várzea Grande,PI,22,2025-09-01
2211506,221150,Vera Mendes,PI,22,2025-09-01
2211605,221160,Vila Nova do Piauí,PI,22,2025-09-01
2211704,221170,Wall Ferraz,PI,22,2025-09-01
4100103,410010,Abatiá,PR,41,2025-09-01
4100202,410020,Adrianópolis,PR,41,2025-09-01
4100301,410030,Agudos do Sul,PR,41,2025-09-01
4100400,410040,Almirante Tamandaré,PR,41,2025-09-01
4100459,410045,Altamira do Paraná,PR,41,2025-09-01
4128625,412862,Alto Paraíso,PR,41,2025-09-01
4100608,410060,Alto Paraná,PR,41,2025-09-01
4100707,410070,Alto Piquiri,PR,41,2025-09-01
4100509,410050,Altônia,PR,41,2025-09-01
4100806,410080,Alvorada do Sul,PR,41,2025-09-01
4100905,410090,Amaporã,PR,41,2025-09-01
4101002,410100,Ampére,PR,41,2025-09-01
4101051,410105,Anahy,PR,41,2025-09-01
4101101,410110,Andirá,PR,41,2025-09-01
4101150,410115,Ângulo,PR,41,2025-09-01
4101200,410120,Antonina,PR,41,2025-09-01
4101309,410130,Antônio Olinto,PR,41,2025-09-01
4101408,410140,Apucarana,PR,41,2025-09-01
4101507,410150,Arapongas,PR,41,2025-09-01
4101606,410160,Arapoti,PR,41,2025-09-01
4101655,410165,Arapuã,PR,41,2025-09-01
4101705,410170,Araruna,PR,41,2025-09-01
4101804,410180,Araucária,PR,41,2025-09-01
4101853,410185,Ariranha do Ivaí,PR,41,2025-09-01
4101903,410190,Assaí,PR,41,2025-09-01
4102000,410200,Assis Chateaubriand,PR,41,2025-09-01
4102109,410210,Astorga,PR,41,2025-09-01
4102208,410220,Atalaia,PR,41,2025-09-01
4102307,410230,Balsa Nova,PR,41,2025-09-01
4102406,410240,Bandeirantes,PR,41,2025-09-01
4102505,410250,Barbosa Ferraz,PR,41,2025-09-01
4102703,410270,Barra do Jacaré,PR,41,2025-09-01
4102604,410260,Barracão,PR,41,2025-09-01
4102752,410275,Bela Vista da Caroba,PR,41,2025-09-01
4102802,410280,Bela Vista do Paraíso,PR,41,2025-09-01
4102901,410290,Bituruna,PR,41,2025-09-01
4103008,410300,Boa Esperança,PR,41,2025-09-01
4103024,410302,Boa Esperança do Iguaçu,PR,41,2025-09-01
4103040,410304,Boa Ventura de São Roque,PR,41,2025-09-01
4103057,410305,Boa Vista da Aparecida,PR,41,2025-09-01
4103107,410310,Bocaiúva do Sul,PR,41,2025-09-01
4103156,410315,Bom Jesus do Sul,PR,41,2025-09-01
4103206,410320,Bom Sucesso,PR,41,2025-09-01
4103222,410322,Bom Sucesso do Sul,PR,41,2025-09-01
4103305,410330,Borrazópolis,PR,41,2025-09-01
4103354,410335,Braganey,PR,41,2025-09-01
4103370,410337,Brasilândia do Sul,PR,41,2025-09-01
4103404,410340,Cafeara,PR,41,2025-09-01
4103453,410345,Cafelândia,PR,41,2025-09-01
4103479,410347,Cafezal do Sul,PR,41,2025-09-01
4103503,410350,Califórnia,PR,41,2025-09-01
4103602,410360,Cambará,PR,41,2025-09-01
4103701,410370,Cambé,PR,41,2025-09-01
4103800,410380,Cambira,PR,41,2025-09-01
4103909,410390,Campina da Lagoa,PR,41,2025-09-01
4103958,410395,Campina do Simão,PR,41,2025-09-01
4104006,410400,Campina Grande do Sul,PR,41,2025-09-01
4104055,410405,Campo Bonito,PR,41,2025-09-01
4104105,410410,Campo do Tenente,PR,41,2025-09-01
4104204,410420,Campo Largo,PR,41,2025-09-01
4104253,410425,Campo Magro,PR,41,2025-09-01
4104303,410430,Campo Mourão,PR,41,2025-09-01
4104402,410440,Cândido de Abreu,PR,41,2025-09-01
4104428,410442,Candói,PR,41,2025-09-01
4104451,410445,Cantagalo,PR,41,2025-09-01
4104501,410450,Capanema,PR,41,2025-09-01
4104600,410460,Capitão Leônidas Marques,PR,41,2025-09-01
4104659,410465,Carambeí,PR,41,2025-09-01
4104709,410470,Carlópolis,PR,41,2025-09-01
4104808,410480,Cascavel,PR,41,2025-09-01
4104907,410490,Castro,PR,41,2025-09-01
4105003,410500,Catanduvas,PR,41,2025-09-01
4105102,410510,Centenário do Sul,PR,41,2025-09-01
4105201,410520,Cerro Azul,PR,41,2025-09-01
4105300,410530,Céu Azul,PR,41,2025-09-01
4105409,410540,Chopinzinho,PR,41,2025-09-01
4105508,410550,Cianorte,PR,41,2025-09-01
4105607,410560,Cidade Gaúcha,PR,41,2025-09-01
4105706,410570,Clevelândia,PR,41,2025-09-01
4105805,410580,Colombo,PR,41,2025-09-01
4105904,410590,Colorado,PR,41,2025-09-01
4106001,410600,Congonhinhas,PR,41,2025-09-01
4106100,410610,Conselheiro Mairinck,PR,41,2025-09-01
4106209,410620,Contenda,PR,41,2025-09-01
4106308,410630,Corbélia,PR,41,2025-09-01
4106407,410640,Cornélio Procópio,PR,41,2025-09-01
4106456,410645,Coronel Domingos Soares,PR,41,2025-09-01
4106506,410650,Coronel Vivida,PR,41,2025-09-01
4106555,410655,Corumbataí do Sul,PR,41,2025-09-01
4106803,410680,Cruz Machado,PR,41,2025-09-01
4106571,410657,Cruzeiro do Iguaçu,PR,41,2025-09-01
4106605,410660,Cruzeiro do Oeste,PR,41,2025-09-01
4106704,410670,Cruzeiro do Sul,PR,41,2025-09-01
4106852,410685,Cruzmaltina,PR,41,2025-09-01
4106902,410690,Curitiba,PR,41,2025-09-01
4107009,410700,Curiúva,PR,41,2025-09-01
4107157,410715,Diamante D'Oeste,PR,41,2025-09-01
4107108,410710,Diamante do Norte,PR,41,2025-09-01
4107124,410712,Diamante do Sul,PR,41,2025-09-01
4107207,410720,Dois Vizinhos,PR,41,2025-09-01
4107256,410725,Douradina,PR,41,2025-09-01
4107306,410730,Doutor Camargo,PR,41,2025-09-01
4128633,412863,Doutor Ulysses,PR,41,2025-09-01
4107405,410740,Enéas Marques,PR,41,2025-09-01
4107504,410750,Engenheiro Beltrão,PR,41,2025-09-01
4107538,410753,Entre Rios do Oeste,PR,41,2025-09-01
4107520,410752,Esperança Nova,PR,41,2025-09-01
4107546,410754,Espigão Alto do Iguaçu,PR,41,2025-09-01
4107553,410755,Farol,PR,41,2025-09-01
4107603,410760,Faxinal,PR,41,2025-09-01
4107652,410765,Fazenda Rio Grande,PR,41,2025-09-01
4107702,410770,Fênix,PR,41,2025-09-01
4107736,410773,Fernandes Pinheiro,PR,41,2025-09-01
4107751,410775,Figueira,PR,41,2025-09-01
4107850,410785,Flor da Serra do Sul,PR,41,2025-09-01
4107801,410780,Floraí,PR,41,2025-09-01
4107900,410790,Floresta,PR,41,2025-09-01
4108007,410800,Florestópolis,PR,41,2025-09-01
4108106,410810,Flórida,PR,41,2025-09-01
4108205,410820,Formosa do Oeste,PR,41,2025-09-01
4108304,410830,Foz do Iguaçu,PR,41,2025-09-01
4108452,410845,Foz do Jordão,PR,41,2025-09-01
4108320,410832,Francisco Alves,PR,41,2025-09-01
4108403,410840,Francisco Beltrão,PR,41,2025-09-01
4108502,410850,General Carneiro,PR,41,2025-09-01
4108551,410855,Godoy Moreira,PR,41,2025-09-01
4108601,410860,Goioerê,PR,41,2025-09-01
4108650,410865,Goioxim,PR,41,2025-09-01
4108700,410870,Grandes Rios,PR,41,2025-09-01
4108809,410880,Guaíra,PR,41,2025-09-01
4108908,410890,Guairaçá,PR,41,2025-09-01
4108957,410895,Guamiranga,PR,41,2025-09-01
4109005,410900,Guapirama,PR,41,2025-09-01
4109104,410910,Guaporema,PR,41,2025-09-01
4109203,410920,Guaraci,PR,41,2025-09-01
4109302,410930,Guaraniaçu,PR,41,2025-09-01
4109401,410940,Guarapuava,PR,41,2025-09-01
4109500,410950,Guaraqueçaba,PR,41,2025-09-01
4109609,410960,Guaratuba,PR,41,2025-09-01
4109658,410965,Honório Serpa,PR,41,2025-09-01
4109708,410970,Ibaiti,PR,41,2025-09-01
4109757,410975,Ibema,PR,41,2025-09-01
4109807,410980,Ibiporã,PR,41,2025-09-01
4109906,410990,Icaraíma,PR,41,2025-09-01
4110003,411000,Iguaraçu,PR,41,2025-09-01
4110052,411005,Iguatu,PR,41,2025-09-01
4110078,411007,Imbaú,PR,41,2025-09-01
4110102,411010,Imbituva,PR,41,2025-09-01
4110201,411020,Inácio Martins,PR,41,2025-09-01
4110300,411030,Inajá,PR,41,2025-09-01
4110409,411040,Indianópolis,PR,41,2025-09-01
4110508,411050,Ipiranga,PR,41,2025-09-01
4110607,411060,Iporã,PR,41,2025-09-01
4110656,411065,Iracema do Oeste,PR,41,2025-09-01
4110706,411070,Irati,PR,41,2025-09-01
4110805,411080,Iretama,PR,41,2025-09-01
4110904,411090,Itaguajé,PR,41,2025-09-01
4110953,411095,Itaipulândia,PR,41,2025-09-01
4111001,411100,Itambaracá,PR,41,2025-09-01
4111100,411110,Itambé,PR,41,2025-09-01
4111209,411120,Itapejara d'Oeste,PR,41,2025-09-01
4111258,411125,Itaperuçu,PR,41,2025-09-01
4111308,411130,Itaúna do Sul,PR,41,2025-09-01
4111407,411140,Ivaí,PR,41,2025-09-01
4111506,411150,Ivaiporã,PR,41,2025-09-01
4111555,411155,Ivaté,PR,41,2025-09-01
4111605,411160,Ivatuba,PR,41,2025-09-01
4111704,411170,Jaboti,PR,41,2025-09-01
4111803,411180,Jacarezinho,PR,41,2025-09-01
4111902,411190,Jaguapitã,PR,41,2025-09-01
4112009,411200,Jaguariaíva,PR,41,2025-09-01
4112108,411210,Jandaia do Sul,PR,41,2025-09-01
4112207,411220,Janiópolis,PR,41,2025-09-01
4112306,411230,Japira,PR,41,2025-09-01
4112405,411240,Japurá,PR,41,2025-09-01
4112504,411250,Jardim Alegre,PR,41,2025-09-01
4112603,411260,Jardim Olinda,PR,41,2025-09-01
4112702,411270,Jataizinho,PR,41,2025-09-01
4112751,411275,Jesuítas,PR,41,2025-09-01
4112801,411280,Joaquim Távora,PR,41,2025-09-01
4112900,411290,Jundiaí do Sul,PR,41,2025-09-01
4112959,411295,Juranda,PR,41,2025-09-01
4113007,411300,Jussara,PR,41,2025-09-01
4113106,411310,Kaloré,PR,41,2025-09-01
4113205,411320,Lapa,PR,41,2025-09-01
4113254,411325,Laranjal,PR,41,2025-09-01
4113304,411330,Laranjeiras do Sul,PR,41,2025-09-01
4113403,411340,Leópolis,PR,41,2025-09-01
4113429,411342,Lidianópolis,PR,41,2025-09-01
4113452,411345,Lindoeste,PR,41,2025-09-01
4113502,411350,Loanda,PR,41,2025-09-01
4113601,411360,Lobato,PR,41,2025-09-01
4113700,411370,Londrina,PR,41,2025-09-01
4113734,411373,Luiziana,PR,41,2025-09-01
4113759,411375,Lunardelli,PR,41,2025-09-01
4113809,411380,Lupionópolis,PR,41,2025-09-01
4113908,411390,Mallet,PR,41,2025-09-01
4114005,411400,Mamborê,PR,41,2025-09-01
4114104,411410,Mandaguaçu,PR,41,2025-09-01
4114203,411420,Mandaguari,PR,41,2025-09-01
4114302,411430,Mandirituba,PR,41,2025-09-01
4114351,411435,Manfrinópolis,PR,41,2025-09-01
4114401,411440,Mangueirinha,PR,41,2025-09-01
4114500,411450,Manoel Ribas,PR,41,2025-09-01
4114609,411460,Marechal Cândido Rondon,PR,41,2025-09-01
4114708,411470,Maria Helena,PR,41,2025-09-01
4114807,411480,Marialva,PR,41,2025-09-01
4114906,411490,Marilândia do Sul,PR,41,2025-09-01
4115002,411500,Marilena,PR,41,2025-09-01
4115101,411510,Mariluz,PR,41,2025-09-01
4115200,411520,Maringá,PR,41,2025-09-01
4115309,411530,Mariópolis,PR,41,2025-09-01
4115358,411535,Maripá,PR,41,2025-09-01
4115408,411540,Marmeleiro,PR,41,2025-09-01
4115457,411545,Marquinho,PR,41,2025-09-01
4115507,411550,Marumbi,PR,41,2025-09-01
4115606,411560,Matelândia,PR,41,2025-09-01
4115705,411570,Matinhos,PR,41,2025-09-01
4115739,411573,Mato Rico,PR,41,2025-09-01
4115754,411575,Mauá da Serra,PR,41,2025-09-01
4115804,411580,Medianeira,PR,41,2025-09-01
4115853,411585,Mercedes,PR,41,2025-09-01
4115903,411590,Mirador,PR,41,2025-09-01
4116000,411600,Miraselva,PR,41,2025-09-01
4116059,411605,Missal,PR,41,2025-09-01
4116109,411610,Moreira Sales,PR,41,2025-09-01
4116208,411620,Morretes,PR,41,2025-09-01
4116307,411630,Munhoz de Melo,PR,41,2025-09-01
4116406,411640,Nossa Senhora das Graças,PR,41,2025-09-01
4116505,411650,Nova Aliança do Ivaí,PR,41,2025-09-01
4116604,411660,Nova América da Colina,PR,41,2025-09-01
4116703,411670,Nova Aurora,PR,41,2025-09-01
4116802,411680,Nova Cantu,PR,41,2025-09-01
4116901,411690,Nova Esperança,PR,41,2025-09-01
4116950,411695,Nova Esperança do Sudoeste,PR,41,2025-09-01
4117008,411700,Nova Fátima,PR,41,2025-09-01
4117057,411705,Nova Laranjeiras,PR,41,2025-09-01
4117107,411710,Nova Londrina,PR,41,2025-09-01
4117206,411720,Nova Olímpia,PR,41,2025-09-01
4117255,411725,Nova Prata do Iguaçu,PR,41,2025-09-01
4117214,411721,Nova Santa Bárbara,PR,41,2025-09-01
4117222,411722,Nova Santa Rosa,PR,41,2025-09-01
4117271,411727,Nova Tebas,PR,41,2025-09-01
4117297,411729,Novo Itacolomi,PR,41,2025-09-01
4117305,411730,Ortigueira,PR,41,2025-09-01
4117404,411740,Ourizona,PR,41,2025-09-01
4117453,411745,Ouro Verde do Oeste,PR,41,2025-09-01
4117503,411750,Paiçandu,PR,41,2025-09-01
4117602,411760,Palmas,PR,41,2025-09-01
4117701,411770,Palmeira,PR,41,2025-09-01
4117800,411780,Palmital,PR,41,2025-09-01
4117909,411790,Palotina,PR,41,2025-09-01
4118006,411800,Paraíso do Norte,PR,41,2025-09-01
4118105,411810,Paranacity,PR,41,2025-09-01
4118204,411820,Paranaguá,PR,41,2025-09-01
4118303,411830,Paranapoema,PR,41,2025-09-01
4118402,411840,Paranavaí,PR,41,2025-09-01
4118451,411845,Pato Bragado,PR,41,2025-09-01
4118501,411850,Pato Branco,PR,41,2025-09-01
4118600,411860,Paula Freitas,PR,41,2025-09-01
4118709,411870,Paulo Frontin,PR,41,2025-09-01
4118808,411880,Peabiru,PR,41,2025-09-01
4118857,411885,Perobal,PR,41,2025-09-01
4118907,411890,Pérola,PR,41,2025-09-01
4119004,411900,Pérola d'Oeste,PR,41,2025-09-01
4119103,411910,Piên,PR,41,2025-09-01
4119152,411915,Pinhais,PR,41,2025-09-01
4119251,411925,Pinhal de São Bento,PR,41,2025-09-01
4119202,411920,Pinhalão,PR,41,2025-09-01
4119301,411930,Pinhão,PR,41,2025-09-01
4119400,411940,Piraí do Sul,PR,41,2025-09-01
4119509,411950,Piraquara,PR,41,2025-09-01
4119608,411960,Pitanga,PR,41,2025-09-01
4119657,411965,Pitangueiras,PR,41,2025-09-01
4119707,411970,Planaltina do Paraná,PR,41,2025-09-01
4119806,411980,Planalto,PR,41,2025-09-01
4119905,411990,Ponta Grossa,PR,41,2025-09-01
4119954,411995,Pontal do Paraná,PR,41,2025-09-01
4120002,412000,Porecatu,PR,41,2025-09-01
4120101,412010,Porto Amazonas,PR,41,2025-09-01
4120150,412015,Porto Barreiro,PR,41,2025-09-01
4120200,412020,Porto Rico,PR,41,2025-09-01
4120309,412030,Porto Vitória,PR,41,2025-09-01
4120333,412033,Prado Ferreira,PR,41,2025-09-01
4120358,412035,Pranchita,PR,41,2025-09-01
4120408,412040,Presidente Castelo Branco,PR,41,2025-09-01
4120507,412050,Primeiro de Maio,PR,41,2025-09-01
4120606,412060,Prudentópolis,PR,41,2025-09-01
4120655,412065,Quarto Centenário,PR,41,2025-09-01
4120705,412070,Quatiguá,PR,41,2025-09-01
4120804,412080,Quatro Barras,PR,41,2025-09-01
4120853,412085,Quatro Pontes,PR,41,2025-09-01
4120903,412090,Quedas do Iguaçu,PR,41,2025-09-01
4121000,412100,Querência do Norte,PR,41,2025-09-01
4121109,412110,Quinta do Sol,PR,41,2025-09-01
4121208,412120,Quitandinha,PR,41,2025-09-01
4121257,412125,Ramilândia,PR,41,2025-09-01
4121307,412130,Rancho Alegre,PR,41,2025-09-01
4121356,412135,Rancho Alegre D'Oeste,PR,41,2025-09-01
4121406,412140,Realeza,PR,41,2025-09-01
4121505,412150,Rebouças,PR,41,2025-09-01
4121604,412160,Renascença,PR,41,2025-09-01
4121703,412170,Reserva,PR,41,2025-09-01
4121752,412175,Reserva do Iguaçu,PR,41,2025-09-01
4121802,412180,Ribeirão Claro,PR,41,2025-09-01
4121901,412190,Ribeirão do Pinhal,PR,41,2025-09-01
4122008,412200,Rio Azul,PR,41,2025-09-01
4122107,412210,Rio Bom,PR,41,2025-09-01
4122156,412215,Rio Bonito do Iguaçu,PR,41,2025-09-01
4122172,412217,Rio Branco do Ivaí,PR,41,2025-09-01
4122206,412220,Rio Branco do Sul,PR,41,2025-09-01
4122305,412230,Rio Negro,PR,41,2025-09-01
4122404,412240,Rolândia,PR,41,2025-09-01
4122503,412250,Roncador,PR,41,2025-09-01
4122602,412260,Rondon,PR,41,2025-09-01
4122651,412265,Rosário do Ivaí,PR,41,2025-09-01
4122701,412270,Sabáudia,PR,41,2025-09-01
4122800,412280,Salgado Filho,PR,41,2025-09-01
4122909,412290,Salto do Itararé,PR,41,2025-09-01
4123006,412300,Salto do Lontra,PR,41,2025-09-01
4123105,412310,Santa Amélia,PR,41,2025-09-01
4123204,412320,Santa Cecília do Pavão,PR,41,2025-09-01
4123303,412330,Santa Cruz de Monte Castelo,PR,41,2025-09-01
4123402,412340,Santa Fé,PR,41,2025-09-01
4123501,412350,Santa Helena,PR,41,2025-09-01
4123600,412360,Santa Inês,PR,41,2025-09-01
4123709,412370,Santa Isabel do Ivaí,PR,41,2025-09-01
4123808,412380,Santa Izabel do Oeste,PR,41,2025-09-01
4123824,412382,Santa Lúcia,PR,41,2025-09-01
4123857,412385,Santa Maria do Oeste,PR,41,2025-09-01
4123907,412390,Santa Mariana,PR,41,2025-09-01
4123956,412395,Santa Mônica,PR,41,2025-09-01
4124020,412402,Santa Tereza do Oeste,PR,41,2025-09-01
4124053,412405,Santa Terezinha de Itaipu,PR,41,2025-09-01
4124004,412400,Santana do Itararé,PR,41,2025-09-01
4124103,412410,Santo Antônio da Platina,PR,41,2025-09-01
4124202,412420,Santo Antônio do Caiuá,PR,41,2025-09-01
4124301,412430,Santo Antônio do Paraíso,PR,41,2025-09-01
4124400,412440,Santo Antônio do Sudoeste,PR,41,2025-09-01
4124509,412450,Santo Inácio,PR,41,2025-09-01
4124608,412460,São Carlos do Ivaí,PR,41,2025-09-01
4124707,412470,São Jerônimo da Serra,PR,41,2025-09-01
4124806,412480,São João,PR,41,2025-09-01
4124905,412490,São João do Caiuá,PR,41,2025-09-01
4125001,412500,São João do Ivaí,PR,41,2025-09-01
4125100,412510,São João do Triunfo,PR,41,2025-09-01
4125209,412520,São Jorge d'Oeste,PR,41,2025-09-01
4125308,412530,São Jorge do Ivaí,PR,41,2025-09-01
4125357,412535,São Jorge do Patrocínio,PR,41,2025-09-01
4125407,412540,São José da Boa Vista,PR,41,2025-09-01
4125456,412545,São José das Palmeiras,PR,41,2025-09-01
4125506,412550,São José dos Pinhais,PR,41,2025-09-01
4125555,412555,São Manoel do Paraná,PR,41,2025-09-01
4125605,412560,São Mateus do Sul,PR,41,2025-09-01
4125704,412570,São Miguel do Iguaçu,PR,41,2025-09-01
4125753,412575,São Pedro do Iguaçu,PR,41,2025-09-01
4125803,412580,São Pedro do Ivaí,PR,41,2025-09-01
4125902,412590,São Pedro do Paraná,PR,41,2025-09-01
4126009,412600,São Sebastião da Amoreira,PR,41,2025-09-01
4126108,412610,São Tomé,PR,41,2025-09-01
4126207,412620,Sapopema,PR,41,2025-09-01
4126256,412625,Sarandi,PR,41,2025-09-01
4126272,412627,Saudade do Iguaçu,PR,41,2025-09-01
4126306,412630,Sengés,PR,41,2025-09-01
4126355,412635,Serranópolis do Iguaçu,PR,41,2025-09-01
4126405,412640,Sertaneja,PR,41,2025-09-01
4126504,412650,Sertanópolis,PR,41,2025-09-01
4126603,412660,Siqueira Campos,PR,41,2025-09-01
4126652,412665,Sulina,PR,41,2025-09-01
4126678,412667,Tamarana,PR,41,2025-09-01
4126702,412670,Tamboara,PR,41,2025-09-01
4126801,412680,Tapejara,PR,41,2025-09-01
4126900,412690,Tapira,PR,41,2025-09-01
4127007,412700,Teixeira Soares,PR,41,2025-09-01
4127106,412710,Telêmaco Borba,PR,41,2025-09-01
4127205,412720,Terra Boa,PR,41,2025-09-01
4127304,412730,Terra Rica,PR,41,2025-09-01
4127403,412740,Terra Roxa,PR,41,2025-09-01
4127502,412750,Tibagi,PR,41,2025-09-01
4127601,412760,Tijucas do Sul,PR,41,2025-09-01
4127700,412770,Toledo,PR,41,2025-09-01
4127809,412780,Tomazina,PR,41,2025-09-01
4127858,412785,Três Barras do Paraná,PR,41,2025-09-01
4127882,412788,Tunas do Paraná,PR,41,2025-09-01
4127908,412790,Tuneiras do Oeste,PR,41,2025-09-01
4127957,412795,Tupãssi,PR,41,2025-09-01
4127965,412796,Turvo,PR,41,2025-09-01
4128005,412800,Ubiratã,PR,41,2025-09-01
4128104,412810,Umuarama,PR,41,2025-09-01
4128203,412820,União da Vitória,PR,41,2025-09-01
4128302,412830,Uniflor,PR,41,2025-09-01
4128401,412840,Uraí,PR,41,2025-09-01
4128534,412853,Ventania,PR,41,2025-09-01
4128559,412855,Vera Cruz do Oeste,PR,41,2025-09-01
4128609,412860,Verê,PR,41,2025-09-01
4128658,412865,Virmond,PR,41,2025-09-01
4128708,412870,Vitorino,PR,41,2025-09-01
4128500,412850,Wenceslau Braz,PR,41,2025-09-01
4128807,412880,Xambrê,PR,41,2025-09-01
3300100,330010,Angra dos Reis,RJ,33,2025-09-01
3300159,330015,Aperibé,RJ,33,2025-09-01
3300209,330020,Araruama,RJ,33,2025-09-01
3300225,330022,Areal,RJ,33,2025-09-01
3300233,330023,Armação dos Búzios,RJ,33,2025-09-01
3300258,330025,Arraial do Cabo,RJ,33,2025-09-01
3300308,330030,Barra do Piraí,RJ,33,2025-09-01
3300407,330040,Barra Mansa,RJ,33,2025-09-01
3300456,330045,Belford Roxo,RJ,33,2025-09-01
3300506,330050,Bom Jardim,RJ,33,2025-09-01
3300605,330060,Bom Jesus do Itabapoana,RJ,33,2025-09-01
3300704,330070,Cabo Frio,RJ,33,2025-09-01
3300803,330080,Cachoeiras de Macacu,RJ,33,2025-09-01
3300902,330090,Cambuci,RJ,33,2025-09-01
3301009,330100,Campos dos Goytacazes,RJ,33,2025-09-01
3301108,330110,Cantagalo,RJ,33,2025-09-01
3300936,330093,Carapebus,RJ,33,2025-09-01
3301157,330115,Cardoso Moreira,RJ,33,2025-09-01
3301207,330120,Carmo,RJ,33,2025-09-01
3301306,330130,Casimiro de Abreu,RJ,33,2025-09-01
3300951,330095,Comendador Levy Gasparian,RJ,33,2025-09-01
3301405,330140,Conceição de Macabu,RJ,33,2025-09-01
3301504,330150,Cordeiro,RJ,33,2025-09-01
3301603,330160,Duas Barras,RJ,33,2025-09-01
3301702,330170,Duque de Caxias,RJ,33,2025-09-01
3301801,330180,Engenheiro Paulo de Frontin,RJ,33,2025-09-01
3301850,330185,Guapimirim,RJ,33,2025-09-01
3301876,330187,Iguaba Grande,RJ,33,2025-09-01
3301900,330190,Itaboraí,RJ,33,2025-09-01
3302007,330200,Itaguaí,RJ,33,2025-09-01
3302056,330205,Italva,RJ,33,2025-09-01
3302106,330210,Itaocara,RJ,33,2025-09-01
3302205,330220,Itaperuna,RJ,33,2025-09-01
3302254,330225,Itatiaia,RJ,33,2025-09-01
3302270,330227,Japeri,RJ,33,2025-09-01
3302304,330230,Laje do Muriaé,RJ,33,2025-09-01
3302403,330240,Macaé,RJ,33,2025-09-01
3302452,330245,Macuco,RJ,33,2025-09-01
3302502,330250,Magé,RJ,33,2025-09-01
3302601,330260,Mangaratiba,RJ,33,2025-09-01
3302700,330270,Maricá,RJ,33,2025-09-01
3302809,330280,Mendes,RJ,33,2025-09-01
3302858,330285,Mesquita,RJ,33,2025-09-01
3302908,330290,Miguel Pereira,RJ,33,2025-09-01
3303005,330300,Miracema,RJ,33,2025-09-01
3303104,330310,Natividade,RJ,33,2025-09-01
3303203,330320,Nilópolis,RJ,33,2025-09-01
3303302,330330,Niterói,RJ,33,2025-09-01
3303401,330340,Nova Friburgo,RJ,33,2025-09-01
3303500,330350,Nova Iguaçu,RJ,33,2025-09-01
3303609,330360,Paracambi,RJ,33,2025-09-01
3303708,330370,Paraíba do Sul,RJ,33,2025-09-01
3303807,330380,Paraty,RJ,33,2025-09-01
3303856,330385,Paty do Alferes,RJ,33,2025-09-01
3303906,330390,Petrópolis,RJ,33,2025-09-01
3303955,330395,Pinheiral,RJ,33,2025-09-01
3304003,330400,Piraí,RJ,33,2025-09-01
3304102,330410,Porciúncula,RJ,33,2025-09-01
3304110,330411,Porto Real,RJ,33,2025-09-01
3304128,330412,Quatis,RJ,33,2025-09-01
3304144,330414,Queimados,RJ,33,2025-09-01
3304151,330415,Quissamã,RJ,33,2025-09-01
3304201,330420,Resende,RJ,33,2025-09-01
3304300,330430,Rio Bonito,RJ,33,2025-09-01
3304409,330440,Rio Claro,RJ,33,2025-09-01
3304508,330450,Rio das Flores,RJ,33,2025-09-01
3304524,330452,Rio das Ostras,RJ,33,2025-09-01
3304557,330455,Rio de Janeiro,RJ,33,2025-09-01
3304607,330460,Santa Maria Madalena,RJ,33,2025-09-01
3304706,330470,Santo Antônio de Pádua,RJ,33,2025-09-01
3304805,330480,São Fidélis,RJ,33,2025-09-01
3304755,330475,São Francisco de Itabapoana,RJ,33,2025-09-01
3304904,330490,São Gonçalo,RJ,33,2025-09-01
3305000,330500,São João da Barra,RJ,33,2025-09-01
3305109,330510,São João de Meriti,RJ,33,2025-09-01
3305133,330513,São José de Ubá,RJ,33,2025-09-01
3305158,330515,São José do Vale do Rio Preto,RJ,33,2025-09-01
3305208,330520,São Pedro da Aldeia,RJ,33,2025-09-01
3305307,330530,São Sebastião do Alto,RJ,33,2025-09-01
3305406,330540,Sapucaia,RJ,33,2025-09-01
3305505,330550,Saquarema,RJ,33,2025-09-01
3305554,330555,Seropédica,RJ,33,2025-09-01
3305604,330560,Silva Jardim,RJ,33,2025-09-01
3305703,330570,Sumidouro,RJ,33,2025-09-01
3305752,330575,Tanguá,RJ,33,2025-09-01
3305802,330580,Teresópolis,RJ,33,2025-09-01
3305901,330590,Trajano de Moraes,RJ,33,2025-09-01
3306008,330600,Três Rios,RJ,33,2025-09-01
3306107,330610,Valença,RJ,33,2025-09-01
3306156,330615,Varre-Sai,RJ,33,2025-09-01
3306206,330620,Vassouras,RJ,33,2025-09-01
3306305,330630,Volta Redonda,RJ,33,2025-09-01
2400109,240010,Acari,RN,24,2025-09-01
2400208,240020,Açu,RN,24,2025-09-01
2400307,240030,Afonso Bezerra,RN,24,2025-09-01
2400406,240040,Água Nova,RN,24,2025-09-01
2400505,240050,Alexandria,RN,24,2025-09-01
2400604,240060,Almino Afonso,RN,24,2025-09-01
2400703,240070,Alto do Rodrigues,RN,24,2025-09-01
2400802,240080,Angicos,RN,24,2025-09-01
2400901,240090,Antônio Martins,RN,24,2025-09-01
2401008,240100,Apodi,RN,24,2025-09-01
2401107,240110,Areia Branca,RN,24,2025-09-01
2401206,240120,Arês,RN,24,2025-09-01
2401305,240130,Campo Grande,RN,24,2025-09-01
2401404,240140,Baía Formosa,RN,24,2025-09-01
2401453,240145,Baraúna,RN,24,2025-09-01
2401503,240150,Barcelona,RN,24,2025-09-01
2401602,240160,Bento Fernandes,RN,24,2025-09-01
2401651,240165,Bodó,RN,24,2025-09-01
2401701,240170,Bom Jesus,RN,24,2025-09-01
2401800,240180,Brejinho,RN,24,2025-09-01
2401859,240185,Caiçara do Norte,RN,24,2025-09-01
2401909,240190,Caiçara do Rio do Vento,RN,24,2025-09-01
2402006,240200,Caicó,RN,24,2025-09-01
2402105,240210,Campo Redondo,RN,24,2025-09-01
2402204,240220,Canguaretama,RN,24,2025-09-01
2402303,240230,Caraúbas,RN,24,2025-09-01
2402402,240240,Carnaúba dos Dantas,RN,24,2025-09-01
2402501,240250,Carnaubais,RN,24,2025-09-01
2402600,240260,Ceará-Mirim,RN,24,2025-09-01
2402709,240270,Cerro Corá,RN,24,2025-09-01
2402808,240280,Coronel Ezequiel,RN,24,2025-09-01
2402907,240290,Coronel João Pessoa,RN,24,2025-09-01
2403004,240300,Cruzeta,RN,24,2025-09-01
2403103,240310,Currais Novos,RN,24,2025-09-01
2403202,240320,Doutor Severiano,RN,24,2025-09-01
2403301,240330,Encanto,RN,24,2025-09-01
2403400,240340,Equador,RN,24,2025-09-01
2403509,240350,Espírito Santo,RN,24,2025-09-01
2403608,240360,Extremoz,RN,24,2025-09-01
2403707,240370,Felipe Guerra,RN,24,2025-09-01
2403756,240375,Fernando Pedroza,RN,24,2025-09-01
2403806,240380,Florânia,RN,24,2025-09-01
2403905,240390,Francisco Dantas,RN,24,2025-09-01
2404002,240400,Frutuoso Gomes,RN,24,2025-09-01
2404101,240410,Galinhos,RN,24,2025-09-01
2404200,240420,Goianinha,RN,24,2025-09-01
2404309,240430,Governador Dix-Sept Rosado,RN,24,2025-09-01
2404408,240440,Grossos,RN,24,2025-09-01
2404507,240450,Guamaré,RN,24,2025-09-01
2404606,240460,Ielmo Marinho,RN,24,2025-09-01
2404705,240470,Ipanguaçu,RN,24,2025-09-01
2404804,240480,Ipueira,RN,24,2025-09-01
2404853,240485,Itajá,RN,24,2025-09-01
2404903,240490,Itaú,RN,24,2025-09-01
2405009,240500,Jaçanã,RN,24,2025-09-01
2405108,240510,Jandaíra,RN,24,2025-09-01
2405207,240520,Janduís,RN,24,2025-09-01
2405306,240530,Januário Cicco,RN,24,2025-09-01
2405405,240540,Japi,RN,24,2025-09-01
2405504,240550,Jardim de Angicos,RN,24,2025-09-01
2405603,240560,Jardim de Piranhas,RN,24,2025-09-01
2405702,240570,Jardim do Seridó,RN,24,2025-09-01
2405801,240580,João Câmara,RN,24,2025-09-01
2405900,240590,João Dias,RN,24,2025-09-01
2406007,240600,José da Penha,RN,24,2025-09-01
2406106,240610,Jucurutu,RN,24,2025-09-01
2406155,240615,Jundiá,RN,24,2025-09-01
2406205,240620,Lagoa d'Anta,RN,24,2025-09-01
2406304,240630,Lagoa de Pedras,RN,24,2025-09-01
2406403,240640,Lagoa de Velhos,RN,24,2025-09-01
2406502,240650,Lagoa Nova,RN,24,2025-09-01
2406601,240660,Lagoa Salgada,RN,24,2025-09-01
2406700,240670,Lajes,RN,24,2025-09-01
2406809,240680,Lajes Pintadas,RN,24,2025-09-01
2406908,240690,Lucrécia,RN,24,2025-09-01
2407005,240700,Luís Gomes,RN,24,2025-09-01
2407104,240710,Macaíba,RN,24,2025-09-01
2407203,240720,Macau,RN,24,2025-09-01
2407252,240725,Major Sales,RN,24,2025-09-01
2407302,240730,Marcelino Vieira,RN,24,2025-09-01
2407401,240740,Martins,RN,24,2025-09-01
2407500,240750,Maxaranguape,RN,24,2025-09-01
2407609,240760,Messias Targino,RN,24,2025-09-01
2407708,240770,Montanhas,RN,24,2025-09-01
2407807,240780,Monte Alegre,RN,24,2025-09-01
2407906,240790,Monte das Gameleiras,RN,24,2025-09-01
2408003,240800,Mossoró,RN,24,2025-09-01
2408102,240810,Natal,RN,24,2025-09-01
2408201,240820,Nísia Floresta,RN,24,2025-09-01
2408300,240830,Nova Cruz,RN,24,2025-09-01
2408409,240840,Olho d'Água do Borges,RN,24,2025-09-01
2408508,240850,Ouro Branco,RN,24,2025-09-01
2408607,240860,Paraná,RN,24,2025-09-01
2408706,240870,Paraú,RN,24,2025-09-01
2408805,240880,Parazinho,RN,24,2025-09-01
2408904,240890,Parelhas,RN,24,2025-09-01
2403251,240325,Parnamirim,RN,24,2025-09-01
2409100,240910,Passa e Fica,RN,24,2025-09-01
2409209,240920,Passagem,RN,24,2025-09-01
2409308,240930,Patu,RN,24,2025-09-01
2409407,240940,Pau dos Ferros,RN,24,2025-09-01
2409506,240950,Pedra Grande,RN,24,2025-09-01
2409605,240960,Pedra Preta,RN,24,2025-09-01
2409704,240970,Pedro Avelino,RN,24,2025-09-01
2409803,240980,Pedro Velho,RN,24,2025-09-01
2409902,240990,Pendências,RN,24,2025-09-01
2410009,241000,Pilões,RN,24,2025-09-01
2410108,241010,Poço Branco,RN,24,2025-09-01
2410207,241020,Portalegre,RN,24,2025-09-01
2410256,241025,Porto do Mangue,RN,24,2025-09-01
2410306,241030,Serra Caiada,RN,24,2025-09-01
2410405,241040,Pureza,RN,24,2025-09-01
2410504,241050,Rafael Fernandes,RN,24,2025-09-01
2410603,241060,Rafael Godeiro,RN,24,2025-09-01
2410702,241070,Riacho da Cruz,RN,24,2025-09-01
2410801,241080,Riacho de Santana,RN,24,2025-09-01
2410900,241090,Riachuelo,RN,24,2025-09-01
2408953,240895,Rio do Fogo,RN,24,2025-09-01
2411007,241100,Rodolfo Fernandes,RN,24,2025-09-01
2411106,241110,Ruy Barbosa,RN,24,2025-09-01
2411205,241120,Santa Cruz,RN,24,2025-09-01
2409332,240933,Santa Maria,RN,24,2025-09-01
2411403,241140,Santana do Matos,RN,24,2025-09-01
2411429,241142,Santana do Seridó,RN,24,2025-09-01
2411502,241150,Santo Antônio,RN,24,2025-09-01
2411601,241160,São Bento do Norte,RN,24,2025-09-01
2411700,241170,São Bento do Trairí,RN,24,2025-09-01
2411809,241180,São Fernando,RN,24,2025-09-01
2411908,241190,São Francisco do Oeste,RN,24,2025-09-01
2412005,241200,São Gonçalo do Amarante,RN,24,2025-09-01
2412104,241210,São João do Sabugi,RN,24,2025-09-01
2412203,241220,São José de Mipibu,RN,24,2025-09-01
2412302,241230,São José do Campestre,RN,24,2025-09-01
2412401,241240,São José do Seridó,RN,24,2025-09-01
2412500,241250,São Miguel,RN,24,2025-09-01
2412559,241255,São Miguel do Gostoso,RN,24,2025-09-01
2412609,241260,São Paulo do Potengi,RN,24,2025-09-01
2412708,241270,São Pedro,RN,24,2025-09-01
2412807,241280,São Rafael,RN,24,2025-09-01
2412906,241290,São Tomé,RN,24,2025-09-01
2413003,241300,São Vicente,RN,24,2025-09-01
2413102,241310,Senador Elói de Souza,RN,24,2025-09-01
2413201,241320,Senador Georgino Avelino,RN,24,2025-09-01
2413300,241330,Serra de São Bento,RN,24,2025-09-01
2413359,241335,Serra do Mel,RN,24,2025-09-01
2413409,241340,Serra Negra do Norte,RN,24,2025-09-01
2413508,241350,Serrinha,RN,24,2025-09-01
2413557,241355,Serrinha dos Pintos,RN,24,2025-09-01
2413607,241360,Severiano Melo,RN,24,2025-09-01
2413706,241370,Sítio Novo,RN,24,2025-09-01
2413805,241380,Taboleiro Grande,RN,24,2025-09-01
2413904,241390,Taipu,RN,24,2025-09-01
2414001,241400,Tangará,RN,24,2025-09-01
2414100,241410,Tenente Ananias,RN,24,2025-09-01
2414159,241415,Tenente Laurentino Cruz,RN,24,2025-09-01
2411056,241105,Tibau,RN,24,2025-09-01
2414209,241420,Tibau do Sul,RN,24,2025-09-01
2414308,241430,Timbaúba dos Batistas,RN,24,2025-09-01
2414407,241440,Touros,RN,24,2025-09-01
2414456,241445,Triunfo Potiguar,RN,24,2025-09-01
2414506,241450,Umarizal,RN,24,2025-09-01
2414605,241460,Upanema,RN,24,2025-09-01
2414704,241470,Várzea,RN,24,2025-09-01
2414753,241475,Venha-Ver,RN,24,2025-09-01
2414803,241480,Vera Cruz,RN,24,2025-09-01
2414902,241490,Viçosa,RN,24,2025-09-01
2415008,241500,Vila Flor,RN,24,2025-09-01
1100015,110001,Alta Floresta D'Oeste,RO,11,2025-09-01
1100379,110037,Alto Alegre dos Parecis,RO,11,2025-09-01
1100403,110040,Alto Paraíso,RO,11,2025-09-01
1100346,110034,Alvorada D'Oeste,RO,11,2025-09-01
1100023,110002,Ariquemes,RO,11,2025-09-01
1100452,110045,Buritis,RO,11,2025-09-01
1100031,110003,Cabixi,RO,11,2025-09-01
1100601,110060,Cacaulândia,RO,11,2025-09-01
1100049,110004,Cacoal,RO,11,2025-09-01
1100700,110070,Campo Novo de Rondônia,RO,11,2025-09-01
1100809,110080,Candeias do Jamari,RO,11,2025-09-01
1100908,110090,Castanheiras,RO,11,2025-09-01
1100056,110005,Cerejeiras,RO,11,2025-09-01
1100924,110092,Chupinguaia,RO,11,2025-09-01
1100064,110006,Colorado do Oeste,RO,11,2025-09-01
1100072,110007,Corumbiara,RO,11,2025-09-01
1100080,110008,Costa Marques,RO,11,2025-09-01
1100940,110094,Cujubim,RO,11,2025-09-01
1100098,110009,Espigão D'Oeste,RO,11,2025-09-01
1101005,110100,Governador Jorge Teixeira,RO,11,2025-09-01
1100106,110010,Guajará-Mirim,RO,11,2025-09-01
1101104,110110,Itapuã do Oeste,RO,11,2025-09-01
1100114,110011,Jaru,RO,11,2025-09-01
1100122,110012,Ji-Paraná,RO,11,2025-09-01
1100130,110013,Machadinho D'Oeste,RO,11,2025-09-01
1101203,110120,Ministro Andreazza,RO,11,2025-09-01
1101302,110130,Mirante da Serra,RO,11,2025-09-01
1101401,110140,Monte Negro,RO,11,2025-09-01
1100148,110014,Nova Brasilândia D'Oeste,RO,11,2025-09-01
1100338,110033,Nova Mamoré,RO,11,2025-09-01
1101435,110143,Nova União,RO,11,2025-09-01
1100502,110050,Novo Horizonte do Oeste,RO,11,2025-09-01
1100155,110015,Ouro Preto do Oeste,RO,11,2025-09-01
1101450,110145,Parecis,RO,11,2025-09-01
1100189,110018,Pimenta Bueno,RO,11,2025-09-01
1101468,110146,Pimenteiras do Oeste,RO,11,2025-09-01
1100205,110020,Porto Velho,RO,11,2025-09-01
1100254,110025,Presidente Médici,RO,11,2025-09-01
1101476,110147,Primavera de Rondônia,RO,11,2025-09-01
1100262,110026,Rio Crespo,RO,11,2025-09-01
1100288,110028,Rolim de Moura,RO,11,2025-09-01
1100296,110029,Santa Luzia D'Oeste,RO,11,2025-09-01
1101484,110148,São Felipe D'Oeste,RO,11,2025-09-01
1101492,110149,São Francisco do Guaporé,RO,11,2025-09-01
1100320,110032,São Miguel do Guaporé,RO,11,2025-09-01
1101500,110150,Seringueiras,RO,11,2025-09-01
1101559,110155,Teixeirópolis,RO,11,2025-09-01
1101609,110160,Theobroma,RO,11,2025-09-01
1101708,110170,Urupá,RO,11,2025-09-01
1101757,110175,Vale do Anari,RO,11,2025-09-01
1101807,110180,Vale do Paraíso,RO,11,2025-09-01
1100304,110030,Vilhena,RO,11,2025-09-01
1400050,140005,Alto Alegre,RR,14,2025-09-01
1400027,140002,Amajari,RR,14,2025-09-01
1400100,140010,Boa Vista,RR,14,2025-09-01
1400159,140015,Bonfim,RR,14,2025-09-01
1400175,140017,Cantá,RR,14,2025-09-01
1400209,140020,Caracaraí,RR,14,2025-09-01
1400233,140023,Caroebe,RR,14,2025-09-01
1400282,140028,Iracema,RR,14,2025-09-01
1400308,140030,Mucajaí,RR,14,2025-09-01
1400407,140040,Normandia,RR,14,2025-09-01
1400456,140045,Pacaraima,RR,14,2025-09-01
1400472,140047,Rorainópolis,RR,14,2025-09-01
1400506,140050,São João da Baliza,RR,14,2025-09-01
1400605,140060,São Luiz,RR,14,2025-09-01
1400704,140070,Uiramutã,RR,14,2025-09-01
4300034,430003,Aceguá,RS,43,2025-09-01
4300059,430005,Água Santa,RS,43,2025-09-01
4300109,430010,Agudo,RS,43,2025-09-01
4300208,430020,Ajuricaba,RS,43,2025-09-01
4300307,430030,Alecrim,RS,43,2025-09-01
4300406,430040,Alegrete,RS,43,2025-09-01
4300455,430045,Alegria,RS,43,2025-09-01
4300471,430047,Almirante Tamandaré do Sul,RS,43,2025-09-01
4300505,430050,Alpestre,RS,43,2025-09-01
4300554,430055,Alto Alegre,RS,43,2025-09-01
4300570,430057,Alto Feliz,RS,43,2025-09-01
4300604,430060,Alvorada,RS,43,2025-09-01
4300638,430063,Amaral Ferrador,RS,43,2025-09-01
4300646,430064,Ametista do Sul,RS,43,2025-09-01
4300661,430066,André da Rocha,RS,43,2025-09-01
4300703,430070,Anta Gorda,RS,43,2025-09-01
4300802,430080,Antônio Prado,RS,43,2025-09-01
4300851,430085,Arambaré,RS,43,2025-09-01
4300877,430087,Araricá,RS,43,2025-09-01
4300901,430090,Aratiba,RS,43,2025-09-01
4301008,430100,Arroio do Meio,RS,43,2025-09-01
4301073,430107,Arroio do Padre,RS,43,2025-09-01
4301057,430105,Arroio do Sal,RS,43,2025-09-01
4301206,430120,Arroio do Tigre,RS,43,2025-09-01
4301107,430110,Arroio dos Ratos,RS,43,2025-09-01
4301305,430130,Arroio Grande,RS,43,2025-09-01
4301404,430140,Arvorezinha,RS,43,2025-09-01
4301503,430150,Augusto Pestana,RS,43,2025-09-01
4301552,430155,Áurea,RS,43,2025-09-01
4301602,430160,Bagé,RS,43,2025-09-01
4301636,430163,Balneário Pinhal,RS,43,2025-09-01
4301651,430165,Barão,RS,43,2025-09-01
4301701,430170,Barão de Cotegipe,RS,43,2025-09-01
4301750,430175,Barão do Triunfo,RS,43,2025-09-01
4301859,430185,Barra do Guarita,RS,43,2025-09-01
4301875,430187,Barra do Quaraí,RS,43,2025-09-01
4301909,430190,Barra do Ribeiro,RS,43,2025-09-01
4301925,430192,Barra do Rio Azul,RS,43,2025-09-01
4301958,430195,Barra Funda,RS,43,2025-09-01
4301800,430180,Barracão,RS,43,2025-09-01
4302006,430200,Barros Cassal,RS,43,2025-09-01
4302055,430205,Benjamin Constant do Sul,RS,43,2025-09-01
4302105,430210,Bento Gonçalves,RS,43,2025-09-01
4302154,430215,Boa Vista das Missões,RS,43,2025-09-01
4302204,430220,Boa Vista do Buricá,RS,43,2025-09-01
4302220,430222,Boa Vista do Cadeado,RS,43,2025-09-01
4302238,430223,Boa Vista do Incra,RS,43,2025-09-01
4302253,430225,Boa Vista do Sul,RS,43,2025-09-01
4302303,430230,Bom Jesus,RS,43,2025-09-01
4302352,430235,Bom Princípio,RS,43,2025-09-01
4302378,430237,Bom Progresso,RS,43,2025-09-01
4302402,430240,Bom Retiro do Sul,RS,43,2025-09-01
4302451,430245,Boqueirão do Leão,RS,43,2025-09-01
4302501,430250,Bossoroca,RS,43,2025-09-01
4302584,430258,Bozano,RS,43,2025-09-01
4302600,430260,Braga,RS,43,2025-09-01
4302659,430265,Brochier,RS,43,2025-09-01
4302709,430270,Butiá,RS,43,2025-09-01
4302808,430280,Caçapava do Sul,RS,43,2025-09-01
4302907,430290,Cacequi,RS,43,2025-09-01
4303004,430300,Cachoeira do Sul,RS,43,2025-09-01
4303103,430310,Cachoeirinha,RS,43,2025-09-01
4303202,430320,Cacique Doble,RS,43,2025-09-01
4303301,430330,Caibaté,RS,43,2025-09-01
4303400,430340,Caiçara,RS,43,2025-09-01
4303509,430350,Camaquã,RS,43,2025-09-01
4303558,430355,Camargo,RS,43,2025-09-01
4303608,430360,Cambará do Sul,RS,43,2025-09-01
4303673,430367,Campestre da Serra,RS,43,2025-09-01
4303707,430370,Campina das Missões,RS,43,2025-09-01
4303806,430380,Campinas do Sul,RS,43,2025-09-01
4303905,430390,Campo Bom,RS,43,2025-09-01
4304002,430400,Campo Novo,RS,43,2025-09-01
4304101,430410,Campos Borges,RS,43,2025-09-01
4304200,430420,Candelária,RS,43,2025-09-01
4304309,430430,Cândido Godói,RS,43,2025-09-01
4304358,430435,Candiota,RS,43,2025-09-01
4304408,430440,Canela,RS,43,2025-09-01
4304507,430450,Canguçu,RS,43,2025-09-01
4304606,430460,Canoas,RS,43,2025-09-01
4304614,430461,Canudos do Vale,RS,43,2025-09-01
4304622,430462,Capão Bonito do Sul,RS,43,2025-09-01
4304630,430463,Capão da Canoa,RS,43,2025-09-01
4304655,430465,Capão do Cipó,RS,43,2025-09-01
4304663,430466,Capão do Leão,RS,43,2025-09-01
4304689,430468,Capela de Santana,RS,43,2025-09-01
4304697,430469,Capitão,RS,43,2025-09-01
4304671,430467,Capivari do Sul,RS,43,2025-09-01
4304713,430471,Caraá,RS,43,2025-09-01
4304705,430470,Carazinho,RS,43,2025-09-01
4304804,430480,Carlos Barbosa,RS,43,2025-09-01
4304853,430485,Carlos Gomes,RS,43,2025-09-01
4304903,430490,Casca,RS,43,2025-09-01
4304952,430495,Caseiros,RS,43,2025-09-01
4305009,430500,Catuípe,RS,43,2025-09-01
4305108,430510,Caxias do Sul,RS,43,2025-09-01
4305116,430511,Centenário,RS,43,2025-09-01
4305124,430512,Cerrito,RS,43,2025-09-01
4305132,430513,Cerro Branco,RS,43,2025-09-01
4305157,430515,Cerro Grande,RS,43,2025-09-01
4305173,430517,Cerro Grande do Sul,RS,43,2025-09-01
4305207,430520,Cerro Largo,RS,43,2025-09-01
4305306,430530,Chapada,RS,43,2025-09-01
4305355,430535,Charqueadas,RS,43,2025-09-01
4305371,430537,Charrua,RS,43,2025-09-01
4305405,430540,Chiapetta,RS,43,2025-09-01
4305439,430543,Chuí,RS,43,2025-09-01
4305447,430544,Chuvisca,RS,43,2025-09-01
4305454,430545,Cidreira,RS,43,2025-09-01
4305504,430550,Ciríaco,RS,43,2025-09-01
4305587,430558,Colinas,RS,43,2025-09-01
4305603,430560,Colorado,RS,43,2025-09-01
4305702,430570,Condor,RS,43,2025-09-01
4305801,430580,Constantina,RS,43,2025-09-01
4305835,430583,Coqueiro Baixo,RS,43,2025-09-01
4305850,430585,Coqueiros do Sul,RS,43,2025-09-01
4305871,430587,Coronel Barros,RS,43,2025-09-01
4305900,430590,Coronel Bicaco,RS,43,2025-09-01
4305934,430593,Coronel Pilar,RS,43,2025-09-01
4305959,430595,Cotiporã,RS,43,2025-09-01
4305975,430597,Coxilha,RS,43,2025-09-01
4306007,430600,Crissiumal,RS,43,2025-09-01
4306056,430605,Cristal,RS,43,2025-09-01
4306072,430607,Cristal do Sul,RS,43,2025-09-01
4306106,430610,Cruz Alta,RS,43,2025-09-01
4306130,430613,Cruzaltense,RS,43,2025-09-01
4306205,430620,Cruzeiro do Sul,RS,43,2025-09-01
4306304,430630,David Canabarro,RS,43,2025-09-01
4306320,430632,Derrubadas,RS,43,2025-09-01
4306353,430635,Dezesseis de Novembro,RS,43,2025-09-01
4306379,430637,Dilermando de Aguiar,RS,43,2025-09-01
4306403,430640,Dois Irmãos,RS,43,2025-09-01
4306429,430642,Dois Irmãos das Missões,RS,43,2025-09-01
4306452,430645,Dois Lajeados,RS,43,2025-09-01
4306502,430650,Dom Feliciano,RS,43,2025-09-01
4306601,430660,Dom Pedrito,RS,43,2025-09-01
4306551,430655,Dom Pedro de Alcântara,RS,43,2025-09-01
4306700,430670,Dona Francisca,RS,43,2025-09-01
4306734,430673,Doutor Maurício Cardoso,RS,43,2025-09-01
4306759,430675,Doutor Ricardo,RS,43,2025-09-01
4306767,430676,Eldorado do Sul,RS,43,2025-09-01
4306809,430680,Encantado,RS,43,2025-09-01
4306908,430690,Encruzilhada do Sul,RS,43,2025-09-01
4306924,430692,Engenho Velho,RS,43,2025-09-01
4306957,430695,Entre Rios do Sul,RS,43,2025-09-01
4306932,430693,Entre-Ijuís,RS,43,2025-09-01
4306973,430697,Erebango,RS,43,2025-09-01
4307005,430700,Erechim,RS,43,2025-09-01
4307054,430705,Ernestina,RS,43,2025-09-01
4307203,430720,Erval Grande,RS,43,2025-09-01
4307302,430730,Erval Seco,RS,43,2025-09-01
4307401,430740,Esmeralda,RS,43,2025-09-01
4307450,430745,Esperança do Sul,RS,43,2025-09-01
4307500,430750,Espumoso,RS,43,2025-09-01
4307559,430755,Estação,RS,43,2025-09-01
4307609,430760,Estância Velha,RS,43,2025-09-01
4307708,430770,Esteio,RS,43,2025-09-01
4307807,430780,Estrela,RS,43,2025-09-01
4307815,430781,Estrela Velha,RS,43,2025-09-01
4307831,430783,Eugênio de Castro,RS,43,2025-09-01
4307864,430786,Fagundes Varela,RS,43,2025-09-01
4307906,430790,Farroupilha,RS,43,2025-09-01
4308003,430800,Faxinal do Soturno,RS,43,2025-09-01
4308052,430805,Faxinalzinho,RS,43,2025-09-01
4308078,430807,Fazenda Vilanova,RS,43,2025-09-01
4308102,430810,Feliz,RS,43,2025-09-01
4308201,430820,Flores da Cunha,RS,43,2025-09-01
4308250,430825,Floriano Peixoto,RS,43,2025-09-01
4308300,430830,Fontoura Xavier,RS,43,2025-09-01
4308409,430840,Formigueiro,RS,43,2025-09-01
4308433,430843,Forquetinha,RS,43,2025-09-01
4308458,430845,Fortaleza dos Valos,RS,43,2025-09-01
4308508,430850,Frederico Westphalen,RS,43,2025-09-01
4308607,430860,Garibaldi,RS,43,2025-09-01
4308656,430865,Garruchos,RS,43,2025-09-01
4308706,430870,Gaurama,RS,43,2025-09-01
4308805,430880,General Câmara,RS,43,2025-09-01
4308854,430885,Gentil,RS,43,2025-09-01
4308904,430890,Getúlio Vargas,RS,43,2025-09-01
4309001,430900,Giruá,RS,43,2025-09-01
4309050,430905,Glorinha,RS,43,2025-09-01
4309100,430910,Gramado,RS,43,2025-09-01
4309126,430912,Gramado dos Loureiros,RS,43,2025-09-01
4309159,430915,Gramado Xavier,RS,43,2025-09-01
4309209,430920,Gravataí,RS,43,2025-09-01
4309258,430925,Guabiju,RS,43,2025-09-01
4309308,430930,Guaíba,RS,43,2025-09-01
4309407,430940,Guaporé,RS,43,2025-09-01
4309506,430950,Guarani das Missões,RS,43,2025-09-01
4309555,430955,Harmonia,RS,43,2025-09-01
4307104,430710,Herval,RS,43,2025-09-01
4309571,430957,Herveiras,RS,43,2025-09-01
4309605,430960,Horizontina,RS,43,2025-09-01
4309654,430965,Hulha Negra,RS,43,2025-09-01
4309704,430970,Humaitá,RS,43,2025-09-01
4309753,430975,Ibarama,RS,43,2025-09-01
4309803,430980,Ibiaçá,RS,43,2025-09-01
4309902,430990,Ibiraiaras,RS,43,2025-09-01
4309951,430995,Ibirapuitã,RS,43,2025-09-01
4310009,431000,Ibirubá,RS,43,2025-09-01
4310108,431010,Igrejinha,RS,43,2025-09-01
4310207,431020,Ijuí,RS,43,2025-09-01
4310306,431030,Ilópolis,RS,43,2025-09-01
4310330,431033,Imbé,RS,43,2025-09-01
4310363,431036,Imigrante,RS,43,2025-09-01
4310405,431040,Independência,RS,43,2025-09-01
4310413,431041,Inhacorá,RS,43,2025-09-01
4310439,431043,Ipê,RS,43,2025-09-01
4310462,431046,Ipiranga do Sul,RS,43,2025-09-01
4310504,431050,Iraí,RS,43,2025-09-01
4310538,431053,Itaara,RS,43,2025-09-01
4310553,431055,Itacurubi,RS,43,2025-09-01
4310579,431057,Itapuca,RS,43,2025-09-01
4310603,431060,Itaqui,RS,43,2025-09-01
4310652,431065,Itati,RS,43,2025-09-01
4310702,431070,Itatiba do Sul,RS,43,2025-09-01
4310751,431075,Ivorá,RS,43,2025-09-01
4310801,431080,Ivoti,RS,43,2025-09-01
4310850,431085,Jaboticaba,RS,43,2025-09-01
4310876,431087,Jacuizinho,RS,43,2025-09-01
4310900,431090,Jacutinga,RS,43,2025-09-01
4311007,431100,Jaguarão,RS,43,2025-09-01
4311106,431110,Jaguari,RS,43,2025-09-01
4311122,431112,Jaquirana,RS,43,2025-09-01
4311130,431113,Jari,RS,43,2025-09-01
4311155,431115,Jóia,RS,43,2025-09-01
4311205,431120,Júlio de Castilhos,RS,43,2025-09-01
4311239,431123,Lagoa Bonita do Sul,RS,43,2025-09-01
4311270,431127,Lagoa dos Três Cantos,RS,43,2025-09-01
4311304,431130,Lagoa Vermelha,RS,43,2025-09-01
4311254,431125,Lagoão,RS,43,2025-09-01
4311403,431140,Lajeado,RS,43,2025-09-01
4311429,431142,Lajeado do Bugre,RS,43,2025-09-01
4311502,431150,Lavras do Sul,RS,43,2025-09-01
4311601,431160,Liberato Salzano,RS,43,2025-09-01
4311627,431162,Lindolfo Collor,RS,43,2025-09-01
4311643,431164,Linha Nova,RS,43,2025-09-01
4311718,431171,Maçambará,RS,43,2025-09-01
4311700,431170,Machadinho,RS,43,2025-09-01
4311734,431173,Mampituba,RS,43,2025-09-01
4311759,431175,Manoel Viana,RS,43,2025-09-01
4311775,431177,Maquiné,RS,43,2025-09-01
4311791,431179,Maratá,RS,43,2025-09-01
4311809,431180,Marau,RS,43,2025-09-01
4311908,431190,Marcelino Ramos,RS,43,2025-09-01
4311981,431198,Mariana Pimentel,RS,43,2025-09-01
4312005,431200,Mariano Moro,RS,43,2025-09-01
4312054,431205,Marques de Souza,RS,43,2025-09-01
4312104,431210,Mata,RS,43,2025-09-01
4312138,431213,Mato Castelhano,RS,43,2025-09-01
4312153,431215,Mato Leitão,RS,43,2025-09-01
4312179,431217,Mato Queimado,RS,43,2025-09-01
4312203,431220,Maximiliano de Almeida,RS,43,2025-09-01
4312252,431225,Minas do Leão,RS,43,2025-09-01
4312302,431230,Miraguaí,RS,43,2025-09-01
4312351,431235,Montauri,RS,43,2025-09-01
4312377,431237,Monte Alegre dos Campos,RS,43,2025-09-01
4312385,431238,Monte Belo do Sul,RS,43,2025-09-01
4312401,431240,Montenegro,RS,43,2025-09-01
4312427,431242,Mormaço,RS,43,2025-09-01
4312443,431244,Morrinhos do Sul,RS,43,2025-09-01
4312450,431245,Morro Redondo,RS,43,2025-09-01
4312476,431247,Morro Reuter,RS,43,2025-09-01
4312500,431250,Mostardas,RS,43,2025-09-01
4312609,431260,Muçum,RS,43,2025-09-01
4312617,431261,Muitos Capões,RS,43,2025-09-01
4312625,431262,Muliterno,RS,43,2025-09-01
4312658,431265,Não-Me-Toque,RS,43,2025-09-01
4312674,431267,Nicolau Vergueiro,RS,43,2025-09-01
4312708,431270,Nonoai,RS,43,2025-09-01
4312757,431275,Nova Alvorada,RS,43,2025-09-01
4312807,431280,Nova Araçá,RS,43,2025-09-01
4312906,431290,Nova Bassano,RS,43,2025-09-01
4312955,431295,Nova Boa Vista,RS,43,2025-09-01
4313003,431300,Nova Bréscia,RS,43,2025-09-01
4313011,431301,Nova Candelária,RS,43,2025-09-01
4313037,431303,Nova Esperança do Sul,RS,43,2025-09-01
4313060,431306,Nova Hartz,RS,43,2025-09-01
4313086,431308,Nova Pádua,RS,43,2025-09-01
4313102,431310,Nova Palma,RS,43,2025-09-01
4313201,431320,Nova Petrópolis,RS,43,2025-09-01
4313300,431330,Nova Prata,RS,43,2025-09-01
4313334,431333,Nova Ramada,RS,43,2025-09-01
4313359,431335,Nova Roma do Sul,RS,43,2025-09-01
4313375,431337,Nova Santa Rita,RS,43,2025-09-01
4313490,431349,Novo Barreiro,RS,43,2025-09-01
4313391,431339,Novo Cabrais,RS,43,2025-09-01
4313409,431340,Novo Hamburgo,RS,43,2025-09-01
4313425,431342,Novo Machado,RS,43,2025-09-01
4313441,431344,Novo Tiradentes,RS,43,2025-09-01
4313466,431346,Novo Xingu,RS,43,2025-09-01
4313508,431350,Osório,RS,43,2025-09-01
4313607,431360,Paim Filho,RS,43,2025-09-01
4313656,431365,Palmares do Sul,RS,43,2025-09-01
4313706,431370,Palmeira das Missões,RS,43,2025-09-01
4313805,431380,Palmitinho,RS,43,2025-09-01
4313904,431390,Panambi,RS,43,2025-09-01
4313953,431395,Pantano Grande,RS,43,2025-09-01
4314001,431400,Paraí,RS,43,2025-09-01
4314027,431402,Paraíso do Sul,RS,43,2025-09-01
4314035,431403,Pareci Novo,RS,43,2025-09-01
4314050,431405,Parobé,RS,43,2025-09-01
4314068,431406,Passa Sete,RS,43,2025-09-01
4314076,431407,Passo do Sobrado,RS,43,2025-09-01
4314100,431410,Passo Fundo,RS,43,2025-09-01
4314134,431413,Paulo Bento,RS,43,2025-09-01
4314159,431415,Paverama,RS,43,2025-09-01
4314175,431417,Pedras Altas,RS,43,2025-09-01
4314209,431420,Pedro Osório,RS,43,2025-09-01
4314308,431430,Pejuçara,RS,43,2025-09-01
4314407,431440,Pelotas,RS,43,2025-09-01
4314423,431442,Picada Café,RS,43,2025-09-01
4314456,431445,Pinhal,RS,43,2025-09-01
4314464,431446,Pinhal da Serra,RS,43,2025-09-01
4314472,431447,Pinhal Grande,RS,43,2025-09-01
4314498,431449,Pinheirinho do Vale,RS,43,2025-09-01
4314506,431450,Pinheiro Machado,RS,43,2025-09-01
4314548,431454,Pinto Bandeira,RS,43,2025-09-01
4314555,431455,Pirapó,RS,43,2025-09-01
4314605,431460,Piratini,RS,43,2025-09-01
4314704,431470,Planalto,RS,43,2025-09-01
4314753,431475,Poço das Antas,RS,43,2025-09-01
4314779,431477,Pontão,RS,43,2025-09-01
4314787,431478,Ponte Preta,RS,43,2025-09-01
4314803,431480,Portão,RS,43,2025-09-01
4314902,431490,Porto Alegre,RS,43,2025-09-01
4315008,431500,Porto Lucena,RS,43,2025-09-01
4315057,431505,Porto Mauá,RS,43,2025-09-01
4315073,431507,Porto Vera Cruz,RS,43,2025-09-01
4315107,431510,Porto Xavier,RS,43,2025-09-01
4315131,431513,Pouso Novo,RS,43,2025-09-01
4315149,431514,Presidente Lucena,RS,43,2025-09-01
4315156,431515,Progresso,RS,43,2025-09-01
4315172,431517,Protásio Alves,RS,43,2025-09-01
4315206,431520,Putinga,RS,43,2025-09-01
4315305,431530,Quaraí,RS,43,2025-09-01
4315313,431531,Quatro Irmãos,RS,43,2025-09-01
4315321,431532,Quevedos,RS,43,2025-09-01
4315354,431535,Quinze de Novembro,RS,43,2025-09-01
4315404,431540,Redentora,RS,43,2025-09-01
4315453,431545,Relvado,RS,43,2025-09-01
4315503,431550,Restinga Sêca,RS,43,2025-09-01
4315552,431555,Rio dos Índios,RS,43,2025-09-01
4315602,431560,Rio Grande,RS,43,2025-09-01
4315701,431570,Rio Pardo,RS,43,2025-09-01
4315750,431575,Riozinho,RS,43,2025-09-01
4315800,431580,Roca Sales,RS,43,2025-09-01
4315909,431590,Rodeio Bonito,RS,43,2025-09-01
4315958,431595,Rolador,RS,43,2025-09-01
4316006,431600,Rolante,RS,43,2025-09-01
4316105,431610,Ronda Alta,RS,43,2025-09-01
4316204,431620,Rondinha,RS,43,2025-09-01
4316303,431630,Roque Gonzales,RS,43,2025-09-01
4316402,431640,Rosário do Sul,RS,43,2025-09-01
4316428,431642,Sagrada Família,RS,43,2025-09-01
4316436,431643,Saldanha Marinho,RS,43,2025-09-01
4316451,431645,Salto do Jacuí,RS,43,2025-09-01
4316477,431647,Salvador das Missões,RS,43,2025-09-01
4316501,431650,Salvador do Sul,RS,43,2025-09-01
4316600,431660,Sananduva,RS,43,2025-09-01
4316709,431670,Santa Bárbara do Sul,RS,43,2025-09-01
4316733,431673,Santa Cecília do Sul,RS,43,2025-09-01
4316758,431675,Santa Clara do Sul,RS,43,2025-09-01
4316808,431680,Santa Cruz do Sul,RS,43,2025-09-01
4316972,431697,Santa Margarida do Sul,RS,43,2025-09-01
4316907,431690,Santa Maria,RS,43,2025-09-01
4316956,431695,Santa Maria do Herval,RS,43,2025-09-01
4317202,431720,Santa Rosa,RS,43,2025-09-01
4317251,431725,Santa Tereza,RS,43,2025-09-01
4317301,431730,Santa Vitória do Palmar,RS,43,2025-09-01
4317004,431700,Santana da Boa Vista,RS,43,2025-09-01
4317103,431710,Sant'Ana do Livramento,RS,43,2025-09-01
4317400,431740,Santiago,RS,43,2025-09-01
4317509,431750,Santo Ângelo,RS,43,2025-09-01
4317608,431760,Santo Antônio da Patrulha,RS,43,2025-09-01
4317707,431770,Santo Antônio das Missões,RS,43,2025-09-01
4317558,431755,Santo Antônio do Palma,RS,43,2025-09-01
4317756,431775,Santo Antônio do Planalto,RS,43,2025-09-01
4317806,431780,Santo Augusto,RS,43,2025-09-01
4317905,431790,Santo Cristo,RS,43,2025-09-01
4317954,431795,Santo Expedito do Sul,RS,43,2025-09-01
4318002,431800,São Borja,RS,43,2025-09-01
4318051,431805,São Domingos do Sul,RS,43,2025-09-01
4318101,431810,São Francisco de Assis,RS,43,2025-09-01
4318200,431820,São Francisco de Paula,RS,43,2025-09-01
4318309,431830,São Gabriel,RS,43,2025-09-01
4318408,431840,São Jerônimo,RS,43,2025-09-01
4318424,431842,São João da Urtiga,RS,43,2025-09-01
4318432,431843,São João do Polêsine,RS,43,2025-09-01
4318440,431844,São Jorge,RS,43,2025-09-01
4318457,431845,São José das Missões,RS,43,2025-09-01
4318465,431846,São José do Herval,RS,43,2025-09-01
4318481,431848,São José do Hortêncio,RS,43,2025-09-01
4318499,431849,São José do Inhacorá,RS,43,2025-09-01
4318507,431850,São José do Norte,RS,43,2025-09-01
4318606,431860,São José do Ouro,RS,43,2025-09-01
4318614,431861,São José do Sul,RS,43,2025-09-01
4318622,431862,São José dos Ausentes,RS,43,2025-09-01
4318705,431870,São Leopoldo,RS,43,2025-09-01
4318804,431880,São Lourenço do Sul,RS,43,2025-09-01
4318903,431890,São Luiz Gonzaga,RS,43,2025-09-01
4319000,431900,São Marcos,RS,43,2025-09-01
4319109,431910,São Martinho,RS,43,2025-09-01
4319125,431912,São Martinho da Serra,RS,43,2025-09-01
4319158,431915,São Miguel das Missões,RS,43,2025-09-01
4319208,431920,São Nicolau,RS,43,2025-09-01
4319307,431930,São Paulo das Missões,RS,43,2025-09-01
4319356,431935,São Pedro da Serra,RS,43,2025-09-01
4319364,431936,São Pedro das Missões,RS,43,2025-09-01
4319372,431937,São Pedro do Butiá,RS,43,2025-09-01
4319406,431940,São Pedro do Sul,RS,43,2025-09-01
4319505,431950,São Sebastião do Caí,RS,43,2025-09-01
4319604,431960,São Sepé,RS,43,2025-09-01
4319703,431970,São Valentim,RS,43,2025-09-01
4319711,431971,São Valentim do Sul,RS,43,2025-09-01
4319737,431973,São Valério do Sul,RS,43,2025-09-01
4319752,431975,São Vendelino,RS,43,2025-09-01
4319802,431980,São Vicente do Sul,RS,43,2025-09-01
4319901,431990,Sapiranga,RS,43,2025-09-01
4320008,432000,Sapucaia do Sul,RS,43,2025-09-01
4320107,432010,Sarandi,RS,43,2025-09-01
4320206,432020,Seberi,RS,43,2025-09-01
4320230,432023,Sede Nova,RS,43,2025-09-01
4320263,432026,Segredo,RS,43,2025-09-01
4320305,432030,Selbach,RS,43,2025-09-01
4320321,432032,Senador Salgado Filho,RS,43,2025-09-01
4320354,432035,Sentinela do Sul,RS,43,2025-09-01
4320404,432040,Serafina Corrêa,RS,43,2025-09-01
4320453,432045,Sério,RS,43,2025-09-01
4320503,432050,Sertão,RS,43,2025-09-01
4320552,432055,Sertão Santana,RS,43,2025-09-01
4320578,432057,Sete de Setembro,RS,43,2025-09-01
4320602,432060,Severiano de Almeida,RS,43,2025-09-01
4320651,432065,Silveira Martins,RS,43,2025-09-01
4320677,432067,Sinimbu,RS,43,2025-09-01
4320701,432070,Sobradinho,RS,43,2025-09-01
4320800,432080,Soledade,RS,43,2025-09-01
4320859,432085,Tabaí,RS,43,2025-09-01
4320909,432090,Tapejara,RS,43,2025-09-01
4321006,432100,Tapera,RS,43,2025-09-01
4321105,432110,Tapes,RS,43,2025-09-01
4321204,432120,Taquara,RS,43,2025-09-01
4321303,432130,Taquari,RS,43,2025-09-01
4321329,432132,Taquaruçu do Sul,RS,43,2025-09-01
4321352,432135,Tavares,RS,43,2025-09-01
4321402,432140,Tenente Portela,RS,43,2025-09-01
4321436,432143,Terra de Areia,RS,43,2025-09-01
4321451,432145,Teutônia,RS,43,2025-09-01
4321469,432146,Tio Hugo,RS,43,2025-09-01
4321477,432147,Tiradentes do Sul,RS,43,2025-09-01
4321493,432149,Toropi,RS,43,2025-09-01
4321501,432150,Torres,RS,43,2025-09-01
4321600,432160,Tramandaí,RS,43,2025-09-01
4321626,432162,Travesseiro,RS,43,2025-09-01
4321634,432163,Três Arroios,RS,43,2025-09-01
4321667,432166,Três Cachoeiras,RS,43,2025-09-01
4321709,432170,Três Coroas,RS,43,2025-09-01
4321808,432180,Três de Maio,RS,43,2025-09-01
4321832,432183,Três Forquilhas,RS,43,2025-09-01
4321857,432185,Três Palmeiras,RS,43,2025-09-01
4321907,432190,Três Passos,RS,43,2025-09-01
4321956,432195,Trindade do Sul,RS,43,2025-09-01
4322004,432200,Triunfo,RS,43,2025-09-01
4322103,432210,Tucunduva,RS,43,2025-09-01
4322152,432215,Tunas,RS,43,2025-09-01
4322186,432218,Tupanci do Sul,RS,43,2025-09-01
4322202,432220,Tupanciretã,RS,43,2025-09-01
4322251,432225,Tupandi,RS,43,2025-09-01
4322301,432230,Tuparendi,RS,43,2025-09-01
4322327,432232,Turuçu,RS,43,2025-09-01
4322343,432234,Ubiretama,RS,43,2025-09-01
4322350,432235,União da Serra,RS,43,2025-09-01
4322376,432237,Unistalda,RS,43,2025-09-01
4322400,432240,Uruguaiana,RS,43,2025-09-01
4322509,432250,Vacaria,RS,43,2025-09-01
4322533,432253,Vale do Sol,RS,43,2025-09-01
4322541,432254,Vale Real,RS,43,2025-09-01
4322525,432252,Vale Verde,RS,43,2025-09-01
4322558,432255,Vanini,RS,43,2025-09-01
4322608,432260,Venâncio Aires,RS,43,2025-09-01
4322707,432270,Vera Cruz,RS,43,2025-09-01
4322806,432280,Veranópolis,RS,43,2025-09-01
4322855,432285,Vespasiano Corrêa,RS,43,2025-09-01
4322905,432290,Viadutos,RS,43,2025-09-01
4323002,432300,Viamão,RS,43,2025-09-01
4323101,432310,Vicente Dutra,RS,43,2025-09-01
4323200,432320,Victor Graeff,RS,43,2025-09-01
4323309,432330,Vila Flores,RS,43,2025-09-01
4323358,432335,Vila Lângaro,RS,43,2025-09-01
4323408,432340,Vila Maria,RS,43,2025-09-01
4323457,432345,Vila Nova do Sul,RS,43,2025-09-01
4323507,432350,Vista Alegre,RS,43,2025-09-01
4323606,432360,Vista Alegre do Prata,RS,43,2025-09-01
4323705,432370,Vista Gaúcha,RS,43,2025-09-01
4323754,432375,Vitória das Missões,RS,43,2025-09-01
4323770,432377,Westfália,RS,43,2025-09-01
4323804,432380,Xangri-lá,RS,43,2025-09-01
4200051,420005,Abdon Batista,SC,42,2025-09-01
4200101,420010,Abelardo Luz,SC,42,2025-09-01
4200200,420020,Agrolândia,SC,42,2025-09-01
4200309,420030,Agronômica,SC,42,2025-09-01
4200408,420040,Água Doce,SC,42,2025-09-01
4200507,420050,Águas de Chapecó,SC,42,2025-09-01
4200556,420055,Águas Frias,SC,42,2025-09-01
4200606,420060,Águas Mornas,SC,42,2025-09-01
4200705,420070,Alfredo Wagner,SC,42,2025-09-01
4200754,420075,Alto Bela Vista,SC,42,2025-09-01
4200804,420080,Anchieta,SC,42,2025-09-01
4200903,420090,Angelina,SC,42,2025-09-01
4201000,420100,Anita Garibaldi,SC,42,2025-09-01
4201109,420110,Anitápolis,SC,42,2025-09-01
4201208,420120,Antônio Carlos,SC,42,2025-09-01
4201257,420125,Apiúna,SC,42,2025-09-01
4201273,420127,Arabutã,SC,42,2025-09-01
4201307,420130,Araquari,SC,42,2025-09-01
4201406,420140,Araranguá,SC,42,2025-09-01
4201505,420150,Armazém,SC,42,2025-09-01
4201604,420160,Arroio Trinta,SC,42,2025-09-01
4201653,420165,Arvoredo,SC,42,2025-09-01
4201703,420170,Ascurra,SC,42,2025-09-01
4201802,420180,Atalanta,SC,42,2025-09-01
4201901,420190,Aurora,SC,42,2025-09-01
4201950,420195,Balneário Arroio do Silva,SC,42,2025-09-01
4202057,420205,Balneário Barra do Sul,SC,42,2025-09-01
4202008,420200,Balneário Camboriú,SC,42,2025-09-01
4202073,420207,Balneário Gaivota,SC,42,2025-09-01
4212809,421280,Balneário Piçarras,SC,42,2025-09-01
4220000,422000,Balneário Rincão,SC,42,2025-09-01
4202081,420208,Bandeirante,SC,42,2025-09-01
4202099,420209,Barra Bonita,SC,42,2025-09-01
4202107,420210,Barra Velha,SC,42,2025-09-01
4202131,420213,Bela Vista do Toldo,SC,42,2025-09-01
4202156,420215,Belmonte,SC,42,2025-09-01
4202206,420220,Benedito Novo,SC,42,2025-09-01
4202305,420230,Biguaçu,SC,42,2025-09-01
4202404,420240,Blumenau,SC,42,2025-09-01
4202438,420243,Bocaina do Sul,SC,42,2025-09-01
4202503,420250,Bom Jardim da Serra,SC,42,2025-09-01
4202537,420253,Bom Jesus,SC,42,2025-09-01
4202578,420257,Bom Jesus do Oeste,SC,42,2025-09-01
4202602,420260,Bom Retiro,SC,42,2025-09-01
4202453,420245,Bombinhas,SC,42,2025-09-01
4202701,420270,Botuverá,SC,42,2025-09-01
4202800,420280,Braço do Norte,SC,42,2025-09-01
4202859,420285,Braço do Trombudo,SC,42,2025-09-01
4202875,420287,Brunópolis,SC,42,2025-09-01
4202909,420290,Brusque,SC,42,2025-09-01
4203006,420300,Caçador,SC,42,2025-09-01
4203105,420310,Caibi,SC,42,2025-09-01
4203154,420315,Calmon,SC,42,2025-09-01
4203204,420320,Camboriú,SC,42,2025-09-01
4203303,420330,Campo Alegre,SC,42,2025-09-01
4203402,420340,Campo Belo do Sul,SC,42,2025-09-01
4203501,420350,Campo Erê,SC,42,2025-09-01
4203600,420360,Campos Novos,SC,42,2025-09-01
4203709,420370,Canelinha,SC,42,2025-09-01
4203808,420380,Canoinhas,SC,42,2025-09-01
4203253,420325,Capão Alto,SC,42,2025-09-01
4203907,420390,Capinzal,SC,42,2025-09-01
4203956,420395,Capivari de Baixo,SC,42,2025-09-01
4204004,420400,Catanduvas,SC,42,2025-09-01
4204103,420410,Caxambu do Sul,SC,42,2025-09-01
4204152,420415,Celso Ramos,SC,42,2025-09-01
4204178,420417,Cerro Negro,SC,42,2025-09-01
4204194,420419,Chapadão do Lageado,SC,42,2025-09-01
4204202,420420,Chapecó,SC,42,2025-09-01
4204251,420425,Cocal do Sul,SC,42,2025-09-01
4204301,420430,Concórdia,SC,42,2025-09-01
4204350,420435,Cordilheira Alta,SC,42,2025-09-01
4204400,420440,Coronel Freitas,SC,42,2025-09-01
4204459,420445,Coronel Martins,SC,42,2025-09-01
4204558,420455,Correia Pinto,SC,42,2025-09-01
4204509,420450,Corupá,SC,42,2025-09-01
4204608,420460,Criciúma,SC,42,2025-09-01
4204707,420470,Cunha Porã,SC,42,2025-09-01
4204756,420475,Cunhataí,SC,42,2025-09-01
4204806,420480,Curitibanos,SC,42,2025-09-01
4204905,420490,Descanso,SC,42,2025-09-01
4205001,420500,Dionísio Cerqueira,SC,42,2025-09-01
4205100,420510,Dona Emma,SC,42,2025-09-01
4205159,420515,Doutor Pedrinho,SC,42,2025-09-01
4205175,420517,Entre Rios,SC,42,2025-09-01
4205191,420519,Ermo,SC,42,2025-09-01
4205209,420520,Erval Velho,SC,42,2025-09-01
4205308,420530,Faxinal dos Guedes,SC,42,2025-09-01
4205357,420535,Flor do Sertão,SC,42,2025-09-01
4205407,420540,Florianópolis,SC,42,2025-09-01
4205431,420543,Formosa do Sul,SC,42,2025-09-01
4205456,420545,Forquilhinha,SC,42,2025-09-01
4205506,420550,Fraiburgo,SC,42,2025-09-01
4205555,420555,Frei Rogério,SC,42,2025-09-01
4205605,420560,Galvão,SC,42,2025-09-01
4205704,420570,Garopaba,SC,42,2025-09-01
4205803,420580,Garuva,SC,42,2025-09-01
4205902,420590,Gaspar,SC,42,2025-09-01
4206009,420600,Governador Celso Ramos,SC,42,2025-09-01
4206108,420610,Grão-Pará,SC,42,2025-09-01
4206207,420620,Gravatal,SC,42,2025-09-01
4206306,420630,Guabiruba,SC,42,2025-09-01
4206405,420640,Guaraciaba,SC,42,2025-09-01
4206504,420650,Guaramirim,SC,42,2025-09-01
4206603,420660,Guarujá do Sul,SC,42,2025-09-01
4206652,420665,Guatambú,SC,42,2025-09-01
4206702,420670,Herval d'Oeste,SC,42,2025-09-01
4206751,420675,Ibiam,SC,42,2025-09-01
4206801,420680,Ibicaré,SC,42,2025-09-01
4206900,420690,Ibirama,SC,42,2025-09-01
4207007,420700,Içara,SC,42,2025-09-01
4207106,420710,Ilhota,SC,42,2025-09-01
4207205,420720,Imaruí,SC,42,2025-09-01
4207304,420730,Imbituba,SC,42,2025-09-01
4207403,420740,Imbuia,SC,42,2025-09-01
4207502,420750,Indaial,SC,42,2025-09-01
4207577,420757,Iomerê,SC,42,2025-09-01
4207601,420760,Ipira,SC,42,2025-09-01
4207650,420765,Iporã do Oeste,SC,42,2025-09-01
4207684,420768,Ipuaçu,SC,42,2025-09-01
4207700,420770,Ipumirim,SC,42,2025-09-01
4207759,420775,Iraceminha,SC,42,2025-09-01
4207809,420780,Irani,SC,42,2025-09-01
4207858,420785,Irati,SC,42,2025-09-01
4207908,420790,Irineópolis,SC,42,2025-09-01
4208005,420800,Itá,SC,42,2025-09-01
4208104,420810,Itaiópolis,SC,42,2025-09-01
4208203,420820,Itajaí,SC,42,2025-09-01
4208302,420830,Itapema,SC,42,2025-09-01
4208401,420840,Itapiranga,SC,42,2025-09-01
4208450,420845,Itapoá,SC,42,2025-09-01
4208500,420850,Ituporanga,SC,42,2025-09-01
4208609,420860,Jaborá,SC,42,2025-09-01
4208708,420870,Jacinto Machado,SC,42,2025-09-01
4208807,420880,Jaguaruna,SC,42,2025-09-01
4208906,420890,Jaraguá do Sul,SC,42,2025-09-01
4208955,420895,Jardinópolis,SC,42,2025-09-01
4209003,420900,Joaçaba,SC,42,2025-09-01
4209102,420910,Joinville,SC,42,2025-09-01
4209151,420915,José Boiteux,SC,42,2025-09-01
4209177,420917,Jupiá,SC,42,2025-09-01
4209201,420920,Lacerdópolis,SC,42,2025-09-01
4209300,420930,Lages,SC,42,2025-09-01
4209409,420940,Laguna,SC,42,2025-09-01
4209458,420945,Lajeado Grande,SC,42,2025-09-01
4209508,420950,Laurentino,SC,42,2025-09-01
4209607,420960,Lauro Müller,SC,42,2025-09-01
4209706,420970,Lebon Régis,SC,42,2025-09-01
4209805,420980,Leoberto Leal,SC,42,2025-09-01
4209854,420985,Lindóia do Sul,SC,42,2025-09-01
4209904,420990,Lontras,SC,42,2025-09-01
4210001,421000,Luiz Alves,SC,42,2025-09-01
4210035,421003,Luzerna,SC,42,2025-09-01
4210050,421005,Macieira,SC,42,2025-09-01
4210100,421010,Mafra,SC,42,2025-09-01
4210209,421020,Major Gercino,SC,42,2025-09-01
4210308,421030,Major Vieira,SC,42,2025-09-01
4210407,421040,Maracajá,SC,42,2025-09-01
4210506,421050,Maravilha,SC,42,2025-09-01
4210555,421055,Marema,SC,42,2025-09-01
4210605,421060,Massaranduba,SC,42,2025-09-01
4210704,421070,Matos Costa,SC,42,2025-09-01
4210803,421080,Meleiro,SC,42,2025-09-01
4210852,421085,Mirim Doce,SC,42,2025-09-01
4210902,421090,Modelo,SC,42,2025-09-01
4211009,421100,Mondaí,SC,42,2025-09-01
4211058,421105,Monte Carlo,SC,42,2025-09-01
4211108,421110,Monte Castelo,SC,42,2025-09-01
4211207,421120,Morro da Fumaça,SC,42,2025-09-01
4211256,421125,Morro Grande,SC,42,2025-09-01
4211306,421130,Navegantes,SC,42,2025-09-01
4211405,421140,Nova Erechim,SC,42,2025-09-01
4211454,421145,Nova Itaberaba,SC,42,2025-09-01
4211504,421150,Nova Trento,SC,42,2025-09-01
4211603,421160,Nova Veneza,SC,42,2025-09-01
4211652,421165,Novo Horizonte,SC,42,2025-09-01
4211702,421170,Orleans,SC,42,2025-09-01
4211751,421175,Otacílio Costa,SC,42,2025-09-01
4211801,421180,Ouro,SC,42,2025-09-01
4211850,421185,Ouro Verde,SC,42,2025-09-01
4211876,421187,Paial,SC,42,2025-09-01
4211892,421189,Painel,SC,42,2025-09-01
4211900,421190,Palhoça,SC,42,2025-09-01
4212007,421200,Palma Sola,SC,42,2025-09-01
4212056,421205,Palmeira,SC,42,2025-09-01
4212106,421210,Palmitos,SC,42,2025-09-01
4212205,421220,Papanduva,SC,42,2025-09-01
4212239,421223,Paraíso,SC,42,2025-09-01
4212254,421225,Passo de Torres,SC,42,2025-09-01
4212270,421227,Passos Maia,SC,42,2025-09-01
4212304,421230,Paulo Lopes,SC,42,2025-09-01
4212403,421240,Pedras Grandes,SC,42,2025-09-01
4212502,421250,Penha,SC,42,2025-09-01
4212601,421260,Peritiba,SC,42,2025-09-01
4212650,421265,Pescaria Brava,SC,42,2025-09-01
4212700,421270,Petrolândia,SC,42,2025-09-01
4212908,421290,Pinhalzinho,SC,42,2025-09-01
4213005,421300,Pinheiro Preto,SC,42,2025-09-01
4213104,421310,Piratuba,SC,42,2025-09-01
4213153,421315,Planalto Alegre,SC,42,2025-09-01
4213203,421320,Pomerode,SC,42,2025-09-01
4213302,421330,Ponte Alta,SC,42,2025-09-01
4213351,421335,Ponte Alta do Norte,SC,42,2025-09-01
4213401,421340,Ponte Serrada,SC,42,2025-09-01
4213500,421350,Porto Belo,SC,42,2025-09-01
4213609,421360,Porto União,SC,42,2025-09-01
4213708,421370,Pouso Redondo,SC,42,2025-09-01
4213807,421380,Praia Grande,SC,42,2025-09-01
4213906,421390,Presidente Castello Branco,SC,42,2025-09-01
4214003,421400,Presidente Getúlio,SC,42,2025-09-01
4214102,421410,Presidente Nereu,SC,42,2025-09-01
4214151,421415,Princesa,SC,42,2025-09-01
4214201,421420,Quilombo,SC,42,2025-09-01
4214300,421430,Rancho Queimado,SC,42,2025-09-01
4214409,421440,Rio das Antas,SC,42,2025-09-01
4214508,421450,Rio do Campo,SC,42,2025-09-01
4214607,421460,Rio do Oeste,SC,42,2025-09-01
4214805,421480,Rio do Sul,SC,42,2025-09-01
4214706,421470,Rio dos Cedros,SC,42,2025-09-01
4214904,421490,Rio Fortuna,SC,42,2025-09-01
4215000,421500,Rio Negrinho,SC,42,2025-09-01
4215059,421505,Rio Rufino,SC,42,2025-09-01
4215075,421507,Riqueza,SC,42,2025-09-01
4215109,421510,Rodeio,SC,42,2025-09-01
4215208,421520,Romelândia,SC,42,2025-09-01
4215307,421530,Salete,SC,42,2025-09-01
4215356,421535,Saltinho,SC,42,2025-09-01
4215406,421540,Salto Veloso,SC,42,2025-09-01
4215455,421545,Sangão,SC,42,2025-09-01
4215505,421550,Santa Cecília,SC,42,2025-09-01
4215554,421555,Santa Helena,SC,42,2025-09-01
4215604,421560,Santa Rosa de Lima,SC,42,2025-09-01
4215653,421565,Santa Rosa do Sul,SC,42,2025-09-01
4215679,421567,Santa Terezinha,SC,42,2025-09-01
4215687,421568,Santa Terezinha do Progresso,SC,42,2025-09-01
4215695,421569,Santiago do Sul,SC,42,2025-09-01
4215703,421570,Santo Amaro da Imperatriz,SC,42,2025-09-01
4215802,421580,São Bento do Sul,SC,42,2025-09-01
4215752,421575,São Bernardino,SC,42,2025-09-01
4215901,421590,São Bonifácio,SC,42,2025-09-01
4216008,421600,São Carlos,SC,42,2025-09-01
4216057,421605,São Cristóvão do Sul,SC,42,2025-09-01
4216107,421610,São Domingos,SC,42,2025-09-01
4216206,421620,São Francisco do Sul,SC,42,2025-09-01
4216305,421630,São João Batista,SC,42,2025-09-01
4216354,421635,São João do Itaperiú,SC,42,2025-09-01
4216255,421625,São João do Oeste,SC,42,2025-09-01
4216404,421640,São João do Sul,SC,42,2025-09-01
4216503,421650,São Joaquim,SC,42,2025-09-01
4216602,421660,São José,SC,42,2025-09-01
4216701,421670,São José do Cedro,SC,42,2025-09-01
4216800,421680,São José do Cerrito,SC,42,2025-09-01
4216909,421690,São Lourenço do Oeste,SC,42,2025-09-01
4217006,421700,São Ludgero,SC,42,2025-09-01
4217105,421710,São Martinho,SC,42,2025-09-01
4217154,421715,São Miguel da Boa Vista,SC,42,2025-09-01
4217204,421720,São Miguel do Oeste,SC,42,2025-09-01
4217253,421725,São Pedro de Alcântara,SC,42,2025-09-01
4217303,421730,Saudades,SC,42,2025-09-01
4217402,421740,Schroeder,SC,42,2025-09-01
4217501,421750,Seara,SC,42,2025-09-01
4217550,421755,Serra Alta,SC,42,2025-09-01
4217600,421760,Siderópolis,SC,42,2025-09-01
4217709,421770,Sombrio,SC,42,2025-09-01
4217758,421775,Sul Brasil,SC,42,2025-09-01
4217808,421780,Taió,SC,42,2025-09-01
4217907,421790,Tangará,SC,42,2025-09-01
4217956,421795,Tigrinhos,SC,42,2025-09-01
4218004,421800,Tijucas,SC,42,2025-09-01
4218103,421810,Timbé do Sul,SC,42,2025-09-01
4218202,421820,Timbó,SC,42,2025-09-01
4218251,421825,Timbó Grande,SC,42,2025-09-01
4218301,421830,Três Barras,SC,42,2025-09-01
4218350,421835,Treviso,SC,42,2025-09-01
4218400,421840,Treze de Maio,SC,42,2025-09-01
4218509,421850,Treze Tílias,SC,42,2025-09-01
4218608,421860,Trombudo Central,SC,42,2025-09-01
4218707,421870,Tubarão,SC,42,2025-09-01
4218756,421875,Tunápolis,SC,42,2025-09-01
4218806,421880,Turvo,SC,42,2025-09-01
4218855,421885,União do Oeste,SC,42,2025-09-01
4218905,421890,Urubici,SC,42,2025-09-01
4218954,421895,Urupema,SC,42,2025-09-01
4219002,421900,Urussanga,SC,42,2025-09-01
4219101,421910,Vargeão,SC,42,2025-09-01
4219150,421915,Vargem,SC,42,2025-09-01
4219176,421917,Vargem Bonita,SC,42,2025-09-01
4219200,421920,Vidal Ramos,SC,42,2025-09-01
4219309,421930,Videira,SC,42,2025-09-01
4219358,421935,Vitor Meireles,SC,42,2025-09-01
4219408,421940,Witmarsum,SC,42,2025-09-01
4219507,421950,Xanxerê,SC,42,2025-09-01
4219606,421960,Xavantina,SC,42,2025-09-01
4219705,421970,Xaxim,SC,42,2025-09-01
4219853,421985,Zortéa,SC,42,2025-09-01
2800100,280010,Amparo do São Francisco,SE,28,2025-09-01
2800209,280020,Aquidabã,SE,28,2025-09-01
2800308,280030,Aracaju,SE,28,2025-09-01
2800407,280040,Arauá,SE,28,2025-09-01
2800506,280050,Areia Branca,SE,28,2025-09-01
2800605,280060,Barra dos Coqueiros,SE,28,2025-09-01
2800670,280067,Boquim,SE,28,2025-09-01
2800704,280070,Brejo Grande,SE,28,2025-09-01
2801009,280100,Campo do Brito,SE,28,2025-09-01
2801108,280110,Canhoba,SE,28,2025-09-01
2801207,280120,Canindé de São Francisco,SE,28,2025-09-01
2801306,280130,Capela,SE,28,2025-09-01
2801405,280140,Carira,SE,28,2025-09-01
2801504,280150,Carmópolis,SE,28,2025-09-01
2801603,280160,Cedro de São João,SE,28,2025-09-01
2801702,280170,Cristinápolis,SE,28,2025-09-01
2801900,280190,Cumbe,SE,28,2025-09-01
2802007,280200,Divina Pastora,SE,28,2025-09-01
2802106,280210,Estância,SE,28,2025-09-01
2802205,280220,Feira Nova,SE,28,2025-09-01
2802304,280230,Frei Paulo,SE,28,2025-09-01
2802403,280240,Gararu,SE,28,2025-09-01
2802502,280250,General Maynard,SE,28,2025-09-01
2802601,280260,Gracho Cardoso,SE,28,2025-09-01
2802700,280270,Ilha das Flores,SE,28,2025-09-01
2802809,280280,Indiaroba,SE,28,2025-09-01
2802908,280290,Itabaiana,SE,28,2025-09-01
2803005,280300,Itabaianinha,SE,28,2025-09-01
2803104,280310,Itabi,SE,28,2025-09-01
2803203,280320,Itaporanga d'Ajuda,SE,28,2025-09-01
2803302,280330,Japaratuba,SE,28,2025-09-01
2803401,280340,Japoatã,SE,28,2025-09-01
2803500,280350,Lagarto,SE,28,2025-09-01
2803609,280360,Laranjeiras,SE,28,2025-09-01
2803708,280370,Macambira,SE,28,2025-09-01
2803807,280380,Malhada dos Bois,SE,28,2025-09-01
2803906,280390,Malhador,SE,28,2025-09-01
2804003,280400,Maruim,SE,28,2025-09-01
2804102,280410,Moita Bonita,SE,28,2025-09-01
2804201,280420,Monte Alegre de Sergipe,SE,28,2025-09-01
2804300,280430,Muribeca,SE,28,2025-09-01
2804409,280440,Neópolis,SE,28,2025-09-01
2804458,280445,Nossa Senhora Aparecida,SE,28,2025-09-01
2804508,280450,Nossa Senhora da Glória,SE,28,2025-09-01
2804607,280460,Nossa Senhora das Dores,SE,28,2025-09-01
2804706,280470,Nossa Senhora de Lourdes,SE,28,2025-09-01
2804805,280480,Nossa Senhora do Socorro,SE,28,2025-09-01
2804904,280490,Pacatuba,SE,28,2025-09-01
2805000,280500,Pedra Mole,SE,28,2025-09-01
2805109,280510,Pedrinhas,SE,28,2025-09-01
2805208,280520,Pinhão,SE,28,2025-09-01
2805307,280530,Pirambu,SE,28,2025-09-01
2805406,280540,Poço Redondo,SE,28,2025-09-01
2805505,280550,Poço Verde,SE,28,2025-09-01
2805604,280560,Porto da Folha,SE,28,2025-09-01
2805703,280570,Propriá,SE,28,2025-09-01
2805802,280580,Riachão do Dantas,SE,28,2025-09-01
2805901,280590,Riachuelo,SE,28,2025-09-01
2806008,280600,Ribeirópolis,SE,28,2025-09-01
2806107,280610,Rosário do Catete,SE,28,2025-09-01
2806206,280620,Salgado,SE,28,2025-09-01
2806305,280630,Santa Luzia do Itanhy,SE,28,2025-09-01
2806503,280650,Santa Rosa de Lima,SE,28,2025-09-01
2806404,280640,Santana do São Francisco,SE,28,2025-09-01
2806602,280660,Santo Amaro das Brotas,SE,28,2025-09-01
2806701,280670,São Cristóvão,SE,28,2025-09-01
2806800,280680,São Domingos,SE,28,2025-09-01
2806909,280690,São Francisco,SE,28,2025-09-01
2807006,280700,São Miguel do Aleixo,SE,28,2025-09-01
2807105,280710,Simão Dias,SE,28,2025-09-01
2807204,280720,Siriri,SE,28,2025-09-01
2807303,280730,Telha,SE,28,2025-09-01
2807402,280740,Tobias Barreto,SE,28,2025-09-01
2807501,280750,Tomar do Geru,SE,28,2025-09-01
2807600,280760,Umbaúba,SE,28,2025-09-01
3500105,350010,Adamantina,SP,35,2025-09-01
3500204,350020,Adolfo,SP,35,2025-09-01
3500303,350030,Aguaí,SP,35,2025-09-01
3500402,350040,Águas da Prata,SP,35,2025-09-01
3500501,350050,Águas de Lindóia,SP,35,2025-09-01
3500550,350055,Águas de Santa Bárbara,SP,35,2025-09-01
3500600,350060,Águas de São Pedro,SP,35,2025-09-01
3500709,350070,Agudos,SP,35,2025-09-01
3500758,350075,Alambari,SP,35,2025-09-01
3500808,350080,Alfredo Marcondes,SP,35,2025-09-01
3500907,350090,Altair,SP,35,2025-09-01
3501004,350100,Altinópolis,SP,35,2025-09-01
3501103,350110,Alto Alegre,SP,35,2025-09-01
3501152,350115,Alumínio,SP,35,2025-09-01
3501202,350120,Álvares Florence,SP,35,2025-09-01
3501301,350130,Álvares Machado,SP,35,2025-09-01
3501400,350140,Álvaro de Carvalho,SP,35,2025-09-01
3501509,350150,Alvinlândia,SP,35,2025-09-01
3501608,350160,Americana,SP,35,2025-09-01
3501707,350170,Américo Brasiliense,SP,35,2025-09-01
3501806,350180,Américo de Campos,SP,35,2025-09-01
3501905,350190,Amparo,SP,35,2025-09-01
3502002,350200,Analândia,SP,35,2025-09-01
3502101,350210,Andradina,SP,35,2025-09-01
3502200,350220,Angatuba,SP,35,2025-09-01
3502309,350230,Anhembi,SP,35,2025-09-01
3502408,350240,Anhumas,SP,35,2025-09-01
3502507,350250,Aparecida,SP,35,2025-09-01
3502606,350260,Aparecida d'Oeste,SP,35,2025-09-01
3502705,350270,Apiaí,SP,35,2025-09-01
3502754,350275,Araçariguama,SP,35,2025-09-01
3502804,350280,Araçatuba,SP,35,2025-09-01
3502903,350290,Araçoiaba da Serra,SP,35,2025-09-01
3503000,350300,Aramina,SP,35,2025-09-01
3503109,350310,Arandu,SP,35,2025-09-01
3503158,350315,Arapeí,SP,35,2025-09-01
3503208,350320,Araraquara,SP,35,2025-09-01
3503307,350330,Araras,SP,35,2025-09-01
3503356,350335,Arco-Íris,SP,35,2025-09-01
3503406,350340,Arealva,SP,35,2025-09-01
3503505,350350,Areias,SP,35,2025-09-01
3503604,350360,Areiópolis,SP,35,2025-09-01
3503703,350370,Ariranha,SP,35,2025-09-01
3503802,350380,Artur Nogueira,SP,35,2025-09-01
3503901,350390,Arujá,SP,35,2025-09-01
3503950,350395,Aspásia,SP,35,2025-09-01
3504008,350400,Assis,SP,35,2025-09-01
3504107,350410,Atibaia,SP,35,2025-09-01
3504206,350420,Auriflama,SP,35,2025-09-01
3504305,350430,Avaí,SP,35,2025-09-01
3504404,350440,Avanhandava,SP,35,2025-09-01
3504503,350450,Avaré,SP,35,2025-09-01
3504602,350460,Bady Bassitt,SP,35,2025-09-01
3504701,350470,Balbinos,SP,35,2025-09-01
3504800,350480,Bálsamo,SP,35,2025-09-01
3504909,350490,Bananal,SP,35,2025-09-01
3505005,350500,Barão de Antonina,SP,35,2025-09-01
3505104,350510,Barbosa,SP,35,2025-09-01
3505203,350520,Bariri,SP,35,2025-09-01
3505302,350530,Barra Bonita,SP,35,2025-09-01
3505351,350535,Barra do Chapéu,SP,35,2025-09-01
3505401,350540,Barra do Turvo,SP,35,2025-09-01
3505500,350550,Barretos,SP,35,2025-09-01
3505609,350560,Barrinha,SP,35,2025-09-01
3505708,350570,Barueri,SP,35,2025-09-01
3505807,350580,Bastos,SP,35,2025-09-01
3505906,350590,Batatais,SP,35,2025-09-01
3506003,350600,Bauru,SP,35,2025-09-01
3506102,350610,Bebedouro,SP,35,2025-09-01
3506201,350620,Bento de Abreu,SP,35,2025-09-01
3506300,350630,Bernardino de Campos,SP,35,2025-09-01
3506359,350635,Bertioga,SP,35,2025-09-01
3506409,350640,Bilac,SP,35,2025-09-01
3506508,350650,Birigui,SP,35,2025-09-01
3506607,350660,Biritiba Mirim,SP,35,2025-09-01
3506706,350670,Boa Esperança do Sul,SP,35,2025-09-01
3506805,350680,Bocaina,SP,35,2025-09-01
3506904,350690,Bofete,SP,35,2025-09-01
3507001,350700,Boituva,SP,35,2025-09-01
3507100,350710,Bom Jesus dos Perdões,SP,35,2025-09-01
3507159,350715,Bom Sucesso de Itararé,SP,35,2025-09-01
3507209,350720,Borá,SP,35,2025-09-01
3507308,350730,Boracéia,SP,35,2025-09-01
3507407,350740,Borborema,SP,35,2025-09-01
3507456,350745,Borebi,SP,35,2025-09-01
3507506,350750,Botucatu,SP,35,2025-09-01
3507605,350760,Bragança Paulista,SP,35,2025-09-01
3507704,350770,Braúna,SP,35,2025-09-01
3507753,350775,Brejo Alegre,SP,35,2025-09-01
3507803,350780,Brodowski,SP,35,2025-09-01
3507902,350790,Brotas,SP,35,2025-09-01
3508009,350800,Buri,SP,35,2025-09-01
3508108,350810,Buritama,SP,35,2025-09-01
3508207,350820,Buritizal,SP,35,2025-09-01
3508306,350830,Cabrália Paulista,SP,35,2025-09-01
3508405,350840,Cabreúva,SP,35,2025-09-01
3508504,350850,Caçapava,SP,35,2025-09-01
3508603,350860,Cachoeira Paulista,SP,35,2025-09-01
3508702,350870,Caconde,SP,35,2025-09-01
3508801,350880,Cafelândia,SP,35,2025-09-01
3508900,350890,Caiabu,SP,35,2025-09-01
3509007,350900,Caieiras,SP,35,2025-09-01
3509106,350910,Caiuá,SP,35,2025-09-01
3509205,350920,Cajamar,SP,35,2025-09-01
3509254,350925,Cajati,SP,35,2025-09-01
3509304,350930,Cajobi,SP,35,2025-09-01
3509403,350940,Cajuru,SP,35,2025-09-01
3509452,350945,Campina do Monte Alegre,SP,35,2025-09-01
3509502,350950,Campinas,SP,35,2025-09-01
3509601,350960,Campo Limpo Paulista,SP,35,2025-09-01
3509700,350970,Campos do Jordão,SP,35,2025-09-01
3509809,350980,Campos Novos Paulista,SP,35,2025-09-01
3509908,350990,Cananéia,SP,35,2025-09-01
3509957,350995,Canas,SP,35,2025-09-01
3510005,351000,Cândido Mota,SP,35,2025-09-01
3510104,351010,Cândido Rodrigues,SP,35,2025-09-01
3510153,351015,Canitar,SP,35,2025-09-01
3510203,351020,Capão Bonito,SP,35,2025-09-01
3510302,351030,Capela do Alto,SP,35,2025-09-01
3510401,351040,Capivari,SP,35,2025-09-01
3510500,351050,Caraguatatuba,SP,35,2025-09-01
3510609,351060,Carapicuíba,SP,35,2025-09-01
3510708,351070,Cardoso,SP,35,2025-09-01
3510807,351080,Casa Branca,SP,35,2025-09-01
3510906,351090,Cássia dos Coqueiros,SP,35,2025-09-01
3511003,351100,Castilho,SP,35,2025-09-01
3511102,351110,Catanduva,SP,35,2025-09-01
3511201,351120,Catiguá,SP,35,2025-09-01
3511300,351130,Cedral,SP,35,2025-09-01
3511409,351140,Cerqueira César,SP,35,2025-09-01
3511508,351150,Cerquilho,SP,35,2025-09-01
3511607,351160,Cesário Lange,SP,35,2025-09-01
3511706,351170,Charqueada,SP,35,2025-09-01
3557204,355720,Chavantes,SP,35,2025-09-01
3511904,351190,Clementina,SP,35,2025-09-01
3512001,351200,Colina,SP,35,2025-09-01
3512100,351210,Colômbia,SP,35,2025-09-01
3512209,351220,Conchal,SP,35,2025-09-01
3512308,351230,Conchas,SP,35,2025-09-01
3512407,351240,Cordeirópolis,SP,35,2025-09-01
3512506,351250,Coroados,SP,35,2025-09-01
3512605,351260,Coronel Macedo,SP,35,2025-09-01
3512704,351270,Corumbataí,SP,35,2025-09-01
3512803,351280,Cosmópolis,SP,35,2025-09-01
3512902,351290,Cosmorama,SP,35,2025-09-01
3513009,351300,Cotia,SP,35,2025-09-01
3513108,351310,Cravinhos,SP,35,2025-09-01
3513207,351320,Cristais Paulista,SP,35,2025-09-01
3513306,351330,Cruzália,SP,35,2025-09-01
3513405,351340,Cruzeiro,SP,35,2025-09-01
3513504,351350,Cubatão,SP,35,2025-09-01
3513603,351360,Cunha,SP,35,2025-09-01
3513702,351370,Descalvado,SP,35,2025-09-01
3513801,351380,Diadema,SP,35,2025-09-01
3513850,351385,Dirce Reis,SP,35,2025-09-01
3513900,351390,Divinolândia,SP,35,2025-09-01
3514007,351400,Dobrada,SP,35,2025-09-01
3514106,351410,Dois Córregos,SP,35,2025-09-01
3514205,351420,Dolcinópolis,SP,35,2025-09-01
3514304,351430,Dourado,SP,35,2025-09-01
3514403,351440,Dracena,SP,35,2025-09-01
3514502,351450,Duartina,SP,35,2025-09-01
3514601,351460,Dumont,SP,35,2025-09-01
3514700,351470,Echaporã,SP,35,2025-09-01
3514809,351480,Eldorado,SP,35,2025-09-01
3514908,351490,Elias Fausto,SP,35,2025-09-01
3514924,351492,Elisiário,SP,35,2025-09-01
3514957,351495,Embaúba,SP,35,2025-09-01
3515004,351500,Embu das Artes,SP,35,2025-09-01
3515103,351510,Embu-Guaçu,SP,35,2025-09-01
3515129,351512,Emilianópolis,SP,35,2025-09-01
3515152,351515,Engenheiro Coelho,SP,35,2025-09-01
3515186,351518,Espírito Santo do Pinhal,SP,35,2025-09-01
3515194,351519,Espírito Santo do Turvo,SP,35,2025-09-01
3557303,355730,Estiva Gerbi,SP,35,2025-09-01
3515202,351520,Estrela d'Oeste,SP,35,2025-09-01
3515301,351530,Estrela do Norte,SP,35,2025-09-01
3515350,351535,Euclides da Cunha Paulista,SP,35,2025-09-01
3515400,351540,Fartura,SP,35,2025-09-01
3515608,351560,Fernando Prestes,SP,35,2025-09-01
3515509,351550,Fernandópolis,SP,35,2025-09-01
3515657,351565,Fernão,SP,35,2025-09-01
3515707,351570,Ferraz de Vasconcelos,SP,35,2025-09-01
3515806,351580,Flora Rica,SP,35,2025-09-01
3515905,351590,Floreal,SP,35,2025-09-01
3516002,351600,Flórida Paulista,SP,35,2025-09-01
3516101,351610,Florínea,SP,35,2025-09-01
3516200,351620,Franca,SP,35,2025-09-01
3516309,351630,Francisco Morato,SP,35,2025-09-01
3516408,351640,Franco da Rocha,SP,35,2025-09-01
3516507,351650,Gabriel Monteiro,SP,35,2025-09-01
3516606,351660,Gália,SP,35,2025-09-01
3516705,351670,Garça,SP,35,2025-09-01
3516804,351680,Gastão Vidigal,SP,35,2025-09-01
3516853,351685,Gavião Peixoto,SP,35,2025-09-01
3516903,351690,General Salgado,SP,35,2025-09-01
3517000,351700,Getulina,SP,35,2025-09-01
3517109,351710,Glicério,SP,35,2025-09-01
3517208,351720,Guaiçara,SP,35,2025-09-01
3517307,351730,Guaimbê,SP,35,2025-09-01
3517406,351740,Guaíra,SP,35,2025-09-01
3517505,351750,Guapiaçu,SP,35,2025-09-01
3517604,351760,Guapiara,SP,35,2025-09-01
3517703,351770,Guará,SP,35,2025-09-01
3517802,351780,Guaraçaí,SP,35,2025-09-01
3517901,351790,Guaraci,SP,35,2025-09-01
3518008,351800,Guarani d'Oeste,SP,35,2025-09-01
3518107,351810,Guarantã,SP,35,2025-09-01
3518206,351820,Guararapes,SP,35,2025-09-01
3518305,351830,Guararema,SP,35,2025-09-01
3518404,351840,Guaratinguetá,SP,35,2025-09-01
3518503,351850,Guareí,SP,35,2025-09-01
3518602,351860,Guariba,SP,35,2025-09-01
3518701,351870,Guarujá,SP,35,2025-09-01
3518800,351880,Guarulhos,SP,35,2025-09-01
3518859,351885,Guatapará,SP,35,2025-09-01
3518909,351890,Guzolândia,SP,35,2025-09-01
3519006,351900,Herculândia,SP,35,2025-09-01
3519055,351905,Holambra,SP,35,2025-09-01
3519071,351907,Hortolândia,SP,35,2025-09-01
3519105,351910,Iacanga,SP,35,2025-09-01
3519204,351920,Iacri,SP,35,2025-09-01
3519253,351925,Iaras,SP,35,2025-09-01
3519303,351930,Ibaté,SP,35,2025-09-01
3519402,351940,Ibirá,SP,35,2025-09-01
3519501,351950,Ibirarema,SP,35,2025-09-01
3519600,351960,Ibitinga,SP,35,2025-09-01
3519709,351970,Ibiúna,SP,35,2025-09-01
3519808,351980,Icém,SP,35,2025-09-01
3519907,351990,Iepê,SP,35,2025-09-01
3520004,352000,Igaraçu do Tietê,SP,35,2025-09-01
3520103,352010,Igarapava,SP,35,2025-09-01
3520202,352020,Igaratá,SP,35,2025-09-01
3520301,352030,Iguape,SP,35,2025-09-01
3520426,352042,Ilha Comprida,SP,35,2025-09-01
3520442,352044,Ilha Solteira,SP,35,2025-09-01
3520400,352040,Ilhabela,SP,35,2025-09-01
3520509,352050,Indaiatuba,SP,35,2025-09-01
3520608,352060,Indiana,SP,35,2025-09-01
3520707,352070,Indiaporã,SP,35,2025-09-01
3520806,352080,Inúbia Paulista,SP,35,2025-09-01
3520905,352090,Ipaussu,SP,35,2025-09-01
3521002,352100,Iperó,SP,35,2025-09-01
3521101,352110,Ipeúna,SP,35,2025-09-01
3521150,352115,Ipiguá,SP,35,2025-09-01
3521200,352120,Iporanga,SP,35,2025-09-01
3521309,352130,Ipuã,SP,35,2025-09-01
3521408,352140,Iracemápolis,SP,35,2025-09-01
3521507,352150,Irapuã,SP,35,2025-09-01
3521606,352160,Irapuru,SP,35,2025-09-01
3521705,352170,Itaberá,SP,35,2025-09-01
3521804,352180,Itaí,SP,35,2025-09-01
3521903,352190,Itajobi,SP,35,2025-09-01
3522000,352200,Itaju,SP,35,2025-09-01
3522109,352210,Itanhaém,SP,35,2025-09-01
3522158,352215,Itaoca,SP,35,2025-09-01
3522208,352220,Itapecerica da Serra,SP,35,2025-09-01
3522307,352230,Itapetininga,SP,35,2025-09-01
3522406,352240,Itapeva,SP,35,2025-09-01
3522505,352250,Itapevi,SP,35,2025-09-01
3522604,352260,Itapira,SP,35,2025-09-01
3522653,352265,Itapirapuã Paulista,SP,35,2025-09-01
3522703,352270,Itápolis,SP,35,2025-09-01
3522802,352280,Itaporanga,SP,35,2025-09-01
3522901,352290,Itapuí,SP,35,2025-09-01
3523008,352300,Itapura,SP,35,2025-09-01
3523107,352310,Itaquaquecetuba,SP,35,2025-09-01
3523206,352320,Itararé,SP,35,2025-09-01
3523305,352330,Itariri,SP,35,2025-09-01
3523404,352340,Itatiba,SP,35,2025-09-01
3523503,352350,Itatinga,SP,35,2025-09-01
3523602,352360,Itirapina,SP,35,2025-09-01
3523701,352370,Itirapuã,SP,35,2025-09-01
3523800,352380,Itobi,SP,35,2025-09-01
3523909,352390,Itu,SP,35,2025-09-01
3524006,352400,Itupeva,SP,35,2025-09-01
3524105,352410,Ituverava,SP,35,2025-09-01
3524204,352420,Jaborandi,SP,35,2025-09-01
3524303,352430,Jaboticabal,SP,35,2025-09-01
3524402,352440,Jacareí,SP,35,2025-09-01
3524501,352450,Jaci,SP,35,2025-09-01
3524600,352460,Jacupiranga,SP,35,2025-09-01
3524709,352470,Jaguariúna,SP,35,2025-09-01
3524808,352480,Jales,SP,35,2025-09-01
3524907,352490,Jambeiro,SP,35,2025-09-01
3525003,352500,Jandira,SP,35,2025-09-01
3525102,352510,Jardinópolis,SP,35,2025-09-01
3525201,352520,Jarinu,SP,35,2025-09-01
3525300,352530,Jaú,SP,35,2025-09-01
3525409,352540,Jeriquara,SP,35,2025-09-01
3525508,352550,Joanópolis,SP,35,2025-09-01
3525607,352560,João Ramalho,SP,35,2025-09-01
3525706,352570,José Bonifácio,SP,35,2025-09-01
3525805,352580,Júlio Mesquita,SP,35,2025-09-01
3525854,352585,Jumirim,SP,35,2025-09-01
3525904,352590,Jundiaí,SP,35,2025-09-01
3526001,352600,Junqueirópolis,SP,35,2025-09-01
3526100,352610,Juquiá,SP,35,2025-09-01
3526209,352620,Juquitiba,SP,35,2025-09-01
3526308,352630,Lagoinha,SP,35,2025-09-01
3526407,352640,Laranjal Paulista,SP,35,2025-09-01
3526506,352650,Lavínia,SP,35,2025-09-01
3526605,352660,Lavrinhas,SP,35,2025-09-01
3526704,352670,Leme,SP,35,2025-09-01
3526803,352680,Lençóis Paulista,SP,35,2025-09-01
3526902,352690,Limeira,SP,35,2025-09-01
3527009,352700,Lindóia,SP,35,2025-09-01
3527108,352710,Lins,SP,35,2025-09-01
3527207,352720,Lorena,SP,35,2025-09-01
3527256,352725,Lourdes,SP,35,2025-09-01
3527306,352730,Louveira,SP,35,2025-09-01
3527405,352740,Lucélia,SP,35,2025-09-01
3527504,352750,Lucianópolis,SP,35,2025-09-01
3527603,352760,Luís Antônio,SP,35,2025-09-01
3527702,352770,Luiziânia,SP,35,2025-09-01
3527801,352780,Lupércio,SP,35,2025-09-01
3527900,352790,Lutécia,SP,35,2025-09-01
3528007,352800,Macatuba,SP,35,2025-09-01
3528106,352810,Macaubal,SP,35,2025-09-01
3528205,352820,Macedônia,SP,35,2025-09-01
3528304,352830,Magda,SP,35,2025-09-01
3528403,352840,Mairinque,SP,35,2025-09-01
3528502,352850,Mairiporã,SP,35,2025-09-01
3528601,352860,Manduri,SP,35,2025-09-01
3528700,352870,Marabá Paulista,SP,35,2025-09-01
3528809,352880,Maracaí,SP,35,2025-09-01
3528858,352885,Marapoama,SP,35,2025-09-01
3528908,352890,Mariápolis,SP,35,2025-09-01
3529005,352900,Marília,SP,35,2025-09-01
3529104,352910,Marinópolis,SP,35,2025-09-01
3529203,352920,Martinópolis,SP,35,2025-09-01
3529302,352930,Matão,SP,35,2025-09-01
3529401,352940,Mauá,SP,35,2025-09-01
3529500,352950,Mendonça,SP,35,2025-09-01
3529609,352960,Meridiano,SP,35,2025-09-01
3529658,352965,Mesópolis,SP,35,2025-09-01
3529708,352970,Miguelópolis,SP,35,2025-09-01
3529807,352980,Mineiros do Tietê,SP,35,2025-09-01
3530003,353000,Mira Estrela,SP,35,2025-09-01
3529906,352990,Miracatu,SP,35,2025-09-01
3530102,353010,Mirandópolis,SP,35,2025-09-01
3530201,353020,Mirante do Paranapanema,SP,35,2025-09-01
3530300,353030,Mirassol,SP,35,2025-09-01
3530409,353040,Mirassolândia,SP,35,2025-09-01
3530508,353050,Mococa,SP,35,2025-09-01
3530607,353060,Mogi das Cruzes,SP,35,2025-09-01
3530706,353070,Mogi Guaçu,SP,35,2025-09-01
3530805,353080,Mogi Mirim,SP,35,2025-09-01
3530904,353090,Mombuca,SP,35,2025-09-01
3531001,353100,Monções,SP,35,2025-09-01
3531100,353110,Mongaguá,SP,35,2025-09-01
3531209,353120,Monte Alegre do Sul,SP,35,2025-09-01
3531308,353130,Monte Alto,SP,35,2025-09-01
3531407,353140,Monte Aprazível,SP,35,2025-09-01
3531506,353150,Monte Azul Paulista,SP,35,2025-09-01
3531605,353160,Monte Castelo,SP,35,2025-09-01
3531803,353180,Monte Mor,SP,35,2025-09-01
3531704,353170,Monteiro Lobato,SP,35,2025-09-01
3531902,353190,Morro Agudo,SP,35,2025-09-01
3532009,353200,Morungaba,SP,35,2025-09-01
3532058,353205,Motuca,SP,35,2025-09-01
3532108,353210,Murutinga do Sul,SP,35,2025-09-01
3532157,353215,Nantes,SP,35,2025-09-01
3532207,353220,Narandiba,SP,35,2025-09-01
3532306,353230,Natividade da Serra,SP,35,2025-09-01
3532405,353240,Nazaré Paulista,SP,35,2025-09-01
3532504,353250,Neves Paulista,SP,35,2025-09-01
3532603,353260,Nhandeara,SP,35,2025-09-01
3532702,353270,Nipoã,SP,35,2025-09-01
3532801,353280,Nova Aliança,SP,35,2025-09-01
3532827,353282,Nova Campina,SP,35,2025-09-01
3532843,353284,Nova Canaã Paulista,SP,35,2025-09-01
3532868,353286,Nova Castilho,SP,35,2025-09-01
3532900,353290,Nova Europa,SP,35,2025-09-01
3533007,353300,Nova Granada,SP,35,2025-09-01
3533106,353310,Nova Guataporanga,SP,35,2025-09-01
3533205,353320,Nova Independência,SP,35,2025-09-01
3533304,353330,Nova Luzitânia,SP,35,2025-09-01
3533403,353340,Nova Odessa,SP,35,2025-09-01
3533254,353325,Novais,SP,35,2025-09-01
3533502,353350,Novo Horizonte,SP,35,2025-09-01
3533601,353360,Nuporanga,SP,35,2025-09-01
3533700,353370,Ocauçu,SP,35,2025-09-01
3533809,353380,Óleo,SP,35,2025-09-01
3533908,353390,Olímpia,SP,35,2025-09-01
3534005,353400,Onda Verde,SP,35,2025-09-01
3534104,353410,Oriente,SP,35,2025-09-01
3534203,353420,Orindiúva,SP,35,2025-09-01
3534302,353430,Orlândia,SP,35,2025-09-01
3534401,353440,Osasco,SP,35,2025-09-01
3534500,353450,Oscar Bressane,SP,35,2025-09-01
3534609,353460,Osvaldo Cruz,SP,35,2025-09-01
3534708,353470,Ourinhos,SP,35,2025-09-01
3534807,353480,Ouro Verde,SP,35,2025-09-01
3534757,353475,Ouroeste,SP,35,2025-09-01
3534906,353490,Pacaembu,SP,35,2025-09-01
3535002,353500,Palestina,SP,35,2025-09-01
3535101,353510,Palmares Paulista,SP,35,2025-09-01
3535200,353520,Palmeira d'Oeste,SP,35,2025-09-01
3535309,353530,Palmital,SP,35,2025-09-01
3535408,353540,Panorama,SP,35,2025-09-01
3535507,353550,Paraguaçu Paulista,SP,35,2025-09-01
3535606,353560,Paraibuna,SP,35,2025-09-01
3535705,353570,Paraíso,SP,35,2025-09-01
3535804,353580,Paranapanema,SP,35,2025-09-01
3535903,353590,Paranapuã,SP,35,2025-09-01
3536000,353600,Parapuã,SP,35,2025-09-01
3536109,353610,Pardinho,SP,35,2025-09-01
3536208,353620,Pariquera-Açu,SP,35,2025-09-01
3536257,353625,Parisi,SP,35,2025-09-01
3536307,353630,Patrocínio Paulista,SP,35,2025-09-01
3536406,353640,Paulicéia,SP,35,2025-09-01
3536505,353650,Paulínia,SP,35,2025-09-01
3536570,353657,Paulistânia,SP,35,2025-09-01
3536604,353660,Paulo de Faria,SP,35,2025-09-01
3536703,353670,Pederneiras,SP,35,2025-09-01
3536802,353680,Pedra Bela,SP,35,2025-09-01
3536901,353690,Pedranópolis,SP,35,2025-09-01
3537008,353700,Pedregulho,SP,35,2025-09-01
3537107,353710,Pedreira,SP,35,2025-09-01
3537156,353715,Pedrinhas Paulista,SP,35,2025-09-01
3537206,353720,Pedro de Toledo,SP,35,2025-09-01
3537305,353730,Penápolis,SP,35,2025-09-01
3537404,353740,Pereira Barreto,SP,35,2025-09-01
3537503,353750,Pereiras,SP,35,2025-09-01
3537602,353760,Peruíbe,SP,35,2025-09-01
3537701,353770,Piacatu,SP,35,2025-09-01
3537800,353780,Piedade,SP,35,2025-09-01
3537909,353790,Pilar do Sul,SP,35,2025-09-01
3538006,353800,Pindamonhangaba,SP,35,2025-09-01
3538105,353810,Pindorama,SP,35,2025-09-01
3538204,353820,Pinhalzinho,SP,35,2025-09-01
3538303,353830,Piquerobi,SP,35,2025-09-01
3538501,353850,Piquete,SP,35,2025-09-01
3538600,353860,Piracaia,SP,35,2025-09-01
3538709,353870,Piracicaba,SP,35,2025-09-01
3538808,353880,Piraju,SP,35,2025-09-01
3538907,353890,Pirajuí,SP,35,2025-09-01
3539004,353900,Pirangi,SP,35,2025-09-01
3539103,353910,Pirapora do Bom Jesus,SP,35,2025-09-01
3539202,353920,Pirapozinho,SP,35,2025-09-01
3539301,353930,Pirassununga,SP,35,2025-09-01
3539400,353940,Piratininga,SP,35,2025-09-01
3539509,353950,Pitangueiras,SP,35,2025-09-01
3539608,353960,Planalto,SP,35,2025-09-01
3539707,353970,Platina,SP,35,2025-09-01
3539806,353980,Poá,SP,35,2025-09-01
3539905,353990,Poloni,SP,35,2025-09-01
3540002,354000,Pompéia,SP,35,2025-09-01
3540101,354010,Pongaí,SP,35,2025-09-01
3540200,354020,Pontal,SP,35,2025-09-01
3540259,354025,Pontalinda,SP,35,2025-09-01
3540309,354030,Pontes Gestal,SP,35,2025-09-01
3540408,354040,Populina,SP,35,2025-09-01
3540507,354050,Porangaba,SP,35,2025-09-01
3540606,354060,Porto Feliz,SP,35,2025-09-01
3540705,354070,Porto Ferreira,SP,35,2025-09-01
3540754,354075,Potim,SP,35,2025-09-01
3540804,354080,Potirendaba,SP,35,2025-09-01
3540853,354085,Pracinha,SP,35,2025-09-01
3540903,354090,Pradópolis,SP,35,2025-09-01
3541000,354100,Praia Grande,SP,35,2025-09-01
3541059,354105,Pratânia,SP,35,2025-09-01
3541109,354110,Presidente Alves,SP,35,2025-09-01
3541208,354120,Presidente Bernardes,SP,35,2025-09-01
3541307,354130,Presidente Epitácio,SP,35,2025-09-01
3541406,354140,Presidente Prudente,SP,35,2025-09-01
3541505,354150,Presidente Venceslau,SP,35,2025-09-01
3541604,354160,Promissão,SP,35,2025-09-01
3541653,354165,Quadra,SP,35,2025-09-01
3541703,354170,Quatá,SP,35,2025-09-01
3541802,354180,Queiroz,SP,35,2025-09-01
3541901,354190,Queluz,SP,35,2025-09-01
3542008,354200,Quintana,SP,35,2025-09-01
3542107,354210,Rafard,SP,35,2025-09-01
3542206,354220,Rancharia,SP,35,2025-09-01
3542305,354230,Redenção da Serra,SP,35,2025-09-01
3542404,354240,Regente Feijó,SP,35,2025-09-01
3542503,354250,Reginópolis,SP,35,2025-09-01
3542602,354260,Registro,SP,35,2025-09-01
3542701,354270,Restinga,SP,35,2025-09-01
3542800,354280,Ribeira,SP,35,2025-09-01
3542909,354290,Ribeirão Bonito,SP,35,2025-09-01
3543006,354300,Ribeirão Branco,SP,35,2025-09-01
3543105,354310,Ribeirão Corrente,SP,35,2025-09-01
3543204,354320,Ribeirão do Sul,SP,35,2025-09-01
3543238,354323,Ribeirão dos Índios,SP,35,2025-09-01
3543253,354325,Ribeirão Grande,SP,35,2025-09-01
3543303,354330,Ribeirão Pires,SP,35,2025-09-01
3543402,354340,Ribeirão Preto,SP,35,2025-09-01
3543600,354360,Rifaina,SP,35,2025-09-01
3543709,354370,Rincão,SP,35,2025-09-01
3543808,354380,Rinópolis,SP,35,2025-09-01
3543907,354390,Rio Claro,SP,35,2025-09-01
3544004,354400,Rio das Pedras,SP,35,2025-09-01
3544103,354410,Rio Grande da Serra,SP,35,2025-09-01
3544202,354420,Riolândia,SP,35,2025-09-01
3543501,354350,Riversul,SP,35,2025-09-01
3544251,354425,Rosana,SP,35,2025-09-01
3544301,354430,Roseira,SP,35,2025-09-01
3544400,354440,Rubiácea,SP,35,2025-09-01
3544509,354450,Rubinéia,SP,35,2025-09-01
3544608,354460,Sabino,SP,35,2025-09-01
3544707,354470,Sagres,SP,35,2025-09-01
3544806,354480,Sales,SP,35,2025-09-01
3544905,354490,Sales Oliveira,SP,35,2025-09-01
3545001,354500,Salesópolis,SP,35,2025-09-01
3545100,354510,Salmourão,SP,35,2025-09-01
3545159,354515,Saltinho,SP,35,2025-09-01
3545209,354520,Salto,SP,35,2025-09-01
3545308,354530,Salto de Pirapora,SP,35,2025-09-01
3545407,354540,Salto Grande,SP,35,2025-09-01
3545506,354550,Sandovalina,SP,35,2025-09-01
3545605,354560,Santa Adélia,SP,35,2025-09-01
3545704,354570,Santa Albertina,SP,35,2025-09-01
3545803,354580,Santa Bárbara d'Oeste,SP,35,2025-09-01
3546009,354600,Santa Branca,SP,35,2025-09-01
3546108,354610,Santa Clara d'Oeste,SP,35,2025-09-01
3546207,354620,Santa Cruz da Conceição,SP,35,2025-09-01
3546256,354625,Santa Cruz da Esperança,SP,35,2025-09-01
3546306,354630,Santa Cruz das Palmeiras,SP,35,2025-09-01
3546405,354640,Santa Cruz do Rio Pardo,SP,35,2025-09-01
3546504,354650,Santa Ernestina,SP,35,2025-09-01
3546603,354660,Santa Fé do Sul,SP,35,2025-09-01
3546702,354670,Santa Gertrudes,SP,35,2025-09-01
3546801,354680,Santa Isabel,SP,35,2025-09-01
3546900,354690,Santa Lúcia,SP,35,2025-09-01
3547007,354700,Santa Maria da Serra,SP,35,2025-09-01
3547106,354710,Santa Mercedes,SP,35,2025-09-01
3547403,354740,Santa Rita d'Oeste,SP,35,2025-09-01
3547502,354750,Santa Rita do Passa Quatro,SP,35,2025-09-01
3547601,354760,Santa Rosa de Viterbo,SP,35,2025-09-01
3547650,354765,Santa Salete,SP,35,2025-09-01
3547205,354720,Santana da Ponte Pensa,SP,35,2025-09-01
3547304,354730,Santana de Parnaíba,SP,35,2025-09-01
3547700,354770,Santo Anastácio,SP,35,2025-09-01
3547809,354780,Santo André,SP,35,2025-09-01
3547908,354790,Santo Antônio da Alegria,SP,35,2025-09-01
3548005,354800,Santo Antônio de Posse,SP,35,2025-09-01
3548054,354805,Santo Antônio do Aracanguá,SP,35,2025-09-01
3548104,354810,Santo Antônio do Jardim,SP,35,2025-09-01
3548203,354820,Santo Antônio do Pinhal,SP,35,2025-09-01
3548302,354830,Santo Expedito,SP,35,2025-09-01
3548401,354840,Santópolis do Aguapeí,SP,35,2025-09-01
3548500,354850,Santos,SP,35,2025-09-01
3548609,354860,São Bento do Sapucaí,SP,35,2025-09-01
3548708,354870,São Bernardo do Campo,SP,35,2025-09-01
3548807,354880,São Caetano do Sul,SP,35,2025-09-01
3548906,354890,São Carlos,SP,35,2025-09-01
3549003,354900,São Francisco,SP,35,2025-09-01
3549102,354910,São João da Boa Vista,SP,35,2025-09-01
3549201,354920,São João das Duas Pontes,SP,35,2025-09-01
3549250,354925,São João de Iracema,SP,35,2025-09-01
3549300,354930,São João do Pau d'Alho,SP,35,2025-09-01
3549409,354940,São Joaquim da Barra,SP,35,2025-09-01
3549508,354950,São José da Bela Vista,SP,35,2025-09-01
3549607,354960,São José do Barreiro,SP,35,2025-09-01
3549706,354970,São José do Rio Pardo,SP,35,2025-09-01
3549805,354980,São José do Rio Preto,SP,35,2025-09-01
3549904,354990,São José dos Campos,SP,35,2025-09-01
3549953,354995,São Lourenço da Serra,SP,35,2025-09-01
3550001,355000,São Luiz do Paraitinga,SP,35,2025-09-01
3550100,355010,São Manuel,SP,35,2025-09-01
3550209,355020,São Miguel Arcanjo,SP,35,2025-09-01
3550308,355030,São Paulo,SP,35,2025-09-01
3550407,355040,São Pedro,SP,35,2025-09-01
3550506,355050,São Pedro do Turvo,SP,35,2025-09-01
3550605,355060,São Roque,SP,35,2025-09-01
3550704,355070,São Sebastião,SP,35,2025-09-01
3550803,355080,São Sebastião da Grama,SP,35,2025-09-01
3550902,355090,São Simão,SP,35,2025-09-01
3551009,355100,São Vicente,SP,35,2025-09-01
3551108,355110,Sarapuí,SP,35,2025-09-01
3551207,355120,Sarutaiá,SP,35,2025-09-01
3551306,355130,Sebastianópolis do Sul,SP,35,2025-09-01
3551405,355140,Serra Azul,SP,35,2025-09-01
3551603,355160,Serra Negra,SP,35,2025-09-01
3551504,355150,Serrana,SP,35,2025-09-01
3551702,355170,Sertãozinho,SP,35,2025-09-01
3551801,355180,Sete Barras,SP,35,2025-09-01
3551900,355190,Severínia,SP,35,2025-09-01
3552007,355200,Silveiras,SP,35,2025-09-01
3552106,355210,Socorro,SP,35,2025-09-01
3552205,355220,Sorocaba,SP,35,2025-09-01
3552304,355230,Sud Mennucci,SP,35,2025-09-01
3552403,355240,Sumaré,SP,35,2025-09-01
3552551,355255,Suzanápolis,SP,35,2025-09-01
3552502,355250,Suzano,SP,35,2025-09-01
3552601,355260,Tabapuã,SP,35,2025-09-01
3552700,355270,Tabatinga,SP,35,2025-09-01
3552809,355280,Taboão da Serra,SP,35,2025-09-01
3552908,355290,Taciba,SP,35,2025-09-01
3553005,355300,Taguaí,SP,35,2025-09-01
3553104,355310,Taiaçu,SP,35,2025-09-01
3553203,355320,Taiúva,SP,35,2025-09-01
3553302,355330,Tambaú,SP,35,2025-09-01
3553401,355340,Tanabi,SP,35,2025-09-01
3553500,355350,Tapiraí,SP,35,2025-09-01
3553609,355360,Tapiratiba,SP,35,2025-09-01
3553658,355365,Taquaral,SP,35,2025-09-01
3553708,355370,Taquaritinga,SP,35,2025-09-01
3553807,355380,Taquarituba,SP,35,2025-09-01
3553856,355385,Taquarivaí,SP,35,2025-09-01
3553906,355390,Tarabai,SP,35,2025-09-01
3553955,355395,Tarumã,SP,35,2025-09-01
3554003,355400,Tatuí,SP,35,2025-09-01
3554102,355410,Taubaté,SP,35,2025-09-01
3554201,355420,Tejupá,SP,35,2025-09-01
3554300,355430,Teodoro Sampaio,SP,35,2025-09-01
3554409,355440,Terra Roxa,SP,35,2025-09-01
3554508,355450,Tietê,SP,35,2025-09-01
3554607,355460,Timburi,SP,35,2025-09-01
3554656,355465,Torre de Pedra,SP,35,2025-09-01
3554706,355470,Torrinha,SP,35,2025-09-01
3554755,355475,Trabiju,SP,35,2025-09-01
3554805,355480,Tremembé,SP,35,2025-09-01
3554904,355490,Três Fronteiras,SP,35,2025-09-01
3554953,355495,Tuiuti,SP,35,2025-09-01
3555000,355500,Tupã,SP,35,2025-09-01
3555109,355510,Tupi Paulista,SP,35,2025-09-01
3555208,355520,Turiúba,SP,35,2025-09-01
3555307,355530,Turmalina,SP,35,2025-09-01
3555356,355535,Ubarana,SP,35,2025-09-01
3555406,355540,Ubatuba,SP,35,2025-09-01
3555505,355550,Ubirajara,SP,35,2025-09-01
3555604,355560,Uchoa,SP,35,2025-09-01
3555703,355570,União Paulista,SP,35,2025-09-01
3555802,355580,Urânia,SP,35,2025-09-01
3555901,355590,Uru,SP,35,2025-09-01
3556008,355600,Urupês,SP,35,2025-09-01
3556107,355610,Valentim Gentil,SP,35,2025-09-01
3556206,355620,Valinhos,SP,35,2025-09-01
3556305,355630,Valparaíso,SP,35,2025-09-01
3556354,355635,Vargem,SP,35,2025-09-01
3556404,355640,Vargem Grande do Sul,SP,35,2025-09-01
3556453,355645,Vargem Grande Paulista,SP,35,2025-09-01
3556503,355650,Várzea Paulista,SP,35,2025-09-01
3556602,355660,Vera Cruz,SP,35,2025-09-01
3556701,355670,Vinhedo,SP,35,2025-09-01
3556800,355680,Viradouro,SP,35,2025-09-01
3556909,355690,Vista Alegre do Alto,SP,35,2025-09-01
3556958,355695,Vitória Brasil,SP,35,2025-09-01
3557006,355700,Votorantim,SP,35,2025-09-01
3557105,355710,Votuporanga,SP,35,2025-09-01
3557154,355715,Zacarias,SP,35,2025-09-01
1700251,170025,Abreulândia,TO,17,2025-09-01
1700301,170030,Aguiarnópolis,TO,17,2025-09-01
1700350,170035,Aliança do Tocantins,TO,17,2025-09-01
1700400,170040,Almas,TO,17,2025-09-01
1700707,170070,Alvorada,TO,17,2025-09-01
1701002,170100,Ananás,TO,17,2025-09-01
1701051,170105,Angico,TO,17,2025-09-01
1701101,170110,Aparecida do Rio Negro,TO,17,2025-09-01
1701309,170130,Aragominas,TO,17,2025-09-01
1701903,170190,Araguacema,TO,17,2025-09-01
1702000,170200,Araguaçu,TO,17,2025-09-01
1702109,170210,Araguaína,TO,17,2025-09-01
1702158,170215,Araguanã,TO,17,2025-09-01
1702208,170220,Araguatins,TO,17,2025-09-01
1702307,170230,Arapoema,TO,17,2025-09-01
1702406,170240,Arraias,TO,17,2025-09-01
1702554,170255,Augustinópolis,TO,17,2025-09-01
1702703,170270,Aurora do Tocantins,TO,17,2025-09-01
1702901,170290,Axixá do Tocantins,TO,17,2025-09-01
1703008,170300,Babaçulândia,TO,17,2025-09-01
1703057,170305,Bandeirantes do Tocantins,TO,17,2025-09-01
1703073,170307,Barra do Ouro,TO,17,2025-09-01
1703107,170310,Barrolândia,TO,17,2025-09-01
1703206,170320,Bernardo Sayão,TO,17,2025-09-01
1703305,170330,Bom Jesus do Tocantins,TO,17,2025-09-01
1703602,170360,Brasilândia do Tocantins,TO,17,2025-09-01
1703701,170370,Brejinho de Nazaré,TO,17,2025-09-01
1703800,170380,Buriti do Tocantins,TO,17,2025-09-01
1703826,170382,Cachoeirinha,TO,17,2025-09-01
1703842,170384,Campos Lindos,TO,17,2025-09-01
1703867,170386,Cariri do Tocantins,TO,17,2025-09-01
1703883,170388,Carmolândia,TO,17,2025-09-01
1703891,170389,Carrasco Bonito,TO,17,2025-09-01
1703909,170390,Caseara,TO,17,2025-09-01
1704105,170410,Centenário,TO,17,2025-09-01
1705102,170510,Chapada da Natividade,TO,17,2025-09-01
1704600,170460,Chapada de Areia,TO,17,2025-09-01
1705508,170550,Colinas do Tocantins,TO,17,2025-09-01
1716703,171670,Colméia,TO,17,2025-09-01
1705557,170555,Combinado,TO,17,2025-09-01
1705607,170560,Conceição do Tocantins,TO,17,2025-09-01
1706001,170600,Couto Magalhães,TO,17,2025-09-01
1706100,170610,Cristalândia,TO,17,2025-09-01
1706258,170625,Crixás do Tocantins,TO,17,2025-09-01
1706506,170650,Darcinópolis,TO,17,2025-09-01
1707009,170700,Dianópolis,TO,17,2025-09-01
1707108,170710,Divinópolis do Tocantins,TO,17,2025-09-01
1707207,170720,Dois Irmãos do Tocantins,TO,17,2025-09-01
1707306,170730,Dueré,TO,17,2025-09-01
1707405,170740,Esperantina,TO,17,2025-09-01
1707553,170755,Fátima,TO,17,2025-09-01
1707652,170765,Figueirópolis,TO,17,2025-09-01
1707702,170770,Filadélfia,TO,17,2025-09-01
1708205,170820,Formoso do Araguaia,TO,17,2025-09-01
1708254,170825,Tabocão,TO,17,2025-09-01
1708304,170830,Goianorte,TO,17,2025-09-01
1709005,170900,Goiatins,TO,17,2025-09-01
1709302,170930,Guaraí,TO,17,2025-09-01
1709500,170950,Gurupi,TO,17,2025-09-01
1709807,170980,Ipueiras,TO,17,2025-09-01
1710508,171050,Itacajá,TO,17,2025-09-01
1710706,171070,Itaguatins,TO,17,2025-09-01
1710904,171090,Itapiratins,TO,17,2025-09-01
1711100,171110,Itaporã do Tocantins,TO,17,2025-09-01
1711506,171150,Jaú do Tocantins,TO,17,2025-09-01
1711803,171180,Juarina,TO,17,2025-09-01
1711902,171190,Lagoa da Confusão,TO,17,2025-09-01
1711951,171195,Lagoa do Tocantins,TO,17,2025-09-01
1712009,171200,Lajeado,TO,17,2025-09-01
1712157,171215,Lavandeira,TO,17,2025-09-01
1712405,171240,Lizarda,TO,17,2025-09-01
1712454,171245,Luzinópolis,TO,17,2025-09-01
1712504,171250,Marianópolis do Tocantins,TO,17,2025-09-01
1712702,171270,Mateiros,TO,17,2025-09-01
1712801,171280,Maurilândia do Tocantins,TO,17,2025-09-01
1713205,171320,Miracema do Tocantins,TO,17,2025-09-01
1713304,171330,Miranorte,TO,17,2025-09-01
1713601,171360,Monte do Carmo,TO,17,2025-09-01
1713700,171370,Monte Santo do Tocantins,TO,17,2025-09-01
1713957,171395,Muricilândia,TO,17,2025-09-01
1714203,171420,Natividade,TO,17,2025-09-01
1714302,171430,Nazaré,TO,17,2025-09-01
1714880,171488,Nova Olinda,TO,17,2025-09-01
1715002,171500,Nova Rosalândia,TO,17,2025-09-01
1715101,171510,Novo Acordo,TO,17,2025-09-01
1715150,171515,Novo Alegre,TO,17,2025-09-01
1715259,171525,Novo Jardim,TO,17,2025-09-01
1715507,171550,Oliveira de Fátima,TO,17,2025-09-01
1721000,172100,Palmas,TO,17,2025-09-01
1715705,171570,Palmeirante,TO,17,2025-09-01
1713809,171380,Palmeiras do Tocantins,TO,17,2025-09-01
1715754,171575,Palmeirópolis,TO,17,2025-09-01
1716109,171610,Paraíso do Tocantins,TO,17,2025-09-01
1716208,171620,Paranã,TO,17,2025-09-01
1716307,171630,Pau D'Arco,TO,17,2025-09-01
1716505,171650,Pedro Afonso,TO,17,2025-09-01
1716604,171660,Peixe,TO,17,2025-09-01
1716653,171665,Pequizeiro,TO,17,2025-09-01
1717008,171700,Pindorama do Tocantins,TO,17,2025-09-01
1717206,171720,Piraquê,TO,17,2025-09-01
1717503,171750,Pium,TO,17,2025-09-01
1717800,171780,Ponte Alta do Bom Jesus,TO,17,2025-09-01
1717909,171790,Ponte Alta do Tocantins,TO,17,2025-09-01
1718006,171800,Porto Alegre do Tocantins,TO,17,2025-09-01
1718204,171820,Porto Nacional,TO,17,2025-09-01
1718303,171830,Praia Norte,TO,17,2025-09-01
1718402,171840,Presidente Kennedy,TO,17,2025-09-01
1718451,171845,Pugmil,TO,17,2025-09-01
1718501,171850,Recursolândia,TO,17,2025-09-01
1718550,171855,Riachinho,TO,17,2025-09-01
1718659,171865,Rio da Conceição,TO,17,2025-09-01
1718709,171870,Rio dos Bois,TO,17,2025-09-01
1718758,171875,Rio Sono,TO,17,2025-09-01
1718808,171880,Sampaio,TO,17,2025-09-01
1718840,171884,Sandolândia,TO,17,2025-09-01
1718865,171886,Santa Fé do Araguaia,TO,17,2025-09-01
1718881,171888,Santa Maria do Tocantins,TO,17,2025-09-01
1718899,171889,Santa Rita do Tocantins,TO,17,2025-09-01
1718907,171890,Santa Rosa do Tocantins,TO,17,2025-09-01
1719004,171900,Santa Tereza do Tocantins,TO,17,2025-09-01
1720002,172000,Santa Terezinha do Tocantins,TO,17,2025-09-01
1720101,172010,São Bento do Tocantins,TO,17,2025-09-01
1720150,172015,São Félix do Tocantins,TO,17,2025-09-01
1720200,172020,São Miguel do Tocantins,TO,17,2025-09-01
1720259,172025,São Salvador do Tocantins,TO,17,2025-09-01
1720309,172030,São Sebastião do Tocantins,TO,17,2025-09-01
1720499,172049,São Valério,TO,17,2025-09-01
1720655,172065,Silvanópolis,TO,17,2025-09-01
1720804,172080,Sítio Novo do Tocantins,TO,17,2025-09-01
1720853,172085,Sucupira,TO,17,2025-09-01
1720903,172090,Taguatinga,TO,17,2025-09-01
1720937,172093,Taipas do Tocantins,TO,17,2025-09-01
1720978,172097,Talismã,TO,17,2025-09-01
1721109,172110,Tocantínia,TO,17,2025-09-01
1721208,172120,Tocantinópolis,TO,17,2025-09-01
1721257,172125,Tupirama,TO,17,2025-09-01
1721307,172130,Tupiratins,TO,17,2025-09-01
1722081,172208,Wanderlândia,TO,17,2025-09-01
1722107,172210,Xambioá,TO,17,2025-09-01
5101837,510183,Boa Esperança do Norte,MT,51,2025-09-01
