uf,codigo_uf,codigo_municipio,municipio,populacao
AC,12,1200013,Acrelândia,14657
AC,12,1200054,Assis Brasil,8573
AC,12,1200104,Brasiléia,27841
AC,12,1200138,Bujari,13766
AC,12,1200179,Capixaba,10922
AC,12,1200203,Cruzeiro do Sul,98382
AC,12,1200252,Epitaciolândia,19739
AC,12,1200302,Feijó,37644
AC,12,1200328,Jordão,9787
AC,12,1200336,Mâncio Lima,20329
AC,12,1200344,Manoel Urbano,12776
AC,12,1200351,Marechal Thaumaturgo,17951
AC,12,1200385,Plácido de Castro,17127
AC,12,1200807,Porto Acre,17455
AC,12,1200393,Porto Walter,11275
AC,12,1200401,Rio Branco,387852
AC,12,1200427,Rodrigues Alves,15537
AC,12,1200435,Santa Rosa do Purus,7143
AC,12,1200500,Sena Madureira,43916
AC,12,1200450,Senador Guiomard,22352
AC,12,1200609,Tarauacá,46517
AC,12,1200708,Xapuri,19090
AL,27,2700102,Água Branca,19550
AL,27,2700201,Anadia,14193
AL,27,2700300,Arapiraca,243661
AL,27,2700409,Atalaia,38530
AL,27,2700508,Barra de Santo Antônio,16735
AL,27,2700607,Barra de São Miguel,8118
AL,27,2700706,Batalha,17103
AL,27,2700805,Belém,4820
AL,27,2700904,Belo Monte,5898
AL,27,2701001,Boca da Mata,21517
AL,27,2701100,Branquinha,9786
AL,27,2701209,Cacimbinhas,10701
AL,27,2701308,Cajueiro,16605
AL,27,2701357,Campestre,6807
AL,27,2701407,Campo Alegre,32714
AL,27,2701506,Campo Grande,8293
AL,27,2701605,Canapi,15743
AL,27,2701704,Capela,15068
AL,27,2701803,Carneiros,9200
AL,27,2701902,Chã Preta,6010
AL,27,2702009,Coité do Nóia,11036
AL,27,2702108,Colônia Leopoldina,15949
AL,27,2702207,Coqueiro Seco,5700
AL,27,2702306,Coruripe,51788
AL,27,2702355,Craíbas,26115
AL,27,2702405,Delmiro Gouveia,52809
AL,27,2702504,Dois Riachos,9906
AL,27,2702553,Estrela de Alagoas,15701
AL,27,2702603,Feira Grande,23191
AL,27,2702702,Feliz Deserto,4038
AL,27,2702801,Flexeiras,9767
AL,27,2702900,Girau do Ponciano,37335
AL,27,2703007,Ibateguara,13992
AL,27,2703106,Igaci,24452
AL,27,2703205,Igreja Nova,22125
AL,27,2703304,Inhapi,15417
AL,27,2703403,Jacaré dos Homens,5182
AL,27,2703502,Jacuípe,5432
AL,27,2703601,Japaratinga,9443
AL,27,2703700,Jaramataia,5075
AL,27,2703759,Jequiá da Praia,9625
AL,27,2703809,Joaquim Gomes,17386
AL,27,2703908,Jundiá,4176
AL,27,2704005,Junqueiro,24381
AL,27,2704104,Lagoa da Canoa,18831
AL,27,2704203,Limoeiro de Anadia,25197
AL,27,2704302,Maceió,994464
AL,27,2704401,Major Isidoro,17834
AL,27,2704906,Mar Vermelho,3212
AL,27,2704500,Maragogi,33232
AL,27,2704609,Maravilha,9715
AL,27,2704708,Marechal Deodoro,62341
AL,27,2704807,Maribondo,13968
AL,27,2705002,Mata Grande,22147
AL,27,2705101,Matriz de Camaragibe,24330
AL,27,2705200,Messias,15707
AL,27,2705309,Minador do Negrão,4938
AL,27,2705408,Monteirópolis,7341
AL,27,2705507,Murici,25933
AL,27,2705606,Novo Lino,10298
AL,27,2705705,Olho d'Água das Flores,21132
AL,27,2705804,Olho d'Água do Casado,8522
AL,27,2705903,Olho d'Água Grande,4384
AL,27,2706000,Olivença,11048
AL,27,2706109,Ouro Branco,11699
AL,27,2706208,Palestina,4410
AL,27,2706307,Palmeira dos Índios,73596
AL,27,2706406,Pão de Açúcar,24291
AL,27,2706422,Pariconha,10803
AL,27,2706448,Paripueira,14176
AL,27,2706505,Passo de Camaragibe,14076
AL,27,2706604,Paulo Jacinto,6697
AL,27,2706703,Penedo,60189
AL,27,2706802,Piaçabuçu,16201
AL,27,2706901,Pilar,36499
AL,27,2707008,Pindoba,2786
AL,27,2707107,Piranhas,23053
AL,27,2707206,Poço das Trincheiras,12974
AL,27,2707305,Porto Calvo,24520
AL,27,2707404,Porto de Pedras,9508
AL,27,2707503,Porto Real do Colégio,20262
AL,27,2707602,Quebrangulo,11305
AL,27,2707701,Rio Largo,97435
AL,27,2707800,Roteiro,6607
AL,27,2707909,Santa Luzia do Norte,7065
AL,27,2708006,Santana do Ipanema,47397
AL,27,2708105,Santana do Mundaú,11568
AL,27,2708204,São Brás,6557
AL,27,2708303,São José da Laje,21193
AL,27,2708402,São José da Tapera,31557
AL,27,2708501,São Luís do Quitunde,31792
AL,27,2708600,São Miguel dos Campos,53391
AL,27,2708709,São Miguel dos Milagres,8687
AL,27,2708808,São Sebastião,32701
AL,27,2708907,Satuba,25000
AL,27,2708956,Senador Rui Palmeira,12549
AL,27,2709004,Tanque d'Arca,5909
AL,27,2709103,Taquarana,19422
AL,27,2709152,Teotônio Vilela,39161
AL,27,2709202,Traipu,24124
AL,27,2709301,União dos Palmares,60874
AL,27,2709400,Viçosa,24423
AM,13,1300029,Alvarães,16670
AM,13,1300060,Amaturá,11411
AM,13,1300086,Anamã,10318
AM,13,1300102,Anori,17932
AM,13,1300144,Apuí,21735
AM,13,1300201,Atalaia do Norte,15892
AM,13,1300300,Autazes,45328
AM,13,1300409,Barcelos,18626
AM,13,1300508,Barreirinha,33436
AM,13,1300607,Benjamin Constant,40509
AM,13,1300631,Beruri,22136
AM,13,1300680,Boa Vista do Ramos,25769
AM,13,1300706,Boca do Acre,38246
AM,13,1300805,Borba,34879
AM,13,1300839,Caapiranga,14310
AM,13,1300904,Canutama,17885
AM,13,1301001,Carauari,30892
AM,13,1301100,Careiro,32442
AM,13,1301159,Careiro da Várzea,19809
AM,13,1301209,Coari,73820
AM,13,1301308,Codajás,24451
AM,13,1301407,Eirunepé,35534
AM,13,1301506,Envira,17920
AM,13,1301605,Fonte Boa,27875
AM,13,1301654,Guajará,14332
AM,13,1301704,Humaitá,62312
AM,13,1301803,Ipixuna,25458
AM,13,1301852,Iranduba,67114
AM,13,1301902,Itacoatiara,112520
AM,13,1301951,Itamarati,11730
AM,13,1302009,Itapiranga,10805
AM,13,1302108,Japurá,9397
AM,13,1302207,Juruá,11152
AM,13,1302306,Jutaí,27656
AM,13,1302405,Lábrea,48927
AM,13,1302504,Manacapuru,110691
AM,13,1302553,Manaquiri,17009
AM,13,1302603,Manaus,2279686
AM,13,1302702,Manicoré,57758
AM,13,1302801,Maraã,15843
AM,13,1302900,Maués,65714
AM,13,1303007,Nhamundá,21106
AM,13,1303106,Nova Olinda do Norte,28267
AM,13,1303205,Novo Airão,16467
AM,13,1303304,Novo Aripuanã,24987
AM,13,1303403,Parintins,101956
AM,13,1303502,Pauini,20232
AM,13,1303536,Presidente Figueiredo,33004
AM,13,1303569,Rio Preto da Eva,25723
AM,13,1303601,Santa Isabel do Rio Negro,14176
AM,13,1303700,Santo Antônio do Içá,30448
AM,13,1303809,São Gabriel da Cachoeira,56406
AM,13,1303908,São Paulo de Olivença,35196
AM,13,1303957,São Sebastião do Uatumã,12247
AM,13,1304005,Silves,12404
AM,13,1304062,Tabatinga,72283
AM,13,1304104,Tapauá,20501
AM,13,1304203,Tefé,79278
AM,13,1304237,Tonantins,20224
AM,13,1304260,Uarini,15278
AM,13,1304302,Urucará,19505
AM,13,1304401,Urucurituba,25592
AP,16,1600105,Amapá,8434
AP,16,1600204,Calçoene,11391
AP,16,1600212,Cutias,4725
AP,16,1600238,Ferreira Gomes,7145
AP,16,1600253,Itaubal,6043
AP,16,1600279,Laranjal do Jari,37969
AP,16,1600303,Macapá,487200
AP,16,1600402,Mazagão,23575
AP,16,1600501,Oiapoque,30481
AP,16,1600154,Pedra Branca do Amapari,13798
AP,16,1600535,Porto Grande,18988
AP,16,1600550,Pracuúba,4042
AP,16,1600600,Santana,118353
AP,16,1600055,Serra do Navio,4986
AP,16,1600709,Tartarugalzinho,13785
AP,16,1600808,Vitória do Jari,11922
BA,29,2900108,Abaíra,7452
BA,29,2900207,Abaré,18240
BA,29,2900306,Acajutiba,14215
BA,29,2900355,Adustina,14554
BA,29,2900405,Água Fria,14871
BA,29,2900603,Aiquara,4586
BA,29,2900702,Alagoinhas,160662
BA,29,2900801,Alcobaça,25494
BA,29,2900900,Almadina,5327
BA,29,2901007,Amargosa,38478
BA,29,2901106,Amélia Rodrigues,24848
BA,29,2901155,América Dourada,15583
BA,29,2901205,Anagé,26715
BA,29,2901304,Andaraí,13531
BA,29,2901353,Andorinha,15485
BA,29,2901403,Angical,14178
BA,29,2901502,Anguera,11456
BA,29,2901601,Antas,15061
BA,29,2901700,Antônio Cardoso,11501
BA,29,2901809,Antônio Gonçalves,11236
BA,29,2901908,Aporá,16379
BA,29,2901957,Apuarema,7114
BA,29,2902054,Araçás,11946
BA,29,2902005,Aracatu,14422
BA,29,2902104,Araci,50336
BA,29,2902203,Aramari,10122
BA,29,2902252,Arataca,10463
BA,29,2902302,Aratuípe,8981
BA,29,2902401,Aurelino Leal,11409
BA,29,2902500,Baianópolis,14110
BA,29,2902609,Baixa Grande,18680
BA,29,2902658,Banzaê,12309
BA,29,2902708,Barra,53528
BA,29,2902807,Barra da Estiva,27582
BA,29,2902906,Barra do Choça,38481
BA,29,2903003,Barra do Mendes,14345
BA,29,2903102,Barra do Rocha,5920
BA,29,2903201,Barreiras,170667
BA,29,2903235,Barro Alto,13911
BA,29,2903300,Barro Preto,5966
BA,29,2903276,Barrocas,15743
BA,29,2903409,Belmonte,20567
BA,29,2903508,Belo Campo,19042
BA,29,2903607,Biritinga,15606
BA,29,2903706,Boa Nova,14052
BA,29,2903805,Boa Vista do Tupim,17307
BA,29,2903904,Bom Jesus da Lapa,68704
BA,29,2903953,Bom Jesus da Serra,10028
BA,29,2904001,Boninal,14104
BA,29,2904050,Bonito,16393
BA,29,2904100,Boquira,19829
BA,29,2904209,Botuporã,11411
BA,29,2904308,Brejões,13272
BA,29,2904407,Brejolândia,9377
BA,29,2904506,Brotas de Macaúbas,12169
BA,29,2904605,Brumado,74095
BA,29,2904704,Buerarema,15056
BA,29,2904753,Buritirama,20212
BA,29,2904803,Caatiba,6224
BA,29,2904852,Cabaceiras do Paraguaçu,17039
BA,29,2904902,Cachoeira,30550
BA,29,2905008,Caculé,23246
BA,29,2905107,Caém,10729
BA,29,2905156,Caetanos,11500
BA,29,2905206,Caetité,54572
BA,29,2905305,Cafarnaum,18039
BA,29,2905404,Cairu,18486
BA,29,2905503,Caldeirão Grande,13566
BA,29,2905602,Camacan,22756
BA,29,2905701,Camaçari,319394
BA,29,2905800,Camamu,31775
BA,29,2905909,Campo Alegre de Lourdes,32377
BA,29,2906006,Campo Formoso,74894
BA,29,2906105,Canápolis,10612
BA,29,2906204,Canarana,24989
BA,29,2906303,Canavieiras,34343
BA,29,2906402,Candeal,7969
BA,29,2906501,Candeias,75083
BA,29,2906600,Candiba,13425
BA,29,2906709,Cândido Sales,26465
BA,29,2906808,Cansanção,39556
BA,29,2906824,Canudos,16662
BA,29,2906857,Capela do Alto Alegre,11055
BA,29,2906873,Capim Grosso,35228
BA,29,2906899,Caraíbas,10260
BA,29,2906907,Caravelas,21229
BA,29,2907004,Cardeal da Silva,8634
BA,29,2907103,Carinhanha,30375
BA,29,2907202,Casa Nova,75815
BA,29,2907301,Castro Alves,25471
BA,29,2907400,Catolândia,3560
BA,29,2907509,Catu,50153
BA,29,2907558,Caturama,9115
BA,29,2907608,Central,16849
BA,29,2907707,Chorrochó,10929
BA,29,2907806,Cícero Dantas,32268
BA,29,2907905,Cipó,17836
BA,29,2908002,Coaraci,17663
BA,29,2908101,Cocos,19817
BA,29,2908200,Conceição da Feira,21499
BA,29,2908309,Conceição do Almeida,16184
BA,29,2908408,Conceição do Coité,71316
BA,29,2908507,Conceição do Jacuípe,37409
BA,29,2908606,Conde,24434
BA,29,2908705,Condeúba,17571
BA,29,2908804,Contendas do Sincorá,4490
BA,29,2908903,Coração de Maria,28258
BA,29,2909000,Cordeiros,7763
BA,29,2909109,Coribe,14464
BA,29,2909208,Coronel João Sá,17593
BA,29,2909307,Correntina,34179
BA,29,2909406,Cotegipe,13472
BA,29,2909505,Cravolândia,4514
BA,29,2909604,Crisópolis,20343
BA,29,2909703,Cristópolis,14514
BA,29,2909802,Cruz das Almas,63203
BA,29,2909901,Curaçá,36021
BA,29,2910008,Dário Meira,11094
BA,29,2910057,Dias d'Ávila,75053
BA,29,2910107,Dom Basílio,12309
BA,29,2910206,Dom Macedo Costa,4588
BA,29,2910305,Elísio Medrado,8066
BA,29,2910404,Encruzilhada,19535
BA,29,2910503,Entre Rios,39902
BA,29,2900504,Érico Cardoso,10948
BA,29,2910602,Esplanada,34146
BA,29,2910701,Euclides da Cunha,64547
BA,29,2910727,Eunápolis,120515
BA,29,2910750,Fátima,18469
BA,29,2910776,Feira da Mata,5825
BA,29,2910800,Feira de Santana,657948
BA,29,2910859,Filadélfia,18573
BA,29,2910909,Firmino Alves,5006
BA,29,2911006,Floresta Azul,11442
BA,29,2911105,Formosa do Rio Preto,27421
BA,29,2911204,Gandu,33938
BA,29,2911253,Gavião,4493
BA,29,2911303,Gentio do Ouro,11263
BA,29,2911402,Glória,16072
BA,29,2911501,Gongogi,5567
BA,29,2911600,Governador Mangabeira,21314
BA,29,2911659,Guajeru,8225
BA,29,2911709,Guanambi,93065
BA,29,2911808,Guaratinga,19490
BA,29,2911857,Heliópolis,13074
BA,29,2911907,Iaçu,25333
BA,29,2912004,Ibiassucê,10754
BA,29,2912103,Ibicaraí,22200
BA,29,2912202,Ibicoara,21690
BA,29,2912301,Ibicuí,14306
BA,29,2912400,Ibipeba,17128
BA,29,2912509,Ibipitanga,14316
BA,29,2912608,Ibiquera,3837
BA,29,2912707,Ibirapitanga,26794
BA,29,2912806,Ibirapuã,9259
BA,29,2912905,Ibirataia,19375
BA,29,2913002,Ibitiara,15062
BA,29,2913101,Ibititá,17509
BA,29,2913200,Ibotirama,27670
BA,29,2913309,Ichu,6415
BA,29,2913408,Igaporã,16047
BA,29,2913457,Igrapiúna,13528
BA,29,2913507,Iguaí,21897
BA,29,2913606,Ilhéus,189028
BA,29,2913705,Inhambupe,35397
BA,29,2913804,Ipecaetá,14064
BA,29,2913903,Ipiaú,42507
BA,29,2914000,Ipirá,59264
BA,29,2914109,Ipupiara,10318
BA,29,2914208,Irajuba,6255
BA,29,2914307,Iramaia,11060
BA,29,2914406,Iraquara,24759
BA,29,2914505,Irará,29509
BA,29,2914604,Irecê,78425
BA,29,2914653,Itabela,29563
BA,29,2914703,Itaberaba,68244
BA,29,2914802,Itabuna,196676
BA,29,2914901,Itacaré,29337
BA,29,2915007,Itaeté,13822
BA,29,2915106,Itagi,14314
BA,29,2915205,Itagibá,15792
BA,29,2915304,Itagimirim,6512
BA,29,2915353,Itaguaçu da Bahia,12683
BA,29,2915403,Itaju do Colônia,6157
BA,29,2915502,Itajuípe,19249
BA,29,2915601,Itamaraju,62065
BA,29,2915700,Itamari,7219
BA,29,2915809,Itambé,25108
BA,29,2915908,Itanagra,6087
BA,29,2916005,Itanhém,18258
BA,29,2916104,Itaparica,20369
BA,29,2916203,Itapé,10658
BA,29,2916302,Itapebi,9501
BA,29,2916401,Itapetinga,68735
BA,29,2916500,Itapicuru,33254
BA,29,2916609,Itapitanga,10630
BA,29,2916708,Itaquara,8448
BA,29,2916807,Itarantim,17517
BA,29,2916856,Itatim,16375
BA,29,2916906,Itiruçu,11261
BA,29,2917003,Itiúba,35491
BA,29,2917102,Itororó,16945
BA,29,2917201,Ituaçu,18493
BA,29,2917300,Ituberá,22299
BA,29,2917334,Iuiu,11532
BA,29,2917359,Jaborandi,9592
BA,29,2917409,Jacaraci,14901
BA,29,2917508,Jacobina,86649
BA,29,2917607,Jaguaquara,47738
BA,29,2917706,Jaguarari,34440
BA,29,2917805,Jaguaripe,18300
BA,29,2917904,Jandaíra,9535
BA,29,2918001,Jequié,168733
BA,29,2918100,Jeremoabo,39501
BA,29,2918209,Jiquiriçá,14066
BA,29,2918308,Jitaúna,14815
BA,29,2918357,João Dourado,25799
BA,29,2918407,Juazeiro,254481
BA,29,2918456,Jucuruçu,9944
BA,29,2918506,Jussara,16956
BA,29,2918555,Jussari,6059
BA,29,2918605,Jussiape,7585
BA,29,2918704,Lafaiete Coutinho,4221
BA,29,2918753,Lagoa Real,14546
BA,29,2918803,Laje,21704
BA,29,2918902,Lajedão,3986
BA,29,2919009,Lajedinho,3621
BA,29,2919058,Lajedo do Tabocal,7702
BA,29,2919108,Lamarão,9305
BA,29,2919157,Lapão,26998
BA,29,2919207,Lauro de Freitas,217960
BA,29,2919306,Lençóis,11170
BA,29,2919405,Licínio de Almeida,12208
BA,29,2919504,Livramento de Nossa Senhora,46249
BA,29,2919553,Luís Eduardo Magalhães,116662
BA,29,2919603,Macajuba,10758
BA,29,2919702,Macarani,22596
BA,29,2919801,Macaúbas,43725
BA,29,2919900,Macururé,7455
BA,29,2919926,Madre de Deus,19173
BA,29,2919959,Maetinga,7212
BA,29,2920007,Maiquinique,9011
BA,29,2920106,Mairi,18161
BA,29,2920205,Malhada,15834
BA,29,2920304,Malhada de Pedras,8972
BA,29,2920403,Manoel Vitorino,14295
BA,29,2920452,Mansidão,14484
BA,29,2920502,Maracás,29197
BA,29,2920601,Maragogipe,37225
BA,29,2920700,Maraú,25626
BA,29,2920809,Marcionílio Souza,9507
BA,29,2920908,Mascote,13941
BA,29,2921005,Mata de São João,44839
BA,29,2921054,Matina,10629
BA,29,2921104,Medeiros Neto,22925
BA,29,2921203,Miguel Calmon,25317
BA,29,2921302,Milagres,11434
BA,29,2921401,Mirangaba,16185
BA,29,2921450,Mirante,10523
BA,29,2921500,Monte Santo,49823
BA,29,2921609,Morpará,8232
BA,29,2921708,Morro do Chapéu,35224
BA,29,2921807,Mortugaba,11487
BA,29,2921906,Mucugê,12650
BA,29,2922003,Mucuri,40005
BA,29,2922052,Mulungu do Morro,13625
BA,29,2922102,Mundo Novo,17417
BA,29,2922201,Muniz Ferreira,7443
BA,29,2922250,Muquém do São Francisco,10796
BA,29,2922300,Muritiba,30146
BA,29,2922409,Mutuípe,20612
BA,29,2922508,Nazaré,28403
BA,29,2922607,Nilo Peçanha,12418
BA,29,2922656,Nordestina,19500
BA,29,2922706,Nova Canaã,14035
BA,29,2922730,Nova Fátima,8264
BA,29,2922755,Nova Ibiá,6701
BA,29,2922805,Nova Itarana,8059
BA,29,2922854,Nova Redenção,7708
BA,29,2922904,Nova Soure,24906
BA,29,2923001,Nova Viçosa,41551
BA,29,2923035,Novo Horizonte,11565
BA,29,2923050,Novo Triunfo,11197
BA,29,2923100,Olindina,23085
BA,29,2923209,Oliveira dos Brejinhos,21334
BA,29,2923308,Ouriçangas,7939
BA,29,2923357,Ourolândia,20037
BA,29,2923407,Palmas de Monte Alto,20677
BA,29,2923506,Palmeiras,10819
BA,29,2923605,Paramirim,21009
BA,29,2923704,Paratinga,30671
BA,29,2923803,Paripiranga,27866
BA,29,2923902,Pau Brasil,9584
BA,29,2924009,Paulo Afonso,119128
BA,29,2924058,Pé de Serra,13675
BA,29,2924108,Pedrão,6415
BA,29,2924207,Pedro Alexandre,14288
BA,29,2924306,Piatã,20859
BA,29,2924405,Pilão Arcado,37272
BA,29,2924504,Pindaí,15146
BA,29,2924603,Pindobaçu,19625
BA,29,2924652,Pintadas,10656
BA,29,2924678,Piraí do Norte,11429
BA,29,2924702,Piripá,9255
BA,29,2924801,Piritiba,17838
BA,29,2924900,Planaltino,8254
BA,29,2925006,Planalto,24036
BA,29,2925105,Poções,50642
BA,29,2925204,Pojuca,33608
BA,29,2925253,Ponto Novo,18670
BA,29,2925303,Porto Seguro,181007
BA,29,2925402,Potiraguá,10636
BA,29,2925501,Prado,37241
BA,29,2925600,Presidente Dutra,15650
BA,29,2925709,Presidente Jânio Quadros,12986
BA,29,2925758,Presidente Tancredo Neves,29343
BA,29,2925808,Queimadas,27362
BA,29,2925907,Quijingue,26457
BA,29,2925931,Quixabeira,9815
BA,29,2925956,Rafael Jambeiro,20146
BA,29,2926004,Remanso,42746
BA,29,2926103,Retirolândia,14147
BA,29,2926202,Riachão das Neves,22323
BA,29,2926301,Riachão do Jacuípe,35118
BA,29,2926400,Riacho de Santana,32103
BA,29,2926509,Ribeira do Amparo,14525
BA,29,2926608,Ribeira do Pombal,56170
BA,29,2926657,Ribeirão do Largo,10039
BA,29,2926707,Rio de Contas,13627
BA,29,2926806,Rio do Antônio,13520
BA,29,2926905,Rio do Pires,10801
BA,29,2927002,Rio Real,36997
BA,29,2927101,Rodelas,10801
BA,29,2927200,Ruy Barbosa,29606
BA,29,2927309,Salinas da Margarida,15568
BA,29,2927408,Salvador,2568928
BA,29,2927507,Santa Bárbara,21723
BA,29,2927606,Santa Brígida,15421
BA,29,2927705,Santa Cruz Cabrália,30862
BA,29,2927804,Santa Cruz da Vitória,4721
BA,29,2927903,Santa Inês,10628
BA,29,2928059,Santa Luzia,14377
BA,29,2928109,Santa Maria da Vitória,40467
BA,29,2928406,Santa Rita de Cássia,28826
BA,29,2928505,Santa Terezinha,10847
BA,29,2928000,Santaluz,39922
BA,29,2928208,Santana,25520
BA,29,2928307,Santanópolis,9023
BA,29,2928604,Santo Amaro,58413
BA,29,2928703,Santo Antônio de Jesus,109267
BA,29,2928802,Santo Estêvão,54940
BA,29,2928901,São Desidério,34783
BA,29,2928950,São Domingos,8693
BA,29,2929107,São Felipe,20918
BA,29,2929008,São Félix,11198
BA,29,2929057,São Félix do Coribe,15740
BA,29,2929206,São Francisco do Conde,40932
BA,29,2929255,São Gabriel,19210
BA,29,2929305,São Gonçalo dos Campos,41909
BA,29,2929354,São José da Vitória,5451
BA,29,2929370,São José do Jacuípe,10556
BA,29,2929404,São Miguel das Matas,10634
BA,29,2929503,São Sebastião do Passé,42936
BA,29,2929602,Sapeaçu,18609
BA,29,2929701,Sátiro Dias,16485
BA,29,2929750,Saubara,11842
BA,29,2929800,Saúde,10715
BA,29,2929909,Seabra,48530
BA,29,2930006,Sebastião Laranjeiras,9610
BA,29,2930105,Senhor do Bonfim,77976
BA,29,2930204,Sento Sé,40147
BA,29,2930154,Serra do Ramalho,36119
BA,29,2930303,Serra Dourada,17580
BA,29,2930402,Serra Preta,18685
BA,29,2930501,Serrinha,84428
BA,29,2930600,Serrolândia,13831
BA,29,2930709,Simões Filho,120394
BA,29,2930758,Sítio do Mato,13935
BA,29,2930766,Sítio do Quinto,14359
BA,29,2930774,Sobradinho,26959
BA,29,2930808,Souto Soares,17674
BA,29,2930907,Tabocas do Brejo Velho,12368
BA,29,2931004,Tanhaçu,21741
BA,29,2931053,Tanque Novo,17770
BA,29,2931103,Tanquinho,7983
BA,29,2931202,Taperoá,18571
BA,29,2931301,Tapiramutá,16253
BA,29,2931350,Teixeira de Freitas,153332
BA,29,2931400,Teodoro Sampaio,7301
BA,29,2931509,Teofilândia,21827
BA,29,2931608,Teolândia,15919
BA,29,2931707,Terra Nova,11035
BA,29,2931806,Tremedal,16691
BA,29,2931905,Tucano,50959
BA,29,2932002,Uauá,25441
BA,29,2932101,Ubaíra,19162
BA,29,2932200,Ubaitaba,17967
BA,29,2932309,Ubatã,16097
BA,29,2932408,Uibaí,13880
BA,29,2932457,Umburanas,13888
BA,29,2932507,Una,18403
BA,29,2932606,Urandi,15794
BA,29,2932705,Uruçuca,22130
BA,29,2932804,Utinga,16691
BA,29,2932903,Valença,90028
BA,29,2933000,Valente,25126
BA,29,2933059,Várzea da Roça,14279
BA,29,2933109,Várzea do Poço,8344
BA,29,2933158,Várzea Nova,13847
BA,29,2933174,Varzedo,10296
BA,29,2933208,Vera Cruz,44978
BA,29,2933257,Vereda,6171
BA,29,2933307,Vitória da Conquista,394024
BA,29,2933406,Wagner,9847
BA,29,2933455,Wanderley,13436
BA,29,2933505,Wenceslau Guimarães,25430
BA,29,2933604,Xique-Xique,46979
CE,23,2300101,Abaiara,10282
CE,23,2300150,Acarape,14306
CE,23,2300200,Acaraú,68758
CE,23,2300309,Acopiara,46215
CE,23,2300408,Aiuaba,14220
CE,23,2300507,Alcântaras,11754
CE,23,2300606,Altaneira,6970
CE,23,2300705,Alto Santo,14418
CE,23,2300754,Amontada,44342
CE,23,2300804,Antonina do Norte,7484
CE,23,2300903,Apuiarés,13219
CE,23,2301000,Aquiraz,84737
CE,23,2301109,Aracati,78752
CE,23,2301208,Aracoiaba,26696
CE,23,2301257,Ararendá,11485
CE,23,2301307,Araripe,20223
CE,23,2301406,Aratuba,11459
CE,23,2301505,Arneiroz,7619
CE,23,2301604,Assaré,22212
CE,23,2301703,Aurora,24267
CE,23,2301802,Baixio,5832
CE,23,2301851,Banabuiú,17654
CE,23,2301901,Barbalha,80217
CE,23,2301950,Barreira,23351
CE,23,2302008,Barro,19669
CE,23,2302057,Barroquinha,14977
CE,23,2302107,Baturité,36978
CE,23,2302206,Beberibe,55666
CE,23,2302305,Bela Cruz,34441
CE,23,2302404,Boa Viagem,52169
CE,23,2302503,Brejo Santo,53778
CE,23,2302602,Camocim,65031
CE,23,2302701,Campos Sales,26082
CE,23,2302800,Canindé,77207
CE,23,2302909,Capistrano,17760
CE,23,2303006,Caridade,16419
CE,23,2303105,Cariré,18075
CE,23,2303204,Caririaçu,27482
CE,23,2303303,Cariús,17333
CE,23,2303402,Carnaubal,17758
CE,23,2303501,Cascavel,76365
CE,23,2303600,Catarina,9577
CE,23,2303659,Catunda,10817
CE,23,2303709,Caucaia,375730
CE,23,2303808,Cedro,22678
CE,23,2303907,Chaval,12805
CE,23,2303931,Choró,12380
CE,23,2303956,Chorozinho,20763
CE,23,2304004,Coreaú,21438
CE,23,2304103,Crateús,79809
CE,23,2304202,Crato,138232
CE,23,2304236,Croatá,18007
CE,23,2304251,Cruz,31847
CE,23,2304269,Deputado Irapuan Pinheiro,9172
CE,23,2304277,Ereré,6393
CE,23,2304285,Eusébio,80304
CE,23,2304301,Farias Brito,18557
CE,23,2304350,Forquilha,25127
CE,23,2304400,Fortaleza,2574412
CE,23,2304459,Fortim,18052
CE,23,2304509,Frecheirinha,16362
CE,23,2304608,General Sampaio,6924
CE,23,2304657,Graça,14174
CE,23,2304707,Granja,55633
CE,23,2304806,Granjeiro,4960
CE,23,2304905,Groaíras,11313
CE,23,2304954,Guaiúba,25085
CE,23,2305001,Guaraciaba do Norte,44294
CE,23,2305100,Guaramiranga,5819
CE,23,2305209,Hidrolândia,18225
CE,23,2305233,Horizonte,79934
CE,23,2305266,Ibaretama,12191
CE,23,2305308,Ibiapina,24649
CE,23,2305332,Ibicuitinga,11979
CE,23,2305357,Icapuí,22367
CE,23,2305407,Icó,64802
CE,23,2305506,Iguatu,102251
CE,23,2305605,Independência,24530
CE,23,2305654,Ipaporanga,11937
CE,23,2305704,Ipaumirim,12441
CE,23,2305803,Ipu,42968
CE,23,2305902,Ipueiras,38285
CE,23,2306009,Iracema,14411
CE,23,2306108,Irauçuba,24751
CE,23,2306207,Itaiçaba,7779
CE,23,2306256,Itaitinga,70679
CE,23,2306306,Itapajé,49086
CE,23,2306405,Itapipoca,137892
CE,23,2306504,Itapiúna,18228
CE,23,2306553,Itarema,45465
CE,23,2306603,Itatira,21087
CE,23,2306702,Jaguaretama,17625
CE,23,2306801,Jaguaribara,10656
CE,23,2306900,Jaguaribe,35124
CE,23,2307007,Jaguaruana,33070
CE,23,2307106,Jardim,28707
CE,23,2307205,Jati,8100
CE,23,2307254,Jijoca de Jericoacoara,27662
CE,23,2307304,Juazeiro do Norte,303004
CE,23,2307403,Jucás,24591
CE,23,2307502,Lavras da Mangabeira,32123
CE,23,2307601,Limoeiro do Norte,62285
CE,23,2307635,Madalena,17264
CE,23,2307650,Maracanaú,249684
CE,23,2307700,Maranguape,108937
CE,23,2307809,Marco,27064
CE,23,2307908,Martinópole,11232
CE,23,2308005,Massapê,39633
CE,23,2308104,Mauriti,47406
CE,23,2308203,Meruoca,15749
CE,23,2308302,Milagres,26860
CE,23,2308351,Milhã,14635
CE,23,2308377,Miraíma,14736
CE,23,2308401,Missão Velha,38767
CE,23,2308500,Mombaça,38649
CE,23,2308609,Monsenhor Tabosa,17664
CE,23,2308708,Morada Nova,65323
CE,23,2308807,Moraújo,8516
CE,23,2308906,Morrinhos,23608
CE,23,2309003,Mucambo,14009
CE,23,2309102,Mulungu,10993
CE,23,2309201,Nova Olinda,15960
CE,23,2309300,Nova Russas,32014
CE,23,2309409,Novo Oriente,29043
CE,23,2309458,Ocara,25218
CE,23,2309508,Orós,20019
CE,23,2309607,Pacajus,74825
CE,23,2309706,Pacatuba,85873
CE,23,2309805,Pacoti,11442
CE,23,2309904,Pacujá,6345
CE,23,2310001,Palhano,9671
CE,23,2310100,Palmácia,10339
CE,23,2310209,Paracuru,41447
CE,23,2310258,Paraipaba,33896
CE,23,2310308,Parambu,32816
CE,23,2310407,Paramoti,10528
CE,23,2310506,Pedra Branca,42257
CE,23,2310605,Penaforte,9308
CE,23,2310704,Pentecoste,39715
CE,23,2310803,Pereiro,15869
CE,23,2310852,Pindoretama,24607
CE,23,2310902,Piquet Carneiro,17202
CE,23,2310951,Pires Ferreira,10952
CE,23,2311009,Poranga,12423
CE,23,2311108,Porteiras,17745
CE,23,2311207,Potengi,8926
CE,23,2311231,Potiretama,6129
CE,23,2311264,Quiterianópolis,20506
CE,23,2311306,Quixadá,88483
CE,23,2311355,Quixelô,16992
CE,23,2311405,Quixeramobim,85797
CE,23,2311504,Quixeré,21607
CE,23,2311603,Redenção,28359
CE,23,2311702,Reriutaba,19059
CE,23,2311801,Russas,74582
CE,23,2311900,Saboeiro,14036
CE,23,2311959,Salitre,17220
CE,23,2312205,Santa Quitéria,41647
CE,23,2312007,Santana do Acaraú,32043
CE,23,2312106,Santana do Cariri,17388
CE,23,2312304,São Benedito,49829
CE,23,2312403,São Gonçalo do Amarante,57499
CE,23,2312502,São João do Jaguaribe,5792
CE,23,2312601,São Luís do Curu,10962
CE,23,2312700,Senador Pompeu,25143
CE,23,2312809,Senador Sá,7519
CE,23,2312908,Sobral,215286
CE,23,2313005,Solonópole,18736
CE,23,2313104,Tabuleiro do Norte,32044
CE,23,2313203,Tamboril,25331
CE,23,2313252,Tarrafas,7626
CE,23,2313302,Tauá,64255
CE,23,2313351,Tejuçuoca,17626
CE,23,2313401,Tianguá,86137
CE,23,2313500,Trairi,61516
CE,23,2313559,Tururu,15457
CE,23,2313609,Ubajara,34312
CE,23,2313708,Umari,6993
CE,23,2313757,Umirim,17804
CE,23,2313807,Uruburetama,21279
CE,23,2313906,Uruoca,14243
CE,23,2313955,Varjota,18660
CE,23,2314003,Várzea Alegre,40771
CE,23,2314102,Viçosa do Ceará,62609
DF,53,5300108,Brasília,2982818
ES,32,3200102,Afonso Cláudio,32446
ES,32,3200169,Água Doce do Norte,12559
ES,32,3200136,Águia Branca,10124
ES,32,3200201,Alegre,30744
ES,32,3200300,Alfredo Chaves,14373
ES,32,3200359,Alto Rio Novo,7747
ES,32,3200409,Anchieta,32584
ES,32,3200508,Apiacá,7474
ES,32,3200607,Aracruz,102410
ES,32,3200706,Atílio Vivácqua,11013
ES,32,3200805,Baixo Guandu,32694
ES,32,3200904,Barra de São Francisco,45250
ES,32,3201001,Boa Esperança,14079
ES,32,3201100,Bom Jesus do Norte,10764
ES,32,3201159,Brejetuba,13642
ES,32,3201209,Cachoeiro de Itapemirim,198323
ES,32,3201308,Cariacica,375485
ES,32,3201407,Castelo,39396
ES,32,3201506,Colatina,128622
ES,32,3201605,Conceição da Barra,28953
ES,32,3201704,Conceição do Castelo,12448
ES,32,3201803,Divino de São Lourenço,5359
ES,32,3201902,Domingos Martins,37972
ES,32,3202009,Dores do Rio Preto,6885
ES,32,3202108,Ecoporanga,22670
ES,32,3202207,Fundão,18824
ES,32,3202256,Governador Lindenberg,11467
ES,32,3202306,Guaçuí,31290
ES,32,3202405,Guarapari,134944
ES,32,3202454,Ibatiba,27308
ES,32,3202504,Ibiraçu,12261
ES,32,3202553,Ibitirama,9973
ES,32,3202603,Iconha,12793
ES,32,3202652,Irupi,14513
ES,32,3202702,Itaguaçu,14065
ES,32,3202801,Itapemirim,43362
ES,32,3202900,Itarana,10984
ES,32,3203007,Iúna,30444
ES,32,3203056,Jaguaré,31232
ES,32,3203106,Jerônimo Monteiro,12079
ES,32,3203130,João Neiva,14391
ES,32,3203163,Laranja da Terra,11572
ES,32,3203205,Linhares,181912
ES,32,3203304,Mantenópolis,13173
ES,32,3203320,Marataízes,45418
ES,32,3203346,Marechal Floriano,18743
ES,32,3203353,Marilândia,13014
ES,32,3203403,Mimoso do Sul,25179
ES,32,3203502,Montanha,19752
ES,32,3203601,Mucurici,5660
ES,32,3203700,Muniz Freire,18811
ES,32,3203809,Muqui,14213
ES,32,3203908,Nova Venécia,52084
ES,32,3204005,Pancas,19270
ES,32,3204054,Pedro Canário,22048
ES,32,3204104,Pinheiros,24825
ES,32,3204203,Piúma,23682
ES,32,3204252,Ponto Belo,6696
ES,32,3204302,Presidente Kennedy,14647
ES,32,3204351,Rio Bananal,20229
ES,32,3204401,Rio Novo do Sul,11479
ES,32,3204500,Santa Leopoldina,13747
ES,32,3204559,Santa Maria de Jetibá,45062
ES,32,3204609,Santa Teresa,23796
ES,32,3204658,São Domingos do Norte,9008
ES,32,3204708,São Gabriel da Palha,34210
ES,32,3204807,São José do Calçado,11373
ES,32,3204906,São Mateus,133359
ES,32,3204955,São Roque do Canaã,11271
ES,32,3205002,Serra,572274
ES,32,3205010,Sooretama,28453
ES,32,3205036,Vargem Alta,20353
ES,32,3205069,Venda Nova do Imigrante,25168
ES,32,3205101,Viana,78442
ES,32,3205150,Vila Pavão,9298
ES,32,3205176,Vila Valério,14263
ES,32,3205200,Vila Velha,502899
ES,32,3205309,Vitória,342800
GO,52,5200050,Abadia de Goiás,21165
GO,52,5200100,Abadiânia,17638
GO,52,5200134,Acreúna,21995
GO,52,5200159,Adelândia,2297
GO,52,5200175,Água Fria de Goiás,4991
GO,52,5200209,Água Limpa,1856
GO,52,5200258,Águas Lindas de Goiás,240613
GO,52,5200308,Alexânia,28009
GO,52,5200506,Aloândia,1984
GO,52,5200555,Alto Horizonte,6375
GO,52,5200605,Alto Paraíso de Goiás,10936
GO,52,5200803,Alvorada do Norte,8597
GO,52,5200829,Amaralina,3281
GO,52,5200852,Americano do Brasil,5281
GO,52,5200902,Amorinópolis,2952
GO,52,5201108,Anápolis,415847
GO,52,5201207,Anhanguera,921
GO,52,5201306,Anicuns,18443
GO,52,5201405,Aparecida de Goiânia,550925
GO,52,5201454,Aparecida do Rio Doce,3012
GO,52,5201504,Aporé,4452
GO,52,5201603,Araçu,3842
GO,52,5201702,Aragarças,18604
GO,52,5201801,Aragoiânia,12554
GO,52,5202155,Araguapaz,7182
GO,52,5202353,Arenópolis,2930
GO,52,5202502,Aruanã,8515
GO,52,5202601,Aurilândia,3266
GO,52,5202809,Avelinópolis,2963
GO,52,5203104,Baliza,3335
GO,52,5203203,Barro Alto,10738
GO,52,5203302,Bela Vista de Goiás,36583
GO,52,5203401,Bom Jardim de Goiás,7824
GO,52,5203500,Bom Jesus de Goiás,24701
GO,52,5203559,Bonfinópolis,10828
GO,52,5203575,Bonópolis,3306
GO,52,5203609,Brazabrantes,4149
GO,52,5203807,Britânia,5788
GO,52,5203906,Buriti Alegre,10831
GO,52,5203939,Buriti de Goiás,2789
GO,52,5203962,Buritinópolis,3154
GO,52,5204003,Cabeceiras,7678
GO,52,5204102,Cachoeira Alta,11789
GO,52,5204201,Cachoeira de Goiás,1419
GO,52,5204250,Cachoeira Dourada,7801
GO,52,5204300,Caçu,14006
GO,52,5204409,Caiapônia,16655
GO,52,5204508,Caldas Novas,104788
GO,52,5204557,Caldazinha,4735
GO,52,5204607,Campestre de Goiás,3854
GO,52,5204656,Campinaçu,3758
GO,52,5204706,Campinorte,12879
GO,52,5204805,Campo Alegre de Goiás,7711
GO,52,5204854,Campo Limpo de Goiás,8449
GO,52,5204904,Campos Belos,18258
GO,52,5204953,Campos Verdes,3899
GO,52,5205000,Carmo do Rio Verde,9937
GO,52,5205059,Castelândia,2921
GO,52,5205109,Catalão,120789
GO,52,5205208,Caturaí,5318
GO,52,5205307,Cavalcante,9721
GO,52,5205406,Ceres,22484
GO,52,5205455,Cezarina,8265
GO,52,5205471,Chapadão do Céu,13897
GO,52,5205497,Cidade Ocidental,98963
GO,52,5205513,Cocalzinho de Goiás,26638
GO,52,5205521,Colinas do Sul,4153
GO,52,5205703,Córrego do Ouro,2456
GO,52,5205802,Corumbá de Goiás,10714
GO,52,5205901,Corumbaíba,9416
GO,52,5206206,Cristalina,65705
GO,52,5206305,Cristianópolis,3630
GO,52,5206404,Crixás,17445
GO,52,5206503,Cromínia,3977
GO,52,5206602,Cumari,2955
GO,52,5206701,Damianópolis,3884
GO,52,5206800,Damolândia,2755
GO,52,5206909,Davinópolis,1901
GO,52,5207105,Diorama,2023
GO,52,5208301,Divinópolis de Goiás,4440
GO,52,5207253,Doverlândia,6895
GO,52,5207352,Edealina,4087
GO,52,5207402,Edéia,11953
GO,52,5207501,Estrela do Norte,3224
GO,52,5207535,Faina,7164
GO,52,5207600,Fazenda Nova,5878
GO,52,5207808,Firminópolis,10365
GO,52,5207907,Flores de Goiás,14156
GO,52,5208004,Formosa,120478
GO,52,5208103,Formoso,4681
GO,52,5208152,Gameleira de Goiás,3542
GO,52,5208400,Goianápolis,14555
GO,52,5208509,Goiandira,4986
GO,52,5208608,Goianésia,77014
GO,52,5208707,Goiânia,1494599
GO,52,5208806,Goianira,78754
GO,52,5208905,Goiás,24233
GO,52,5209101,Goiatuba,36777
GO,52,5209150,Gouvelândia,4356
GO,52,5209200,Guapó,20588
GO,52,5209291,Guaraíta,2185
GO,52,5209408,Guarani de Goiás,4106
GO,52,5209457,Guarinos,2165
GO,52,5209606,Heitoraí,3360
GO,52,5209705,Hidrolândia,29827
GO,52,5209804,Hidrolina,3514
GO,52,5209903,Iaciara,10430
GO,52,5209937,Inaciolândia,6061
GO,52,5209952,Indiara,17747
GO,52,5210000,Inhumas,53629
GO,52,5210109,Ipameri,26163
GO,52,5210158,Ipiranga de Goiás,2964
GO,52,5210208,Iporá,36983
GO,52,5210307,Israelândia,2540
GO,52,5210406,Itaberaí,46943
GO,52,5210562,Itaguari,5088
GO,52,5210604,Itaguaru,4880
GO,52,5210802,Itajá,4328
GO,52,5210901,Itapaci,21708
GO,52,5211008,Itapirapuã,8125
GO,52,5211206,Itapuranga,26574
GO,52,5211305,Itarumã,6142
GO,52,5211404,Itauçu,7701
GO,52,5211503,Itumbiara,112289
GO,52,5211602,Ivolândia,2729
GO,52,5211701,Jandaia,6360
GO,52,5211800,Jaraguá,46427
GO,52,5211909,Jataí,110404
GO,52,5212006,Jaupaci,2946
GO,52,5212055,Jesúpolis,2124
GO,52,5212105,Joviânia,7247
GO,52,5212204,Jussara,19901
GO,52,5212253,Lagoa Santa,1426
GO,52,5212303,Leopoldo de Bulhões,9035
GO,52,5212501,Luziânia,218872
GO,52,5212600,Mairipotaba,2618
GO,52,5212709,Mambaí,8405
GO,52,5212808,Mara Rosa,10815
GO,52,5212907,Marzagão,2893
GO,52,5212956,Matrinchã,4033
GO,52,5213004,Maurilândia,10239
GO,52,5213053,Mimoso de Goiás,2633
GO,52,5213087,Minaçu,26939
GO,52,5213103,Mineiros,73781
GO,52,5213400,Moiporá,1693
GO,52,5213509,Monte Alegre de Goiás,6613
GO,52,5213707,Montes Claros de Goiás,8972
GO,52,5213756,Montividiu,12957
GO,52,5213772,Montividiu do Norte,3770
GO,52,5213806,Morrinhos,53640
GO,52,5213855,Morro Agudo de Goiás,2499
GO,52,5213905,Mossâmedes,4655
GO,52,5214002,Mozarlândia,15109
GO,52,5214051,Mundo Novo,6223
GO,52,5214101,Mutunópolis,3562
GO,52,5214408,Nazário,8330
GO,52,5214507,Nerópolis,33706
GO,52,5214606,Niquelândia,34466
GO,52,5214705,Nova América,2375
GO,52,5214804,Nova Aurora,2130
GO,52,5214838,Nova Crixás,13095
GO,52,5214861,Nova Glória,8375
GO,52,5214879,Nova Iguaçu de Goiás,3072
GO,52,5214903,Nova Roma,3053
GO,52,5215009,Nova Veneza,9790
GO,52,5215207,Novo Brasil,3568
GO,52,5215231,Novo Gama,107092
GO,52,5215256,Novo Planalto,3723
GO,52,5215306,Orizona,16890
GO,52,5215405,Ouro Verde de Goiás,4108
GO,52,5215504,Ouvidor,7542
GO,52,5215603,Padre Bernardo,36692
GO,52,5215652,Palestina de Goiás,3132
GO,52,5215702,Palmeiras de Goiás,33749
GO,52,5215801,Palmelo,2273
GO,52,5215900,Palminópolis,3939
GO,52,5216007,Panamá,2449
GO,52,5216304,Paranaiguara,7470
GO,52,5216403,Paraúna,10749
GO,52,5216452,Perolândia,3000
GO,52,5216809,Petrolina de Goiás,9577
GO,52,5216908,Pilar de Goiás,2288
GO,52,5217104,Piracanjuba,25309
GO,52,5217203,Piranhas,11913
GO,52,5217302,Pirenópolis,27757
GO,52,5217401,Pires do Rio,33494
GO,52,5217609,Planaltina,110619
GO,52,5217708,Pontalina,18685
GO,52,5218003,Porangatu,45400
GO,52,5218052,Porteirão,4225
GO,52,5218102,Portelândia,3234
GO,52,5218300,Posse,36060
GO,52,5218391,Professor Jamil,3732
GO,52,5218508,Quirinópolis,49986
GO,52,5218607,Rialma,12551
GO,52,5218706,Rianápolis,3938
GO,52,5218789,Rio Quente,3994
GO,52,5218805,Rio Verde,238025
GO,52,5218904,Rubiataba,20132
GO,52,5219001,Sanclerlândia,8063
GO,52,5219100,Santa Bárbara de Goiás,6280
GO,52,5219209,Santa Cruz de Goiás,3016
GO,52,5219258,Santa Fé de Goiás,5036
GO,52,5219308,Santa Helena de Goiás,39481
GO,52,5219357,Santa Isabel,3556
GO,52,5219407,Santa Rita do Araguaia,5842
GO,52,5219456,Santa Rita do Novo Destino,2648
GO,52,5219506,Santa Rosa de Goiás,2837
GO,52,5219605,Santa Tereza de Goiás,3225
GO,52,5219704,Santa Terezinha de Goiás,10818
GO,52,5219712,Santo Antônio da Barra,4293
GO,52,5219738,Santo Antônio de Goiás,7873
GO,52,5219753,Santo Antônio do Descoberto,74614
GO,52,5219803,São Domingos,9581
GO,52,5219902,São Francisco de Goiás,6491
GO,52,5220009,São João d'Aliança,14757
GO,52,5220058,São João da Paraúna,1807
GO,52,5220108,São Luís de Montes Belos,35031
GO,52,5220157,São Luiz do Norte,4926
GO,52,5220207,São Miguel do Araguaia,22079
GO,52,5220264,São Miguel do Passa Quatro,4621
GO,52,5220280,São Patrício,2190
GO,52,5220405,São Simão,17194
GO,52,5220454,Senador Canedo,169849
GO,52,5220504,Serranópolis,8201
GO,52,5220603,Silvânia,22939
GO,52,5220686,Simolândia,5693
GO,52,5220702,Sítio d'Abadia,2973
GO,52,5221007,Taquaral de Goiás,4146
GO,52,5221080,Teresina de Goiás,2685
GO,52,5221197,Terezópolis de Goiás,8243
GO,52,5221304,Três Ranchos,2970
GO,52,5221403,Trindade,150858
GO,52,5221452,Trombas,3106
GO,52,5221502,Turvânia,4478
GO,52,5221551,Turvelândia,5130
GO,52,5221577,Uirapuru,2809
GO,52,5221601,Uruaçu,44150
GO,52,5221700,Uruana,13871
GO,52,5221809,Urutaí,3667
GO,52,5221858,Valparaíso de Goiás,213506
GO,52,5221908,Varjão,3768
GO,52,5222005,Vianópolis,15476
GO,52,5222054,Vicentinópolis,9077
GO,52,5222203,Vila Boa,4185
GO,52,5222302,Vila Propício,5982
MA,21,2100055,Açailândia,110506
MA,21,2100105,Afonso Cunha,6296
MA,21,2100154,Água Doce do Maranhão,12446
MA,21,2100204,Alcântara,18774
MA,21,2100303,Aldeias Altas,23782
MA,21,2100402,Altamira do Maranhão,6565
MA,21,2100436,Alto Alegre do Maranhão,24543
MA,21,2100477,Alto Alegre do Pindaré,26411
MA,21,2100501,Alto Parnaíba,11382
MA,21,2100550,Amapá do Maranhão,7364
MA,21,2100600,Amarante do Maranhão,38333
MA,21,2100709,Anajatuba,26221
MA,21,2100808,Anapurus,14111
MA,21,2100832,Apicum-Açu,17984
MA,21,2100873,Araguanã,11347
MA,21,2100907,Araioses,40278
MA,21,2100956,Arame,26191
MA,21,2101004,Arari,30521
MA,21,2101103,Axixá,12079
MA,21,2101202,Bacabal,107620
MA,21,2101251,Bacabeira,17414
MA,21,2101301,Bacuri,16610
MA,21,2101350,Bacurituba,5374
MA,21,2101400,Balsas,106094
MA,21,2101509,Barão de Grajaú,19458
MA,21,2101608,Barra do Corda,87672
MA,21,2101707,Barreirinhas,67999
MA,21,2101772,Bela Vista do Maranhão,12073
MA,21,2101731,Belágua,8716
MA,21,2101806,Benedito Leite,5597
MA,21,2101905,Bequimão,19983
MA,21,2101939,Bernardo do Mearim,5983
MA,21,2101970,Boa Vista do Gurupi,7769
MA,21,2102002,Bom Jardim,34035
MA,21,2102036,Bom Jesus das Selvas,29588
MA,21,2102077,Bom Lugar,12414
MA,21,2102101,Brejo,35322
MA,21,2102150,Brejo de Areia,9387
MA,21,2102200,Buriti,30799
MA,21,2102309,Buriti Bravo,22940
MA,21,2102325,Buriticupu,56896
MA,21,2102358,Buritirana,13157
MA,21,2102374,Cachoeira Grande,10004
MA,21,2102408,Cajapió,10342
MA,21,2102507,Cajari,16711
MA,21,2102556,Campestre do Maranhão,12553
MA,21,2102606,Cândido Mendes,20413
MA,21,2102705,Cantanhede,24976
MA,21,2102754,Capinzal do Norte,11664
MA,21,2102804,Carolina,24606
MA,21,2102903,Carutapera,24855
MA,21,2103000,Caxias,163428
MA,21,2103109,Cedral,10444
MA,21,2103125,Central do Maranhão,7233
MA,21,2103158,Centro do Guilherme,12668
MA,21,2103174,Centro Novo do Maranhão,16529
MA,21,2103208,Chapadinha,84202
MA,21,2103257,Cidelândia,13152
MA,21,2103307,Codó,118295
MA,21,2103406,Coelho Neto,42918
MA,21,2103505,Colinas,41745
MA,21,2103554,Conceição do Lago-Açu,15264
MA,21,2103604,Coroatá,61351
MA,21,2103703,Cururupu,32608
MA,21,2103752,Davinópolis,14788
MA,21,2103802,Dom Pedro,23579
MA,21,2103901,Duque Bacelar,10448
MA,21,2104008,Esperantinópolis,18725
MA,21,2104057,Estreito,34353
MA,21,2104073,Feira Nova do Maranhão,8236
MA,21,2104081,Fernando Falcão,11184
MA,21,2104099,Formosa da Serra Negra,18133
MA,21,2104107,Fortaleza dos Nogueiras,12951
MA,21,2104206,Fortuna,17346
MA,21,2104305,Godofredo Viana,10422
MA,21,2104404,Gonçalves Dias,17579
MA,21,2104503,Governador Archer,10472
MA,21,2104552,Governador Edison Lobão,18908
MA,21,2104602,Governador Eugênio Barros,14258
MA,21,2104628,Governador Luiz Rocha,7219
MA,21,2104651,Governador Newton Bello,10981
MA,21,2104677,Governador Nunes Freire,23563
MA,21,2104701,Graça Aranha,6161
MA,21,2104800,Grajaú,76578
MA,21,2104909,Guimarães,10470
MA,21,2105005,Humberto de Campos,26546
MA,21,2105104,Icatu,25332
MA,21,2105153,Igarapé do Meio,14350
MA,21,2105203,Igarapé Grande,10463
MA,21,2105302,Imperatriz,285146
MA,21,2105351,Itaipava do Grajaú,14143
MA,21,2105401,Itapecuru Mirim,62269
MA,21,2105427,Itinga do Maranhão,22934
MA,21,2105450,Jatobá,7610
MA,21,2105476,Jenipapo dos Vieiras,17499
MA,21,2105500,João Lisboa,25287
MA,21,2105609,Joselândia,15235
MA,21,2105658,Junco do Maranhão,5275
MA,21,2105708,Lago da Pedra,45875
MA,21,2105807,Lago do Junco,9700
MA,21,2105948,Lago dos Rodrigues,8961
MA,21,2105906,Lago Verde,15077
MA,21,2105922,Lagoa do Mato,10809
MA,21,2105963,Lagoa Grande do Maranhão,11710
MA,21,2105989,Lajeado Novo,7227
MA,21,2106003,Lima Campos,11558
MA,21,2106102,Loreto,11876
MA,21,2106201,Luís Domingues,7351
MA,21,2106300,Magalhães de Almeida,14001
MA,21,2106326,Maracaçumé,21686
MA,21,2106359,Marajá do Sena,7165
MA,21,2106375,Maranhãozinho,14086
MA,21,2106409,Mata Roma,17537
MA,21,2106508,Matinha,22530
MA,21,2106607,Matões,33300
MA,21,2106631,Matões do Norte,17945
MA,21,2106672,Milagres do Maranhão,9048
MA,21,2106706,Mirador,21518
MA,21,2106755,Miranda do Norte,24377
MA,21,2106805,Mirinzal,14297
MA,21,2106904,Monção,28606
MA,21,2107001,Montes Altos,9309
MA,21,2107100,Morros,18994
MA,21,2107209,Nina Rodrigues,14551
MA,21,2107258,Nova Colinas,5144
MA,21,2107308,Nova Iorque,4412
MA,21,2107357,Nova Olinda do Maranhão,14468
MA,21,2107407,Olho d'Água das Cunhãs,18295
MA,21,2107456,Olinda Nova do Maranhão,13909
MA,21,2107506,Paço do Lumiar,152306
MA,21,2107605,Palmeirândia,21606
MA,21,2107704,Paraibano,18619
MA,21,2107803,Parnarama,32256
MA,21,2107902,Passagem Franca,17592
MA,21,2108009,Pastos Bons,19246
MA,21,2108058,Paulino Neves,17523
MA,21,2108108,Paulo Ramos,20792
MA,21,2108207,Pedreiras,38267
MA,21,2108256,Pedro do Rosário,24917
MA,21,2108306,Penalva,33534
MA,21,2108405,Peri Mirim,11277
MA,21,2108454,Peritoró,20910
MA,21,2108504,Pindaré-Mirim,32521
MA,21,2108603,Pinheiro,87919
MA,21,2108702,Pio XII,22369
MA,21,2108801,Pirapemas,18120
MA,21,2108900,Poção de Pedras,17444
MA,21,2109007,Porto Franco,24517
MA,21,2109056,Porto Rico do Maranhão,6091
MA,21,2109106,Presidente Dutra,46578
MA,21,2109205,Presidente Juscelino,11616
MA,21,2109239,Presidente Médici,4748
MA,21,2109270,Presidente Sarney,17913
MA,21,2109304,Presidente Vargas,10791
MA,21,2109403,Primeira Cruz,13922
MA,21,2109452,Raposa,32054
MA,21,2109502,Riachão,22699
MA,21,2109551,Ribamar Fiquene,7597
MA,21,2109601,Rosário,39763
MA,21,2109700,Sambaíba,5701
MA,21,2109759,Santa Filomena do Maranhão,6839
MA,21,2109809,Santa Helena,43112
MA,21,2109908,Santa Inês,88167
MA,21,2110005,Santa Luzia,59037
MA,21,2110039,Santa Luzia do Paruá,24870
MA,21,2110104,Santa Quitéria do Maranhão,24489
MA,21,2110203,Santa Rita,38446
MA,21,2110237,Santana do Maranhão,10777
MA,21,2110278,Santo Amaro do Maranhão,14280
MA,21,2110302,Santo Antônio dos Lopes,14623
MA,21,2110401,São Benedito do Rio Preto,18793
MA,21,2110500,São Bento,48036
MA,21,2110609,São Bernardo,27887
MA,21,2110658,São Domingos do Azeitão,8213
MA,21,2110708,São Domingos do Maranhão,35221
MA,21,2110807,São Félix de Balsas,4495
MA,21,2110856,São Francisco do Brejão,9222
MA,21,2110906,São Francisco do Maranhão,12353
MA,21,2111003,São João Batista,18909
MA,21,2111029,São João do Carú,12421
MA,21,2111052,São João do Paraíso,10105
MA,21,2111078,São João do Soter,17254
MA,21,2111102,São João dos Patos,25891
MA,21,2111201,São José de Ribamar,257414
MA,21,2111250,São José dos Basílios,7102
MA,21,2111300,São Luís,1088057
MA,21,2111409,São Luís Gonzaga do Maranhão,18153
MA,21,2111508,São Mateus do Maranhão,40160
MA,21,2111532,São Pedro da Água Branca,14736
MA,21,2111573,São Pedro dos Crentes,5965
MA,21,2111607,São Raimundo das Mangabeiras,19129
MA,21,2111631,São Raimundo do Doca Bezerra,5767
MA,21,2111672,São Roberto,4602
MA,21,2111706,São Vicente Ferrer,19885
MA,21,2111722,Satubinha,8880
MA,21,2111748,Senador Alexandre Costa,10445
MA,21,2111763,Senador La Rocque,15035
MA,21,2111789,Serrano do Maranhão,10461
MA,21,2111805,Sítio Novo,17457
MA,21,2111904,Sucupira do Norte,10471
MA,21,2111953,Sucupira do Riachão,5088
MA,21,2112001,Tasso Fragoso,9106
MA,21,2112100,Timbiras,27344
MA,21,2112209,Timon,182241
MA,21,2112233,Trizidela do Vale,23052
MA,21,2112274,Tufilândia,5633
MA,21,2112308,Tuntum,37401
MA,21,2112407,Turiaçu,38905
MA,21,2112456,Turilândia,33032
MA,21,2112506,Tutóia,55041
MA,21,2112605,Urbano Santos,34060
MA,21,2112704,Vargem Grande,44540
MA,21,2112803,Viana,53115
MA,21,2112852,Vila Nova dos Martírios,10575
MA,21,2112902,Vitória do Mearim,31851
MA,21,2113009,Vitorino Freire,31906
MA,21,2114007,Zé Doca,41943
MG,31,3100104,Abadia dos Dourados,6365
MG,31,3100203,Abaeté,23161
MG,31,3100302,Abre Campo,14312
MG,31,3100401,Acaiaca,3997
MG,31,3100500,Açucena,8995
MG,31,3100609,Água Boa,12545
MG,31,3100708,Água Comprida,2165
MG,31,3100807,Aguanil,4490
MG,31,3100906,Águas Formosas,18841
MG,31,3101003,Águas Vermelhas,14486
MG,31,3101102,Aimorés,26165
MG,31,3101201,Aiuruoca,6382
MG,31,3101300,Alagoa,2816
MG,31,3101409,Albertina,3023
MG,31,3101508,Além Paraíba,31333
MG,31,3101607,Alfenas,81950
MG,31,3101631,Alfredo Vasconcelos,7184
MG,31,3101706,Almenara,41894
MG,31,3101805,Alpercata,7029
MG,31,3101904,Alpinópolis,18672
MG,31,3102001,Alterosa,14253
MG,31,3102050,Alto Caparaó,5982
MG,31,3153509,Alto Jequitibá,8596
MG,31,3102100,Alto Rio Doce,10994
MG,31,3102209,Alvarenga,4012
MG,31,3102308,Alvinópolis,15360
MG,31,3102407,Alvorada de Minas,4322
MG,31,3102506,Amparo do Serra,4595
MG,31,3102605,Andradas,42282
MG,31,3102803,Andrelândia,12169
MG,31,3102852,Angelândia,7860
MG,31,3102902,Antônio Carlos,11345
MG,31,3103009,Antônio Dias,9388
MG,31,3103108,Antônio Prado de Minas,1558
MG,31,3103207,Araçaí,2224
MG,31,3103306,Aracitaba,2095
MG,31,3103405,Araçuaí,35250
MG,31,3103504,Araguari,122874
MG,31,3103603,Arantina,2991
MG,31,3103702,Araponga,8218
MG,31,3103751,Araporã,8935
MG,31,3103801,Arapuá,2674
MG,31,3103900,Araújos,9556
MG,31,3104007,Araxá,117677
MG,31,3104106,Arceburgo,9348
MG,31,3104205,Arcos,43348
MG,31,3104304,Areado,14212
MG,31,3104403,Argirita,2725
MG,31,3104452,Aricanduva,4820
MG,31,3104502,Arinos,17598
MG,31,3104601,Astolfo Dutra,14565
MG,31,3104700,Ataléia,13967
MG,31,3104809,Augusto de Lima,4593
MG,31,3104908,Baependi,18768
MG,31,3105004,Baldim,7614
MG,31,3105103,Bambuí,24144
MG,31,3105202,Bandeira,4821
MG,31,3105301,Bandeira do Sul,6146
MG,31,3105400,Barão de Cocais,32095
MG,31,3105509,Barão de Monte Alto,4991
MG,31,3105608,Barbacena,129630
MG,31,3105707,Barra Longa,5740
MG,31,3105905,Barroso,20566
MG,31,3106002,Bela Vista de Minas,10412
MG,31,3106101,Belmiro Braga,3299
MG,31,3106200,Belo Horizonte,2416339
MG,31,3106309,Belo Oriente,24503
MG,31,3106408,Belo Vale,8946
MG,31,3106507,Berilo,9769
MG,31,3106655,Berizal,4277
MG,31,3106606,Bertópolis,4546
MG,31,3106705,Betim,429236
MG,31,3106804,Bias Fortes,3388
MG,31,3106903,Bicas,14331
MG,31,3107000,Biquinhas,2409
MG,31,3107109,Boa Esperança,41332
MG,31,3107208,Bocaina de Minas,5508
MG,31,3107307,Bocaiúva,49668
MG,31,3107406,Bom Despacho,53995
MG,31,3107505,Bom Jardim de Minas,6968
MG,31,3107604,Bom Jesus da Penha,4642
MG,31,3107703,Bom Jesus do Amparo,5775
MG,31,3107802,Bom Jesus do Galho,14756
MG,31,3107901,Bom Repouso,13183
MG,31,3108008,Bom Sucesso,17510
MG,31,3108107,Bonfim,7672
MG,31,3108206,Bonfinópolis de Minas,5615
MG,31,3108255,Bonito de Minas,10491
MG,31,3108305,Borda da Mata,17811
MG,31,3108404,Botelhos,15137
MG,31,3108503,Botumirim,5841
MG,31,3108701,Brás Pires,4314
MG,31,3108552,Brasilândia de Minas,15432
MG,31,3108602,Brasília de Minas,33188
MG,31,3108800,Braúnas,4475
MG,31,3108909,Brazópolis,14506
MG,31,3109006,Brumadinho,40777
MG,31,3109105,Bueno Brandão,11161
MG,31,3109204,Buenópolis,9229
MG,31,3109253,Bugre,4149
MG,31,3109303,Buritis,24693
MG,31,3109402,Buritizeiro,24068
MG,31,3109451,Cabeceira Grande,6797
MG,31,3109501,Cabo Verde,11396
MG,31,3109600,Cachoeira da Prata,3781
MG,31,3109709,Cachoeira de Minas,12248
MG,31,3102704,Cachoeira de Pajeú,9333
MG,31,3109808,Cachoeira Dourada,2346
MG,31,3109907,Caetanópolis,11832
MG,31,3110004,Caeté,39850
MG,31,3110103,Caiana,5463
MG,31,3110202,Cajuri,4186
MG,31,3110301,Caldas,14588
MG,31,3110400,Camacho,2867
MG,31,3110509,Camanducaia,27551
MG,31,3110608,Cambuí,30870
MG,31,3110707,Cambuquira,12560
MG,31,3110806,Campanário,2917
MG,31,3110905,Campanha,16334
MG,31,3111002,Campestre,21143
MG,31,3111101,Campina Verde,18250
MG,31,3111150,Campo Azul,3802
MG,31,3111200,Campo Belo,53943
MG,31,3111309,Campo do Meio,11624
MG,31,3111408,Campo Florido,8838
MG,31,3111507,Campos Altos,13136
MG,31,3111606,Campos Gerais,26809
MG,31,3111903,Cana Verde,5356
MG,31,3111705,Canaã,4832
MG,31,3111804,Canápolis,10755
MG,31,3112000,Candeias,14236
MG,31,3112059,Cantagalo,4039
MG,31,3112109,Caparaó,5144
MG,31,3112208,Capela Nova,4416
MG,31,3112307,Capelinha,41536
MG,31,3112406,Capetinga,6652
MG,31,3112505,Capim Branco,11105
MG,31,3112604,Capinópolis,14899
MG,31,3112653,Capitão Andrade,4650
MG,31,3112703,Capitão Enéas,14401
MG,31,3112802,Capitólio,10863
MG,31,3112901,Caputira,9128
MG,31,3113008,Caraí,19654
MG,31,3113107,Caranaíba,2960
MG,31,3113206,Carandaí,24368
MG,31,3113305,Carangola,32165
MG,31,3113404,Caratinga,90687
MG,31,3113503,Carbonita,8633
MG,31,3113602,Careaçu,7029
MG,31,3113701,Carlos Chagas,18852
MG,31,3113800,Carmésia,2682
MG,31,3113909,Carmo da Cachoeira,11776
MG,31,3114006,Carmo da Mata,11279
MG,31,3114105,Carmo de Minas,14114
MG,31,3114204,Carmo do Cajuru,24376
MG,31,3114303,Carmo do Paranaíba,29899
MG,31,3114402,Carmo do Rio Claro,21464
MG,31,3114501,Carmópolis de Minas,18498
MG,31,3114550,Carneirinho,9630
MG,31,3114600,Carrancas,4153
MG,31,3114709,Carvalhópolis,3417
MG,31,3114808,Carvalhos,4507
MG,31,3114907,Casa Grande,2260
MG,31,3115003,Cascalho Rico,2757
MG,31,3115102,Cássia,17495
MG,31,3115300,Cataguases,67872
MG,31,3115359,Catas Altas,5668
MG,31,3115409,Catas Altas da Noruega,3141
MG,31,3115458,Catuji,7226
MG,31,3115474,Catuti,4805
MG,31,3115508,Caxambu,21436
MG,31,3115607,Cedro do Abaeté,1091
MG,31,3115706,Central de Minas,6243
MG,31,3115805,Centralina,10440
MG,31,3115904,Chácara,3177
MG,31,3116001,Chalé,6261
MG,31,3116100,Chapada do Norte,10024
MG,31,3116159,Chapada Gaúcha,12810
MG,31,3116209,Chiador,2865
MG,31,3116308,Cipotânea,5599
MG,31,3116407,Claraval,4777
MG,31,3116506,Claro dos Poções,7259
MG,31,3116605,Cláudio,31665
MG,31,3116704,Coimbra,7285
MG,31,3116803,Coluna,8251
MG,31,3116902,Comendador Gomes,2813
MG,31,3117009,Comercinho,6627
MG,31,3117108,Conceição da Aparecida,10668
MG,31,3115201,Conceição da Barra de Minas,3596
MG,31,3117306,Conceição das Alagoas,29949
MG,31,3117207,Conceição das Pedras,2837
MG,31,3117405,Conceição de Ipanema,4503
MG,31,3117504,Conceição do Mato Dentro,24254
MG,31,3117603,Conceição do Pará,5567
MG,31,3117702,Conceição do Rio Verde,12780
MG,31,3117801,Conceição dos Ouros,11183
MG,31,3117836,Cônego Marinho,7420
MG,31,3117876,Confins,7676
MG,31,3117900,Congonhal,11403
MG,31,3118007,Congonhas,54986
MG,31,3118106,Congonhas do Norte,4927
MG,31,3118205,Conquista,6864
MG,31,3118304,Conselheiro Lafaiete,137980
MG,31,3118403,Conselheiro Pena,21113
MG,31,3118502,Consolação,1578
MG,31,3118601,Contagem,649975
MG,31,3118700,Coqueiral,9197
MG,31,3118809,Coração de Jesus,26151
MG,31,3118908,Cordisburgo,7592
MG,31,3119005,Cordislândia,3247
MG,31,3119104,Corinto,23996
MG,31,3119203,Coroaci,11200
MG,31,3119302,Coromandel,30013
MG,31,3119401,Coronel Fabriciano,108551
MG,31,3119500,Coronel Murta,8283
MG,31,3119609,Coronel Pacheco,2799
MG,31,3119708,Coronel Xavier Chaves,3586
MG,31,3119807,Córrego Danta,2978
MG,31,3119906,Córrego do Bom Jesus,4429
MG,31,3119955,Córrego Fundo,6310
MG,31,3120003,Córrego Novo,2912
MG,31,3120102,Couto de Magalhães de Minas,4346
MG,31,3120151,Crisólita,5296
MG,31,3120201,Cristais,12576
MG,31,3120300,Cristália,5165
MG,31,3120409,Cristiano Otoni,4735
MG,31,3120508,Cristina,10627
MG,31,3120607,Crucilândia,5633
MG,31,3120706,Cruzeiro da Fortaleza,3610
MG,31,3120805,Cruzília,15779
MG,31,3120839,Cuparaque,3994
MG,31,3120870,Curral de Dentro,7630
MG,31,3120904,Curvelo,83862
MG,31,3121001,Datas,5618
MG,31,3121100,Delfim Moreira,8130
MG,31,3121209,Delfinópolis,8760
MG,31,3121258,Delta,11003
MG,31,3121308,Descoberto,5058
MG,31,3121407,Desterro de Entre Rios,7900
MG,31,3121506,Desterro do Melo,3059
MG,31,3121605,Diamantina,49353
MG,31,3121704,Diogo de Vasconcelos,3596
MG,31,3121803,Dionísio,6789
MG,31,3121902,Divinésia,4426
MG,31,3122009,Divino,21329
MG,31,3122108,Divino das Laranjeiras,4186
MG,31,3122207,Divinolândia de Minas,6607
MG,31,3122306,Divinópolis,242328
MG,31,3122355,Divisa Alegre,6513
MG,31,3122405,Divisa Nova,5993
MG,31,3122454,Divisópolis,10585
MG,31,3122470,Dom Bosco,3767
MG,31,3122504,Dom Cavati,4981
MG,31,3122603,Dom Joaquim,5051
MG,31,3122702,Dom Silvério,5350
MG,31,3122801,Dom Viçoso,3176
MG,31,3122900,Dona Euzébia,6241
MG,31,3123007,Dores de Campos,10313
MG,31,3123106,Dores de Guanhães,5121
MG,31,3123205,Dores do Indaiá,12786
MG,31,3123304,Dores do Turvo,5159
MG,31,3123403,Doresópolis,1496
MG,31,3123502,Douradoquara,1869
MG,31,3123528,Durandé,8038
MG,31,3123601,Elói Mendes,27343
MG,31,3123700,Engenheiro Caldas,14308
MG,31,3123809,Engenheiro Navarro,6411
MG,31,3123858,Entre Folhas,5293
MG,31,3123908,Entre Rios de Minas,15120
MG,31,3124005,Ervália,20951
MG,31,3124104,Esmeraldas,91573
MG,31,3124203,Espera Feliz,24761
MG,31,3124302,Espinosa,31385
MG,31,3124401,Espírito Santo do Dourado,7007
MG,31,3124500,Estiva,11836
MG,31,3124609,Estrela Dalva,2204
MG,31,3124708,Estrela do Indaiá,2750
MG,31,3124807,Estrela do Sul,6926
MG,31,3124906,Eugenópolis,11075
MG,31,3125002,Ewbank da Câmara,3977
MG,31,3125101,Extrema,57913
MG,31,3125200,Fama,2662
MG,31,3125309,Faria Lemos,3239
MG,31,3125408,Felício dos Santos,5248
MG,31,3125606,Felisburgo,6592
MG,31,3125705,Felixlândia,14279
MG,31,3125804,Fernandes Tourinho,2825
MG,31,3125903,Ferros,9666
MG,31,3125952,Fervedouro,10693
MG,31,3126000,Florestal,8386
MG,31,3126109,Formiga,70668
MG,31,3126208,Formoso,8103
MG,31,3126307,Fortaleza de Minas,3485
MG,31,3126406,Fortuna de Minas,3207
MG,31,3126505,Francisco Badaró,7208
MG,31,3126604,Francisco Dumont,4564
MG,31,3126703,Francisco Sá,23819
MG,31,3126752,Franciscópolis,5062
MG,31,3126802,Frei Gaspar,5741
MG,31,3126901,Frei Inocêncio,8334
MG,31,3126950,Frei Lagonegro,3475
MG,31,3127008,Fronteira,14909
MG,31,3127057,Fronteira dos Vales,4405
MG,31,3127073,Fruta de Leite,4607
MG,31,3127107,Frutal,60942
MG,31,3127206,Funilândia,4886
MG,31,3127305,Galiléia,6281
MG,31,3127339,Gameleiras,4863
MG,31,3127354,Glaucilândia,2991
MG,31,3127370,Goiabeira,2869
MG,31,3127388,Goianá,4190
MG,31,3127404,Gonçalves,4891
MG,31,3127503,Gonzaga,5271
MG,31,3127602,Gouveia,11549
MG,31,3127701,Governador Valadares,266649
MG,31,3127800,Grão Mogol,14091
MG,31,3127909,Grupiara,1426
MG,31,3128006,Guanhães,33434
MG,31,3128105,Guapé,14073
MG,31,3128204,Guaraciaba,9921
MG,31,3128253,Guaraciama,5203
MG,31,3128303,Guaranésia,19611
MG,31,3128402,Guarani,7780
MG,31,3128501,Guarará,3132
MG,31,3128600,Guarda-Mor,6684
MG,31,3128709,Guaxupé,52621
MG,31,3128808,Guidoval,7284
MG,31,3128907,Guimarânia,8808
MG,31,3129004,Guiricema,7850
MG,31,3129103,Gurinhatã,5203
MG,31,3129202,Heliodora,6274
MG,31,3129301,Iapu,12486
MG,31,3129400,Ibertioga,5334
MG,31,3129509,Ibiá,22596
MG,31,3129608,Ibiaí,6254
MG,31,3129657,Ibiracatu,5139
MG,31,3129707,Ibiraci,11057
MG,31,3129806,Ibirité,178713
MG,31,3129905,Ibitiúra de Minas,3439
MG,31,3130002,Ibituruna,2740
MG,31,3130051,Icaraí de Minas,10912
MG,31,3130101,Igarapé,48475
MG,31,3130200,Igaratinga,11252
MG,31,3130309,Iguatama,6845
MG,31,3130408,Ijaci,7291
MG,31,3130507,Ilicínea,13171
MG,31,3130556,Imbé de Minas,7208
MG,31,3130606,Inconfidentes,7510
MG,31,3130655,Indaiabira,6379
MG,31,3130705,Indianópolis,6309
MG,31,3130804,Ingaí,2633
MG,31,3130903,Inhapim,23000
MG,31,3131000,Inhaúma,6435
MG,31,3131109,Inimutaba,7587
MG,31,3131158,Ipaba,17554
MG,31,3131208,Ipanema,20095
MG,31,3131307,Ipatinga,235445
MG,31,3131406,Ipiaçu,3823
MG,31,3131505,Ipuiúna,9299
MG,31,3131604,Iraí de Minas,7423
MG,31,3131703,Itabira,117747
MG,31,3131802,Itabirinha,10560
MG,31,3131901,Itabirito,55877
MG,31,3132008,Itacambira,4265
MG,31,3132107,Itacarambi,17521
MG,31,3132206,Itaguara,14325
MG,31,3132305,Itaipé,10549
MG,31,3132404,Itajubá,96632
MG,31,3132503,Itamarandiba,34137
MG,31,3132602,Itamarati de Minas,3730
MG,31,3132701,Itambacuri,21296
MG,31,3132800,Itambé do Mato Dentro,2175
MG,31,3132909,Itamogi,11062
MG,31,3133006,Itamonte,15193
MG,31,3133105,Itanhandu,15684
MG,31,3133204,Itanhomi,11298
MG,31,3133303,Itaobim,19354
MG,31,3133402,Itapagipe,14004
MG,31,3133501,Itapecerica,21462
MG,31,3133600,Itapeva,13332
MG,31,3133709,Itatiaiuçu,13603
MG,31,3133758,Itaú de Minas,14655
MG,31,3133808,Itaúna,102500
MG,31,3133907,Itaverava,5752
MG,31,3134004,Itinga,13982
MG,31,3134103,Itueta,6218
MG,31,3134202,Ituiutaba,106397
MG,31,3134301,Itumirim,6845
MG,31,3134400,Iturama,40011
MG,31,3134509,Itutinga,4347
MG,31,3134608,Jaboticatubas,21214
MG,31,3134707,Jacinto,11169
MG,31,3134806,Jacuí,7663
MG,31,3134905,Jacutinga,26705
MG,31,3135001,Jaguaraçu,3173
MG,31,3135050,Jaíba,39379
MG,31,3135076,Jampruca,4306
MG,31,3135100,Janaúba,73281
MG,31,3135209,Januária,67087
MG,31,3135308,Japaraíba,4672
MG,31,3135357,Japonvar,8357
MG,31,3135407,Jeceaba,6428
MG,31,3135456,Jenipapo de Minas,6124
MG,31,3135506,Jequeri,12652
MG,31,3135605,Jequitaí,6460
MG,31,3135704,Jequitibá,6098
MG,31,3135803,Jequitinhonha,24509
MG,31,3135902,Jesuânia,5296
MG,31,3136009,Joaíma,14084
MG,31,3136108,Joanésia,4304
MG,31,3136207,João Monlevade,83360
MG,31,3136306,João Pinheiro,48532
MG,31,3136405,Joaquim Felício,3891
MG,31,3136504,Jordânia,10536
MG,31,3136520,José Gonçalves de Minas,3993
MG,31,3136553,José Raydan,4352
MG,31,3136579,Josenópolis,3607
MG,31,3136652,Juatuba,32726
MG,31,3136702,Juiz de Fora,565764
MG,31,3136801,Juramento,3815
MG,31,3136900,Juruaia,11543
MG,31,3136959,Juvenília,5929
MG,31,3137007,Ladainha,14399
MG,31,3137106,Lagamar,6672
MG,31,3137205,Lagoa da Prata,53583
MG,31,3137304,Lagoa dos Patos,3285
MG,31,3137403,Lagoa Dourada,13116
MG,31,3137502,Lagoa Formosa,19507
MG,31,3137536,Lagoa Grande,9210
MG,31,3137601,Lagoa Santa,79981
MG,31,3137700,Lajinha,21422
MG,31,3137809,Lambari,20950
MG,31,3137908,Lamim,3226
MG,31,3138005,Laranjal,6042
MG,31,3138104,Lassance,7358
MG,31,3138203,Lavras,109884
MG,31,3138302,Leandro Ferreira,3270
MG,31,3138351,Leme do Prado,4387
MG,31,3138401,Leopoldina,52696
MG,31,3138500,Liberdade,4775
MG,31,3138609,Lima Duarte,17712
MG,31,3138625,Limeira do Oeste,9087
MG,31,3138658,Lontra,8968
MG,31,3138674,Luisburgo,7195
MG,31,3138682,Luislândia,6329
MG,31,3138708,Luminárias,5731
MG,31,3138807,Luz,18304
MG,31,3138906,Machacalis,6579
MG,31,3139003,Machado,38831
MG,31,3139102,Madre de Deus de Minas,5341
MG,31,3139201,Malacacheta,17751
MG,31,3139250,Mamonas,6096
MG,31,3139300,Manga,19188
MG,31,3139409,Manhuaçu,96545
MG,31,3139508,Manhumirim,20970
MG,31,3139607,Mantena,27358
MG,31,3139805,Mar de Espanha,13119
MG,31,3139706,Maravilhas,7518
MG,31,3139904,Maria da Fé,14557
MG,31,3140001,Mariana,64058
MG,31,3140100,Marilac,4320
MG,31,3140159,Mário Campos,16546
MG,31,3140209,Maripá de Minas,3532
MG,31,3140308,Marliéria,4761
MG,31,3140407,Marmelópolis,3299
MG,31,3140506,Martinho Campos,14461
MG,31,3140530,Martins Soares,8725
MG,31,3140555,Mata Verde,9458
MG,31,3140605,Materlândia,3982
MG,31,3140704,Mateus Leme,40239
MG,31,3171501,Mathias Lobato,3069
MG,31,3140803,Matias Barbosa,14501
MG,31,3140852,Matias Cardoso,8975
MG,31,3140902,Matipó,19054
MG,31,3141009,Mato Verde,12238
MG,31,3141108,Matozinhos,39291
MG,31,3141207,Matutina,3907
MG,31,3141306,Medeiros,4040
MG,31,3141405,Medina,20492
MG,31,3141504,Mendes Pimentel,5651
MG,31,3141603,Mercês,10609
MG,31,3141702,Mesquita,5038
MG,31,3141801,Minas Novas,24191
MG,31,3141900,Minduri,3815
MG,31,3142007,Mirabela,14029
MG,31,3142106,Miradouro,9026
MG,31,3142205,Miraí,13922
MG,31,3142254,Miravânia,4011
MG,31,3142304,Moeda,5291
MG,31,3142403,Moema,7778
MG,31,3142502,Monjolos,2196
MG,31,3142601,Monsenhor Paulo,8550
MG,31,3142700,Montalvânia,14160
MG,31,3142809,Monte Alegre de Minas,20666
MG,31,3142908,Monte Azul,20577
MG,31,3143005,Monte Belo,13340
MG,31,3143104,Monte Carmelo,49354
MG,31,3143153,Monte Formoso,4449
MG,31,3143203,Monte Santo de Minas,21301
MG,31,3143401,Monte Sião,24933
MG,31,3143302,Montes Claros,434321
MG,31,3143450,Montezuma,6979
MG,31,3143500,Morada Nova de Minas,9364
MG,31,3143609,Morro da Garça,2438
MG,31,3143708,Morro do Pilar,3174
MG,31,3143807,Munhoz,7857
MG,31,3143906,Muriaé,108161
MG,31,3144003,Mutum,28670
MG,31,3144102,Muzambinho,22527
MG,31,3144201,Nacip Raydan,2437
MG,31,3144300,Nanuque,35554
MG,31,3144359,Naque,6442
MG,31,3144375,Natalândia,3626
MG,31,3144409,Natércia,4800
MG,31,3144508,Nazareno,8390
MG,31,3144607,Nepomuceno,25774
MG,31,3144656,Ninheira,10915
MG,31,3144672,Nova Belém,3156
MG,31,3144706,Nova Era,17807
MG,31,3144805,Nova Lima,119142
MG,31,3144904,Nova Módica,3731
MG,31,3145000,Nova Ponte,15113
MG,31,3145059,Nova Porteirinha,6780
MG,31,3145109,Nova Resende,16854
MG,31,3145208,Nova Serrana,112910
MG,31,3136603,Nova União,6083
MG,31,3145307,Novo Cruzeiro,27453
MG,31,3145356,Novo Oriente de Minas,10501
MG,31,3145372,Novorizonte,4630
MG,31,3145406,Olaria,1986
MG,31,3145455,Olhos-d'Água,5520
MG,31,3145505,Olímpio Noronha,2616
MG,31,3145604,Oliveira,40552
MG,31,3145703,Oliveira Fortes,2062
MG,31,3145802,Onça de Pitangui,3027
MG,31,3145851,Oratórios,5076
MG,31,3145877,Orizânia,8759
MG,31,3145901,Ouro Branco,40411
MG,31,3146008,Ouro Fino,33227
MG,31,3146107,Ouro Preto,77601
MG,31,3146206,Ouro Verde de Minas,5858
MG,31,3146255,Padre Carvalho,5085
MG,31,3146305,Padre Paraíso,17537
MG,31,3146552,Pai Pedro,5634
MG,31,3146404,Paineiras,4273
MG,31,3146503,Pains,8341
MG,31,3146602,Paiva,1498
MG,31,3146701,Palma,5742
MG,31,3146750,Palmópolis,6373
MG,31,3146909,Papagaios,14207
MG,31,3147105,Pará de Minas,102033
MG,31,3147006,Paracatu,98397
MG,31,3147204,Paraguaçu,22357
MG,31,3147303,Paraisópolis,21005
MG,31,3147402,Paraopeba,24800
MG,31,3147600,Passa Quatro,15842
MG,31,3147709,Passa Tempo,8696
MG,31,3147808,Passa Vinte,2301
MG,31,3147501,Passabém,1617
MG,31,3147907,Passos,116530
MG,31,3147956,Patis,4863
MG,31,3148004,Patos de Minas,167870
MG,31,3148103,Patrocínio,93852
MG,31,3148202,Patrocínio do Muriaé,5735
MG,31,3148301,Paula Cândido,8786
MG,31,3148400,Paulistas,4429
MG,31,3148509,Pavão,8168
MG,31,3148608,Peçanha,17843
MG,31,3148707,Pedra Azul,24999
MG,31,3148756,Pedra Bonita,7559
MG,31,3148806,Pedra do Anta,3371
MG,31,3148905,Pedra do Indaiá,4232
MG,31,3149002,Pedra Dourada,2883
MG,31,3149101,Pedralva,10924
MG,31,3149150,Pedras de Maria da Cruz,10619
MG,31,3149200,Pedrinópolis,3404
MG,31,3149309,Pedro Leopoldo,64910
MG,31,3149408,Pedro Teixeira,1854
MG,31,3149507,Pequeri,3448
MG,31,3149606,Pequi,4258
MG,31,3149705,Perdigão,12925
MG,31,3149804,Perdizes,17830
MG,31,3149903,Perdões,21991
MG,31,3149952,Periquito,6647
MG,31,3150000,Pescador,3587
MG,31,3150109,Piau,2854
MG,31,3150158,Piedade de Caratinga,8883
MG,31,3150208,Piedade de Ponte Nova,4056
MG,31,3150307,Piedade do Rio Grande,4697
MG,31,3150406,Piedade dos Gerais,5175
MG,31,3150505,Pimenta,8794
MG,31,3150539,Pingo-d'Água,4845
MG,31,3150570,Pintópolis,7231
MG,31,3150604,Piracema,6884
MG,31,3150703,Pirajuba,5762
MG,31,3150802,Piranga,17360
MG,31,3150901,Piranguçu,6271
MG,31,3151008,Piranguinho,9451
MG,31,3151107,Pirapetinga,11408
MG,31,3151206,Pirapora,57543
MG,31,3151305,Piraúba,11958
MG,31,3151404,Pitangui,27734
MG,31,3151503,Piumhi,37742
MG,31,3151602,Planura,11484
MG,31,3151701,Poço Fundo,16791
MG,31,3151800,Poços de Caldas,171533
MG,31,3151909,Pocrane,8468
MG,31,3152006,Pompéu,32305
MG,31,3152105,Ponte Nova,59569
MG,31,3152131,Ponto Chique,3807
MG,31,3152170,Ponto dos Volantes,11077
MG,31,3152204,Porteirinha,38668
MG,31,3152303,Porto Firme,10825
MG,31,3152402,Poté,13751
MG,31,3152501,Pouso Alegre,160751
MG,31,3152600,Pouso Alto,6755
MG,31,3152709,Prados,9327
MG,31,3152808,Prata,29578
MG,31,3152907,Pratápolis,8551
MG,31,3153004,Pratinha,3673
MG,31,3153103,Presidente Bernardes,4883
MG,31,3153202,Presidente Juscelino,3493
MG,31,3153301,Presidente Kubitschek,3154
MG,31,3153400,Presidente Olegário,19177
MG,31,3153608,Prudente de Morais,11940
MG,31,3153707,Quartel Geral,3237
MG,31,3153806,Queluzito,1800
MG,31,3153905,Raposos,16735
MG,31,3154002,Raul Soares,23882
MG,31,3154101,Recreio,11337
MG,31,3154150,Reduto,8170
MG,31,3154200,Resende Costa,11520
MG,31,3154309,Resplendor,17612
MG,31,3154408,Ressaquinha,4641
MG,31,3154457,Riachinho,6890
MG,31,3154507,Riacho dos Machados,8886
MG,31,3154606,Ribeirão das Neves,344828
MG,31,3154705,Ribeirão Vermelho,4201
MG,31,3154804,Rio Acima,10626
MG,31,3154903,Rio Casca,12921
MG,31,3155108,Rio do Prado,4679
MG,31,3155009,Rio Doce,2542
MG,31,3155207,Rio Espera,5479
MG,31,3155306,Rio Manso,5727
MG,31,3155405,Rio Novo,8689
MG,31,3155504,Rio Paranaíba,15143
MG,31,3155603,Rio Pardo de Minas,29123
MG,31,3155702,Rio Piracicaba,15001
MG,31,3155801,Rio Pomba,17856
MG,31,3155900,Rio Preto,5240
MG,31,3156007,Rio Vermelho,12815
MG,31,3156106,Ritápolis,5115
MG,31,3156205,Rochedo de Minas,2363
MG,31,3156304,Rodeiro,9064
MG,31,3156403,Romaria,3440
MG,31,3156452,Rosário da Limeira,4896
MG,31,3156502,Rubelita,5572
MG,31,3156601,Rubim,10575
MG,31,3156700,Sabará,134286
MG,31,3156809,Sabinópolis,14382
MG,31,3156908,Sacramento,27891
MG,31,3157005,Salinas,41641
MG,31,3157104,Salto da Divisa,6164
MG,31,3157203,Santa Bárbara,31756
MG,31,3157252,Santa Bárbara do Leste,8737
MG,31,3157278,Santa Bárbara do Monte Verde,3199
MG,31,3157302,Santa Bárbara do Tugúrio,4262
MG,31,3157336,Santa Cruz de Minas,8321
MG,31,3157377,Santa Cruz de Salinas,3944
MG,31,3157401,Santa Cruz do Escalvado,4743
MG,31,3157500,Santa Efigênia de Minas,4067
MG,31,3157609,Santa Fé de Minas,3551
MG,31,3157658,Santa Helena de Minas,6059
MG,31,3157708,Santa Juliana,16568
MG,31,3157807,Santa Luzia,229483
MG,31,3157906,Santa Margarida,16903
MG,31,3158003,Santa Maria de Itabira,10716
MG,31,3158102,Santa Maria do Salto,4803
MG,31,3158201,Santa Maria do Suaçuí,12898
MG,31,3159209,Santa Rita de Caldas,8588
MG,31,3159407,Santa Rita de Ibitipoca,3344
MG,31,3159308,Santa Rita de Jacutinga,4836
MG,31,3159357,Santa Rita de Minas,6952
MG,31,3159506,Santa Rita do Itueto,5973
MG,31,3159605,Santa Rita do Sapucaí,42320
MG,31,3159704,Santa Rosa da Serra,3476
MG,31,3159803,Santa Vitória,21745
MG,31,3158300,Santana da Vargem,6781
MG,31,3158409,Santana de Cataguases,3553
MG,31,3158508,Santana de Pirapama,7079
MG,31,3158607,Santana do Deserto,3819
MG,31,3158706,Santana do Garambéu,2175
MG,31,3158805,Santana do Jacaré,4265
MG,31,3158904,Santana do Manhuaçu,9236
MG,31,3158953,Santana do Paraíso,48286
MG,31,3159001,Santana do Riacho,5579
MG,31,3159100,Santana dos Montes,3507
MG,31,3159902,Santo Antônio do Amparo,17651
MG,31,3160009,Santo Antônio do Aventureiro,3881
MG,31,3160108,Santo Antônio do Grama,4342
MG,31,3160207,Santo Antônio do Itambé,3979
MG,31,3160306,Santo Antônio do Jacinto,10397
MG,31,3160405,Santo Antônio do Monte,28358
MG,31,3160454,Santo Antônio do Retiro,6743
MG,31,3160504,Santo Antônio do Rio Abaixo,1853
MG,31,3160603,Santo Hipólito,2720
MG,31,3160702,Santos Dumont,43392
MG,31,3160801,São Bento Abade,4835
MG,31,3160900,São Brás do Suaçuí,4133
MG,31,3160959,São Domingos das Dores,5778
MG,31,3161007,São Domingos do Prata,17771
MG,31,3161056,São Félix de Minas,3252
MG,31,3161106,São Francisco,54239
MG,31,3161205,São Francisco de Paula,6293
MG,31,3161304,São Francisco de Sales,5857
MG,31,3161403,São Francisco do Glória,4866
MG,31,3161502,São Geraldo,10517
MG,31,3161601,São Geraldo da Piedade,3258
MG,31,3161650,São Geraldo do Baixio,3175
MG,31,3161700,São Gonçalo do Abaeté,7521
MG,31,3161809,São Gonçalo do Pará,12192
MG,31,3161908,São Gonçalo do Rio Abaixo,12353
MG,31,3125507,São Gonçalo do Rio Preto,3098
MG,31,3162005,São Gonçalo do Sapucaí,24480
MG,31,3162104,São Gotardo,43309
MG,31,3162203,São João Batista do Glória,7912
MG,31,3162252,São João da Lagoa,4950
MG,31,3162302,São João da Mata,3000
MG,31,3162401,São João da Ponte,24269
MG,31,3162450,São João das Missões,13467
MG,31,3162500,São João del Rei,94062
MG,31,3162559,São João do Manhuaçu,11614
MG,31,3162575,São João do Manteninha,5468
MG,31,3162609,São João do Oriente,7139
MG,31,3162658,São João do Pacuí,4052
MG,31,3162708,São João do Paraíso,24604
MG,31,3162807,São João Evangelista,15617
MG,31,3162906,São João Nepomuceno,26478
MG,31,3162922,São Joaquim de Bicas,36496
MG,31,3162948,São José da Barra,8084
MG,31,3162955,São José da Lapa,27710
MG,31,3163003,São José da Safira,3861
MG,31,3163102,São José da Varginha,4677
MG,31,3163201,São José do Alegre,4242
MG,31,3163300,São José do Divino,3501
MG,31,3163409,São José do Goiabal,5492
MG,31,3163508,São José do Jacuri,6298
MG,31,3163607,São José do Mantimento,2834
MG,31,3163706,São Lourenço,46653
MG,31,3163805,São Miguel do Anta,6430
MG,31,3163904,São Pedro da União,4979
MG,31,3164100,São Pedro do Suaçuí,5166
MG,31,3164001,São Pedro dos Ferros,7194
MG,31,3164209,São Romão,10553
MG,31,3164308,São Roque de Minas,7341
MG,31,3164407,São Sebastião da Bela Vista,6694
MG,31,3164431,São Sebastião da Vargem Alegre,3219
MG,31,3164472,São Sebastião do Anta,6386
MG,31,3164506,São Sebastião do Maranhão,10244
MG,31,3164605,São Sebastião do Oeste,9355
MG,31,3164704,São Sebastião do Paraíso,74742
MG,31,3164803,São Sebastião do Rio Preto,1248
MG,31,3164902,São Sebastião do Rio Verde,2373
MG,31,3165008,São Tiago,11517
MG,31,3165107,São Tomás de Aquino,6853
MG,31,3165206,São Tomé das Letras,7089
MG,31,3165305,São Vicente de Minas,6935
MG,31,3165404,Sapucaí-Mirim,6462
MG,31,3165503,Sardoá,5164
MG,31,3165537,Sarzedo,39327
MG,31,3165560,Sem-Peixe,2441
MG,31,3165578,Senador Amaral,6458
MG,31,3165602,Senador Cortes,2319
MG,31,3165701,Senador Firmino,7945
MG,31,3165800,Senador José Bento,2137
MG,31,3165909,Senador Modestino Gonçalves,4035
MG,31,3166006,Senhora de Oliveira,5584
MG,31,3166105,Senhora do Porto,3088
MG,31,3166204,Senhora dos Remédios,10640
MG,31,3166303,Sericita,7536
MG,31,3166402,Seritinga,1864
MG,31,3166501,Serra Azul de Minas,3829
MG,31,3166600,Serra da Saudade,854
MG,31,3166808,Serra do Salitre,12210
MG,31,3166709,Serra dos Aimorés,6936
MG,31,3166907,Serrania,7802
MG,31,3166956,Serranópolis de Minas,4496
MG,31,3167004,Serranos,2035
MG,31,3167103,Serro,22550
MG,31,3167202,Sete Lagoas,237931
MG,31,3165552,Setubinha,10032
MG,31,3167301,Silveirânia,2391
MG,31,3167400,Silvianópolis,6336
MG,31,3167509,Simão Pereira,3060
MG,31,3167608,Simonésia,20339
MG,31,3167707,Sobrália,5175
MG,31,3167806,Soledade de Minas,5733
MG,31,3167905,Tabuleiro,4098
MG,31,3168002,Taiobeiras,34392
MG,31,3168051,Taparuba,3492
MG,31,3168101,Tapira,4212
MG,31,3168200,Tapiraí,1707
MG,31,3168309,Taquaraçu de Minas,4368
MG,31,3168408,Tarumirim,15072
MG,31,3168507,Teixeiras,12634
MG,31,3168606,Teófilo Otoni,142571
MG,31,3168705,Timóteo,84087
MG,31,3168804,Tiradentes,8008
MG,31,3168903,Tiros,8172
MG,31,3169000,Tocantins,16574
MG,31,3169059,Tocos do Moji,3899
MG,31,3169109,Toledo,7541
MG,31,3169208,Tombos,8699
MG,31,3169307,Três Corações,78079
MG,31,3169356,Três Marias,29927
MG,31,3169406,Três Pontas,57086
MG,31,3169505,Tumiritinga,5973
MG,31,3169604,Tupaciguara,26482
MG,31,3169703,Turmalina,20650
MG,31,3169802,Turvolândia,5078
MG,31,3169901,Ubá,107222
MG,31,3170008,Ubaí,11977
MG,31,3170057,Ubaporanga,13423
MG,31,3170107,Uberaba,354142
MG,31,3170206,Uberlândia,754954
MG,31,3170305,Umburatiba,2742
MG,31,3170404,Unaí,90724
MG,31,3170438,União de Minas,3848
MG,31,3170479,Uruana de Minas,3360
MG,31,3170503,Urucânia,10875
MG,31,3170529,Urucuia,18291
MG,31,3170578,Vargem Alegre,5834
MG,31,3170602,Vargem Bonita,2206
MG,31,3170651,Vargem Grande do Rio Pardo,4727
MG,31,3170701,Varginha,142802
MG,31,3170750,Varjão de Minas,7243
MG,31,3170800,Várzea da Palma,34639
MG,31,3170909,Varzelândia,19214
MG,31,3171006,Vazante,20433
MG,31,3171030,Verdelândia,7770
MG,31,3171071,Veredinha,5257
MG,31,3171105,Veríssimo,3480
MG,31,3171154,Vermelho Novo,5034
MG,31,3171204,Vespasiano,136826
MG,31,3171303,Viçosa,79221
MG,31,3171402,Vieiras,3780
MG,31,3171600,Virgem da Lapa,11867
MG,31,3171709,Virgínia,9142
MG,31,3171808,Virginópolis,10519
MG,31,3171907,Virgolândia,4530
MG,31,3172004,Visconde do Rio Branco,40608
MG,31,3172103,Volta Grande,4473
MG,31,3172202,Wenceslau Braz,2387
MS,50,5000203,Água Clara,17647
MS,50,5000252,Alcinópolis,4648
MS,50,5000609,Amambai,41414
MS,50,5000708,Anastácio,24741
MS,50,5000807,Anaurilândia,7735
MS,50,5000856,Angélica,11203
MS,50,5000906,Antônio João,9641
MS,50,5001003,Aparecida do Taboado,29446
MS,50,5001102,Aquidauana,48561
MS,50,5001243,Aral Moreira,11085
MS,50,5001508,Bandeirantes,8276
MS,50,5001904,Bataguassu,24004
MS,50,5002001,Batayporã,10953
MS,50,5002100,Bela Vista,21965
MS,50,5002159,Bodoquena,8849
MS,50,5002209,Bonito,24761
MS,50,5002308,Brasilândia,11840
MS,50,5002407,Caarapó,32406
MS,50,5002605,Camapuã,13920
MS,50,5002704,Campo Grande,954537
MS,50,5002803,Caracol,5115
MS,50,5002902,Cassilândia,21549
MS,50,5002951,Chapadão do Sul,33791
MS,50,5003108,Corguinho,4893
MS,50,5003157,Coronel Sapucaia,14661
MS,50,5003207,Corumbá,99107
MS,50,5003256,Costa Rica,28163
MS,50,5003306,Coxim,33390
MS,50,5003454,Deodápolis,14210
MS,50,5003488,Dois Irmãos do Buriti,11470
MS,50,5003504,Douradina,5749
MS,50,5003702,Dourados,260640
MS,50,5003751,Eldorado,11633
MS,50,5003801,Fátima do Sul,21388
MS,50,5003900,Figueirão,3709
MS,50,5004007,Glória de Dourados,10777
MS,50,5004106,Guia Lopes da Laguna,10135
MS,50,5004304,Iguatemi,14017
MS,50,5004403,Inocência,8712
MS,50,5004502,Itaporã,25075
MS,50,5004601,Itaquiraí,19996
MS,50,5004700,Ivinhema,29613
MS,50,5004809,Japorã,8409
MS,50,5004908,Jaraguari,7425
MS,50,5005004,Jardim,24509
MS,50,5005103,Jateí,3620
MS,50,5005152,Juti,7009
MS,50,5005202,Ladário,22290
MS,50,5005251,Laguna Carapã,7012
MS,50,5005400,Maracaju,47558
MS,50,5005608,Miranda,26487
MS,50,5005681,Mundo Novo,19937
MS,50,5005707,Naviraí,52707
MS,50,5005806,Nioaque,13412
MS,50,5006002,Nova Alvorada do Sul,23054
MS,50,5006200,Nova Andradina,50610
MS,50,5006259,Novo Horizonte do Sul,4811
MS,50,5006275,Paraíso das Águas,5777
MS,50,5006309,Paranaíba,42543
MS,50,5006358,Paranhos,13323
MS,50,5006408,Pedro Gomes,6974
MS,50,5006606,Ponta Porã,97577
MS,50,5006903,Porto Murtinho,12864
MS,50,5007109,Ribas do Rio Pardo,23996
MS,50,5007208,Rio Brilhante,39936
MS,50,5007307,Rio Negro,4933
MS,50,5007406,Rio Verde de Mato Grosso,20393
MS,50,5007505,Rochedo,5407
MS,50,5007554,Santa Rita do Pardo,7174
MS,50,5007695,São Gabriel do Oeste,31694
MS,50,5007802,Selvíria,8593
MS,50,5007703,Sete Quedas,11301
MS,50,5007901,Sidrolândia,49374
MS,50,5007935,Sonora,14822
MS,50,5007950,Tacuru,11159
MS,50,5007976,Taquarussu,3730
MS,50,5008008,Terenos,18139
MS,50,5008305,Três Lagoas,141435
MS,50,5008404,Vicentina,6476
MT,51,5100102,Acorizal,4990
MT,51,5100201,Água Boa,31314
MT,51,5100250,Alta Floresta,61291
MT,51,5100300,Alto Araguaia,17657
MT,51,5100359,Alto Boa Vista,5875
MT,51,5100409,Alto Garças,13707
MT,51,5100508,Alto Paraguai,7717
MT,51,5100607,Alto Taquari,11571
MT,51,5100805,Apiacás,8692
MT,51,5101001,Araguaiana,3950
MT,51,5101209,Araguainha,1006
MT,51,5101258,Araputanga,14854
MT,51,5101308,Arenápolis,10747
MT,51,5101407,Aripuanã,26010
MT,51,5101605,Barão de Melgaço,7204
MT,51,5101704,Barra do Bugres,29576
MT,51,5101803,Barra do Garças,72694
MT,51,5101837,Boa Esperança do Norte,5772
MT,51,5101852,Bom Jesus do Araguaia,7731
MT,51,5101902,Brasnorte,17496
MT,51,5102504,Cáceres,91626
MT,51,5102603,Campinápolis,15713
MT,51,5102637,Campo Novo do Parecis,50033
MT,51,5102678,Campo Verde,47831
MT,51,5102686,Campos de Júlio,9608
MT,51,5102694,Canabrava do Norte,4480
MT,51,5102702,Canarana,27657
MT,51,5102793,Carlinda,10324
MT,51,5102850,Castanheira,7459
MT,51,5103007,Chapada dos Guimarães,19374
MT,51,5103056,Cláudia,9436
MT,51,5103106,Cocalinho,6428
MT,51,5103205,Colíder,32010
MT,51,5103254,Colniza,26090
MT,51,5103304,Comodoro,18461
MT,51,5103353,Confresa,37541
MT,51,5103361,Conquista D'Oeste,3874
MT,51,5103379,Cotriguaçu,10398
MT,51,5103403,Cuiabá,682932
MT,51,5103437,Curvelândia,4967
MT,51,5103452,Denise,6815
MT,51,5103502,Diamantino,22479
MT,51,5103601,Dom Aquino,7915
MT,51,5103700,Feliz Natal,10564
MT,51,5103809,Figueirópolis D'Oeste,3112
MT,51,5103858,Gaúcha do Norte,9181
MT,51,5103908,General Carneiro,6250
MT,51,5103957,Glória D'Oeste,2899
MT,51,5104104,Guarantã do Norte,31328
MT,51,5104203,Guiratinga,10532
MT,51,5104500,Indiavaí,2194
MT,51,5104526,Ipiranga do Norte,8409
MT,51,5104542,Itanhangá,8049
MT,51,5104559,Itaúba,5161
MT,51,5104609,Itiquira,12519
MT,51,5104807,Jaciara,29560
MT,51,5104906,Jangada,7447
MT,51,5105002,Jauru,8076
MT,51,5105101,Juara,35899
MT,51,5105150,Juína,47800
MT,51,5105176,Juruena,10149
MT,51,5105200,Juscimeira,11620
MT,51,5105234,Lambari D'Oeste,4724
MT,51,5105259,Lucas do Rio Verde,92256
MT,51,5105309,Luciara,2591
MT,51,5105580,Marcelândia,11414
MT,51,5105606,Matupá,21415
MT,51,5105622,Mirassol d'Oeste,27511
MT,51,5105903,Nobres,15753
MT,51,5106000,Nortelândia,5935
MT,51,5106109,Nossa Senhora do Livramento,11658
MT,51,5106158,Nova Bandeirantes,14160
MT,51,5106208,Nova Brasilândia,3853
MT,51,5106216,Nova Canaã do Norte,11771
MT,51,5108808,Nova Guarita,4579
MT,51,5106182,Nova Lacerda,6965
MT,51,5108857,Nova Marilândia,3678
MT,51,5108907,Nova Maringá,5775
MT,51,5108956,Nova Monte Verde,8451
MT,51,5106224,Nova Mutum,61223
MT,51,5106174,Nova Nazaré,4467
MT,51,5106232,Nova Olímpia,16314
MT,51,5106190,Nova Santa Helena,4431
MT,51,5106240,Nova Ubiratã,9589
MT,51,5106257,Nova Xavantina,25486
MT,51,5106273,Novo Horizonte do Norte,3307
MT,51,5106265,Novo Mundo,6444
MT,51,5106315,Novo Santo Antônio,2040
MT,51,5106281,Novo São Joaquim,7160
MT,51,5106299,Paranaíta,11989
MT,51,5106307,Paranatinga,28204
MT,51,5106372,Pedra Preta,18722
MT,51,5106422,Peixoto de Azevedo,33599
MT,51,5106455,Planalto da Serra,3287
MT,51,5106505,Poconé,31269
MT,51,5106653,Pontal do Araguaia,7299
MT,51,5106703,Ponte Branca,2076
MT,51,5106752,Pontes e Lacerda,54795
MT,51,5106778,Porto Alegre do Norte,12524
MT,51,5106802,Porto dos Gaúchos,5690
MT,51,5106828,Porto Esperidião,10167
MT,51,5106851,Porto Estrela,3181
MT,51,5107008,Poxoréu,24587
MT,51,5107040,Primavera do Leste,92927
MT,51,5107065,Querência,29820
MT,51,5107156,Reserva do Cabaçal,2062
MT,51,5107180,Ribeirão Cascalheira,10431
MT,51,5107198,Ribeirãozinho,2697
MT,51,5107206,Rio Branco,4489
MT,51,5107578,Rondolândia,3527
MT,51,5107602,Rondonópolis,259167
MT,51,5107701,Rosário Oeste,15236
MT,51,5107750,Salto do Céu,3679
MT,51,5107248,Santa Carmem,5677
MT,51,5107743,Santa Cruz do Xingu,2834
MT,51,5107768,Santa Rita do Trivelato,3463
MT,51,5107776,Santa Terezinha,7720
MT,51,5107263,Santo Afonso,2460
MT,51,5107792,Santo Antônio do Leste,4212
MT,51,5107800,Santo Antônio do Leverger,16795
MT,51,5107859,São Félix do Araguaia,14332
MT,51,5107297,São José do Povo,2780
MT,51,5107305,São José do Rio Claro,14662
MT,51,5107354,São José do Xingu,6168
MT,51,5107107,São José dos Quatro Marcos,17830
MT,51,5107404,São Pedro da Cipa,4247
MT,51,5107875,Sapezal,31499
MT,51,5107883,Serra Nova Dourada,1901
MT,51,5107909,Sinop,216029
MT,51,5107925,Sorriso,120561
MT,51,5107941,Tabaporã,9908
MT,51,5107958,Tangará da Serra,112547
MT,51,5108006,Tapurah,15272
MT,51,5108055,Terra Nova do Norte,10641
MT,51,5108105,Tesouro,2977
MT,51,5108204,Torixoréu,4230
MT,51,5108303,União do Sul,3897
MT,51,5108352,Vale de São Domingos,2907
MT,51,5108402,Várzea Grande,314627
MT,51,5108501,Vera,10584
MT,51,5105507,Vila Bela da Santíssima Trindade,17384
MT,51,5108600,Vila Rica,19827
PA,15,1500107,Abaetetuba,170999
PA,15,1500131,Abel Figueiredo,6302
PA,15,1500206,Acará,62701
PA,15,1500305,Afuá,40246
PA,15,1500347,Água Azul do Norte,17960
PA,15,1500404,Alenquer,74836
PA,15,1500503,Almeirim,36334
PA,15,1500602,Altamira,136982
PA,15,1500701,Anajás,30003
PA,15,1500800,Ananindeua,507838
PA,15,1500859,Anapu,34947
PA,15,1500909,Augusto Corrêa,47596
PA,15,1500958,Aurora do Pará,24321
PA,15,1501006,Aveiro,19223
PA,15,1501105,Bagre,34633
PA,15,1501204,Baião,55949
PA,15,1501253,Bannach,4252
PA,15,1501303,Barcarena,137331
PA,15,1501402,Belém,1398531
PA,15,1501451,Belterra,18954
PA,15,1501501,Benevides,68191
PA,15,1501576,Bom Jesus do Tocantins,18958
PA,15,1501600,Bonito,12998
PA,15,1501709,Bragança,131679
PA,15,1501725,Brasil Novo,26606
PA,15,1501758,Brejo Grande do Araguaia,6985
PA,15,1501782,Breu Branco,47351
PA,15,1501808,Breves,115051
PA,15,1501907,Bujaru,25112
PA,15,1502004,Cachoeira do Arari,25243
PA,15,1501956,Cachoeira do Piriá,19578
PA,15,1502103,Cametá,143837
PA,15,1502152,Canaã dos Carajás,86629
PA,15,1502202,Capanema,74808
PA,15,1502301,Capitão Poço,59960
PA,15,1502400,Castanhal,207603
PA,15,1502509,Chaves,21487
PA,15,1502608,Colares,13526
PA,15,1502707,Conceição do Araguaia,47099
PA,15,1502756,Concórdia do Pará,28287
PA,15,1502764,Cumaru do Norte,14937
PA,15,1502772,Curionópolis,20859
PA,15,1502806,Curralinho,36451
PA,15,1502855,Curuá,14834
PA,15,1502905,Curuçá,44413
PA,15,1502939,Dom Eliseu,62322
PA,15,1502954,Eldorado do Carajás,29425
PA,15,1503002,Faro,9125
PA,15,1503044,Floresta do Araguaia,18565
PA,15,1503077,Garrafão do Norte,25552
PA,15,1503093,Goianésia do Pará,27059
PA,15,1503101,Gurupá,33922
PA,15,1503200,Igarapé-Açu,37855
PA,15,1503309,Igarapé-Miri,68955
PA,15,1503408,Inhangapi,10754
PA,15,1503457,Ipixuna do Pará,30158
PA,15,1503507,Irituia,32698
PA,15,1503606,Itaituba,133684
PA,15,1503705,Itupiranga,52187
PA,15,1503754,Jacareacanga,26006
PA,15,1503804,Jacundá,38391
PA,15,1503903,Juruti,53952
PA,15,1504000,Limoeiro do Ajuru,31778
PA,15,1504059,Mãe do Rio,37048
PA,15,1504109,Magalhães Barata,8428
PA,15,1504208,Marabá,288513
PA,15,1504307,Maracanã,27207
PA,15,1504406,Marapanim,28105
PA,15,1504422,Marituba,118998
PA,15,1504455,Medicilândia,28633
PA,15,1504505,Melgaço,29846
PA,15,1504604,Mocajuba,28821
PA,15,1504703,Moju,90795
PA,15,1504752,Mojuí dos Campos,25312
PA,15,1504802,Monte Alegre,63641
PA,15,1504901,Muaná,48955
PA,15,1504950,Nova Esperança do Piriá,21259
PA,15,1504976,Nova Ipixuna,14417
PA,15,1505007,Nova Timboteua,13204
PA,15,1505031,Novo Progresso,36518
PA,15,1505064,Novo Repartimento,63754
PA,15,1505106,Óbidos,55271
PA,15,1505205,Oeiras do Pará,36377
PA,15,1505304,Oriximiná,72460
PA,15,1505403,Ourém,18675
PA,15,1505437,Ourilândia do Norte,34905
PA,15,1505486,Pacajá,43594
PA,15,1505494,Palestina do Pará,7086
PA,15,1505502,Paragominas,112843
PA,15,1505536,Parauapebas,298854
PA,15,1505551,Pau D'Arco,7296
PA,15,1505601,Peixe-Boi,8651
PA,15,1505635,Piçarra,13341
PA,15,1505650,Placas,18772
PA,15,1505700,Ponta de Pedras,25767
PA,15,1505809,Portel,66898
PA,15,1505908,Porto de Moz,43673
PA,15,1506005,Prainha,38318
PA,15,1506104,Primavera,11332
PA,15,1506112,Quatipuru,11870
PA,15,1506138,Redenção,91947
PA,15,1506161,Rio Maria,19129
PA,15,1506187,Rondon do Pará,56593
PA,15,1506195,Rurópolis,37360
PA,15,1506203,Salinópolis,48168
PA,15,1506302,Salvaterra,25441
PA,15,1506351,Santa Bárbara do Pará,22288
PA,15,1506401,Santa Cruz do Arari,7654
PA,15,1506500,Santa Izabel do Pará,78317
PA,15,1506559,Santa Luzia do Pará,21217
PA,15,1506583,Santa Maria das Barreiras,17079
PA,15,1506609,Santa Maria do Pará,25696
PA,15,1506708,Santana do Araguaia,31683
PA,15,1506807,Santarém,357311
PA,15,1506906,Santarém Novo,6348
PA,15,1507003,Santo Antônio do Tauá,29134
PA,15,1507102,São Caetano de Odivelas,17248
PA,15,1507151,São Domingos do Araguaia,21638
PA,15,1507201,São Domingos do Capim,32449
PA,15,1507300,São Félix do Xingu,65957
PA,15,1507409,São Francisco do Pará,15418
PA,15,1507458,São Geraldo do Araguaia,24978
PA,15,1507466,São João da Ponta,4509
PA,15,1507474,São João de Pirabas,21447
PA,15,1507508,São João do Araguaia,14246
PA,15,1507607,São Miguel do Guamá,55798
PA,15,1507706,São Sebastião da Boa Vista,27441
PA,15,1507755,Sapucaia,6160
PA,15,1507805,Senador José Porfírio,24441
PA,15,1507904,Soure,25218
PA,15,1507953,Tailândia,75526
PA,15,1507961,Terra Alta,10815
PA,15,1507979,Terra Santa,19667
PA,15,1508001,Tomé-Açu,72326
PA,15,1508035,Tracuateua,30373
PA,15,1508050,Trairão,15619
PA,15,1508084,Tucumã,42480
PA,15,1508100,Tucuruí,96238
PA,15,1508126,Ulianópolis,39576
PA,15,1508159,Uruará,45939
PA,15,1508209,Vigia,53806
PA,15,1508308,Viseu,61970
PA,15,1508357,Vitória do Xingu,16414
PA,15,1508407,Xinguara,56999
PB,25,2500106,Água Branca,9578
PB,25,2500205,Aguiar,5061
PB,25,2500304,Alagoa Grande,26774
PB,25,2500403,Alagoa Nova,21724
PB,25,2500502,Alagoinha,14118
PB,25,2500536,Alcantil,5777
PB,25,2500577,Algodão de Jandaíra,3105
PB,25,2500601,Alhandra,22797
PB,25,2500734,Amparo,2316
PB,25,2500775,Aparecida,8225
PB,25,2500809,Araçagi,17012
PB,25,2500908,Arara,12496
PB,25,2501005,Araruna,17442
PB,25,2501104,Areia,23082
PB,25,2501153,Areia de Baraúnas,2036
PB,25,2501203,Areial,7393
PB,25,2501302,Aroeiras,19148
PB,25,2501351,Assunção,4342
PB,25,2501401,Baía da Traição,9648
PB,25,2501500,Bananeiras,23989
PB,25,2501534,Baraúna,4968
PB,25,2501609,Barra de Santa Rosa,13094
PB,25,2501575,Barra de Santana,8253
PB,25,2501708,Barra de São Miguel,6101
PB,25,2501807,Bayeux,84404
PB,25,2501906,Belém,16740
PB,25,2502003,Belém do Brejo do Cruz,6324
PB,25,2502052,Bernardino Batista,3650
PB,25,2502102,Boa Ventura,5277
PB,25,2502151,Boa Vista,6575
PB,25,2502201,Bom Jesus,2333
PB,25,2502300,Bom Sucesso,4740
PB,25,2502409,Bonito de Santa Fé,10460
PB,25,2502508,Boqueirão,18153
PB,25,2502706,Borborema,4231
PB,25,2502805,Brejo do Cruz,14050
PB,25,2502904,Brejo dos Santos,5840
PB,25,2503001,Caaporã,21865
PB,25,2503100,Cabaceiras,5515
PB,25,2503209,Cabedelo,70067
PB,25,2503308,Cachoeira dos Índios,9351
PB,25,2503407,Cacimba de Areia,3354
PB,25,2503506,Cacimba de Dentro,16373
PB,25,2503555,Cacimbas,7478
PB,25,2503605,Caiçara,6713
PB,25,2503704,Cajazeiras,66171
PB,25,2503753,Cajazeirinhas,2776
PB,25,2503803,Caldas Brandão,5928
PB,25,2503902,Camalaú,6298
PB,25,2504009,Campina Grande,440939
PB,25,2504033,Capim,7347
PB,25,2504074,Caraúbas,4059
PB,25,2504108,Carrapateira,2367
PB,25,2504157,Casserengue,7056
PB,25,2504207,Catingueira,4572
PB,25,2504306,Catolé do Rocha,32118
PB,25,2504355,Caturité,5492
PB,25,2504405,Conceição,18723
PB,25,2504504,Condado,6624
PB,25,2504603,Conde,29543
PB,25,2504702,Congo,5102
PB,25,2504801,Coremas,15005
PB,25,2504850,Coxixola,1882
PB,25,2504900,Cruz do Espírito Santo,17718
PB,25,2505006,Cubati,7820
PB,25,2505105,Cuité,20205
PB,25,2505238,Cuité de Mamanguape,6431
PB,25,2505204,Cuitegi,6894
PB,25,2505279,Curral de Cima,5406
PB,25,2505303,Curral Velho,2327
PB,25,2505352,Damião,5131
PB,25,2505402,Desterro,8300
PB,25,2505600,Diamante,6431
PB,25,2505709,Dona Inês,10640
PB,25,2505808,Duas Estradas,3377
PB,25,2505907,Emas,3053
PB,25,2506004,Esperança,32522
PB,25,2506103,Fagundes,11315
PB,25,2506202,Frei Martinho,2913
PB,25,2506251,Gado Bravo,8395
PB,25,2506301,Guarabira,59836
PB,25,2506400,Gurinhém,14133
PB,25,2506509,Gurjão,3343
PB,25,2506608,Ibiara,5733
PB,25,2502607,Igaracy,5743
PB,25,2506707,Imaculada,10550
PB,25,2506806,Ingá,18197
PB,25,2506905,Itabaiana,23621
PB,25,2507002,Itaporanga,24686
PB,25,2507101,Itapororoca,19054
PB,25,2507200,Itatuba,10816
PB,25,2507309,Jacaraú,14923
PB,25,2507408,Jericó,7721
PB,25,2507507,João Pessoa,888679
PB,25,2513653,Joca Claudino,2606
PB,25,2507606,Juarez Távora,8057
PB,25,2507705,Juazeirinho,17488
PB,25,2507804,Junco do Seridó,7002
PB,25,2507903,Juripiranga,10259
PB,25,2508000,Juru,9410
PB,25,2508109,Lagoa,4502
PB,25,2508208,Lagoa de Dentro,8088
PB,25,2508307,Lagoa Seca,29053
PB,25,2508406,Lastro,3292
PB,25,2508505,Livramento,7045
PB,25,2508554,Logradouro,5045
PB,25,2508604,Lucena,13019
PB,25,2508703,Mãe d'Água,3624
PB,25,2508802,Malta,6259
PB,25,2508901,Mamanguape,46719
PB,25,2509008,Manaíra,10700
PB,25,2509057,Marcação,9435
PB,25,2509107,Mari,22126
PB,25,2509156,Marizópolis,6960
PB,25,2509206,Massaranduba,14666
PB,25,2509305,Mataraca,8585
PB,25,2509339,Matinhas,4735
PB,25,2509370,Mato Grosso,2592
PB,25,2509396,Maturéia,6677
PB,25,2509404,Mogeiro,14375
PB,25,2509503,Montadas,6083
PB,25,2509602,Monte Horebe,4435
PB,25,2509701,Monteiro,33742
PB,25,2509800,Mulungu,8945
PB,25,2509909,Natuba,9014
PB,25,2510006,Nazarezinho,7392
PB,25,2510105,Nova Floresta,9884
PB,25,2510204,Nova Olinda,5909
PB,25,2510303,Nova Palmeira,4362
PB,25,2510402,Olho d'Água,6111
PB,25,2510501,Olivedos,3674
PB,25,2510600,Ouro Velho,2998
PB,25,2510659,Parari,1751
PB,25,2510709,Passagem,2562
PB,25,2510808,Patos,107774
PB,25,2510907,Paulista,12160
PB,25,2511004,Pedra Branca,3846
PB,25,2511103,Pedra Lavrada,6998
PB,25,2511202,Pedras de Fogo,31152
PB,25,2512721,Pedro Régis,5925
PB,25,2511301,Piancó,17006
PB,25,2511400,Picuí,18835
PB,25,2511509,Pilar,12801
PB,25,2511608,Pilões,6979
PB,25,2511707,Pilõezinhos,5514
PB,25,2511806,Pirpirituba,9467
PB,25,2511905,Pitimbu,17164
PB,25,2512002,Pocinhos,17990
PB,25,2512036,Poço Dantas,3932
PB,25,2512077,Poço de José de Moura,4120
PB,25,2512101,Pombal,33796
PB,25,2512200,Prata,4027
PB,25,2512309,Princesa Isabel,21659
PB,25,2512408,Puxinanã,14837
PB,25,2512507,Queimadas,50214
PB,25,2512606,Quixaba,1798
PB,25,2512705,Remígio,18373
PB,25,2512747,Riachão,2964
PB,25,2512754,Riachão do Bacamarte,4877
PB,25,2512762,Riachão do Poço,4946
PB,25,2512788,Riacho de Santo Antônio,2044
PB,25,2512804,Riacho dos Cavalos,8762
PB,25,2512903,Rio Tinto,25394
PB,25,2513000,Salgadinho,3437
PB,25,2513109,Salgado de São Félix,11760
PB,25,2513158,Santa Cecília,8031
PB,25,2513208,Santa Cruz,6041
PB,25,2513307,Santa Helena,6020
PB,25,2513356,Santa Inês,3274
PB,25,2513406,Santa Luzia,15387
PB,25,2513703,Santa Rita,159121
PB,25,2513802,Santa Teresinha,4499
PB,25,2513505,Santana de Mangueira,5106
PB,25,2513604,Santana dos Garrotes,6657
PB,25,2513851,Santo André,2702
PB,25,2513927,São Bentinho,4473
PB,25,2513901,São Bento,33700
PB,25,2513968,São Domingos,2636
PB,25,2513943,São Domingos do Cariri,2676
PB,25,2513984,São Francisco,3190
PB,25,2514008,São João do Cariri,4341
PB,25,2500700,São João do Rio do Peixe,18468
PB,25,2514107,São João do Tigre,4363
PB,25,2514206,São José da Lagoa Tapada,7270
PB,25,2514305,São José de Caiana,5032
PB,25,2514404,São José de Espinharas,4099
PB,25,2514503,São José de Piranhas,19552
PB,25,2514552,São José de Princesa,3383
PB,25,2514602,São José do Bonfim,3333
PB,25,2514651,São José do Brejo do Cruz,1748
PB,25,2514701,São José do Sabugi,4270
PB,25,2514800,São José dos Cordeiros,3474
PB,25,2514453,São José dos Ramos,6105
PB,25,2514909,São Mamede,7640
PB,25,2515005,São Miguel de Taipu,7287
PB,25,2515104,São Sebastião de Lagoa de Roça,11365
PB,25,2515203,São Sebastião do Umbuzeiro,3376
PB,25,2515401,São Vicente do Seridó,10620
PB,25,2515302,Sapé,53309
PB,25,2515500,Serra Branca,14075
PB,25,2515609,Serra da Raiz,3162
PB,25,2515708,Serra Grande,3043
PB,25,2515807,Serra Redonda,6984
PB,25,2515906,Serraria,4839
PB,25,2515930,Sertãozinho,5282
PB,25,2515971,Sobrado,8579
PB,25,2516003,Solânea,27749
PB,25,2516102,Soledade,14381
PB,25,2516151,Sossêgo,3461
PB,25,2516201,Sousa,69876
PB,25,2516300,Sumé,17763
PB,25,2516409,Tacima,7934
PB,25,2516508,Taperoá,14376
PB,25,2516607,Tavares,14464
PB,25,2516706,Teixeira,15082
PB,25,2516755,Tenório,3069
PB,25,2516805,Triunfo,10259
PB,25,2516904,Uiraúna,15386
PB,25,2517001,Umbuzeiro,9302
PB,25,2517100,Várzea,2764
PB,25,2517209,Vieirópolis,4974
PB,25,2505501,Vista Serrana,3759
PB,25,2517407,Zabelê,2310
PE,26,2600054,Abreu e Lima,103945
PE,26,2600104,Afogados da Ingazeira,42407
PE,26,2600203,Afrânio,19349
PE,26,2600302,Agrestina,24615
PE,26,2600401,Água Preta,27221
PE,26,2600500,Águas Belas,43713
PE,26,2600609,Alagoinha,14355
PE,26,2600708,Aliança,37372
PE,26,2600807,Altinho,21185
PE,26,2600906,Amaraji,18471
PE,26,2601003,Angelim,10580
PE,26,2601052,Araçoiaba,19936
PE,26,2601102,Araripina,90104
PE,26,2601201,Arcoverde,82003
PE,26,2601300,Barra de Guabiraba,12616
PE,26,2601409,Barreiros,42056
PE,26,2601508,Belém de Maria,10829
PE,26,2601607,Belém do São Francisco,18713
PE,26,2601706,Belo Jardim,83647
PE,26,2601805,Betânia,11981
PE,26,2601904,Bezerros,64809
PE,26,2602001,Bodocó,36129
PE,26,2602100,Bom Conselho,46192
PE,26,2602209,Bom Jardim,39278
PE,26,2602308,Bonito,39163
PE,26,2602407,Brejão,9399
PE,26,2602506,Brejinho,8010
PE,26,2602605,Brejo da Madre de Deus,51107
PE,26,2602704,Buenos Aires,13254
PE,26,2602803,Buíque,54425
PE,26,2602902,Cabo de Santo Agostinho,216969
PE,26,2603009,Cabrobó,31746
PE,26,2603108,Cachoeirinha,20612
PE,26,2603207,Caetés,30441
PE,26,2603306,Calçado,11445
PE,26,2603405,Calumbi,5367
PE,26,2603454,Camaragibe,155771
PE,26,2603504,Camocim de São Félix,17991
PE,26,2603603,Camutanga,7972
PE,26,2603702,Canhotinho,25090
PE,26,2603801,Capoeiras,18890
PE,26,2603900,Carnaíba,19513
PE,26,2603926,Carnaubeira da Penha,12682
PE,26,2604007,Carpina,83205
PE,26,2604106,Caruaru,402290
PE,26,2604155,Casinhas,13489
PE,26,2604205,Catende,33279
PE,26,2604304,Cedro,10845
PE,26,2604403,Chã de Alegria,13461
PE,26,2604502,Chã Grande,21224
PE,26,2604601,Condado,25383
PE,26,2604700,Correntes,17660
PE,26,2604809,Cortês,10512
PE,26,2604908,Cumaru,16252
PE,26,2605004,Cupira,24301
PE,26,2605103,Custódia,39403
PE,26,2605152,Dormentes,17749
PE,26,2605202,Escada,62252
PE,26,2605301,Exu,33436
PE,26,2605400,Feira Nova,22169
PE,26,2605459,Fernando de Noronha,3316
PE,26,2605509,Ferreiros,15794
PE,26,2605608,Flores,20835
PE,26,2605707,Floresta,31627
PE,26,2605806,Frei Miguelinho,14070
PE,26,2605905,Gameleira,17973
PE,26,2606002,Garanhuns,151064
PE,26,2606101,Glória do Goitá,30370
PE,26,2606200,Goiana,85160
PE,26,2606309,Granito,7206
PE,26,2606408,Gravatá,91887
PE,26,2606507,Iati,17605
PE,26,2606606,Ibimirim,28760
PE,26,2606705,Ibirajuba,7344
PE,26,2606804,Igarassu,122312
PE,26,2606903,Iguaracy,11366
PE,26,2607604,Ilha de Itamaracá,25529
PE,26,2607000,Inajá,27488
PE,26,2607109,Ingazeira,4959
PE,26,2607208,Ipojuca,105638
PE,26,2607307,Ipubi,30603
PE,26,2607406,Itacuruba,4490
PE,26,2607505,Itaíba,33691
PE,26,2607653,Itambé,36626
PE,26,2607703,Itapetim,14232
PE,26,2607752,Itapissuma,29463
PE,26,2607802,Itaquitinga,17109
PE,26,2607901,Jaboatão dos Guararapes,683285
PE,26,2607950,Jaqueira,10483
PE,26,2608008,Jataúba,16323
PE,26,2608057,Jatobá,14463
PE,26,2608107,João Alfredo,28903
PE,26,2608206,Joaquim Nabuco,13506
PE,26,2608255,Jucati,11975
PE,26,2608305,Jupi,15943
PE,26,2608404,Jurema,14027
PE,26,2608503,Lagoa de Itaenga,19915
PE,26,2608453,Lagoa do Carro,18708
PE,26,2608602,Lagoa do Ouro,12364
PE,26,2608701,Lagoa dos Gatos,14386
PE,26,2608750,Lagoa Grande,24952
PE,26,2608800,Lajedo,41786
PE,26,2608909,Limoeiro,59125
PE,26,2609006,Macaparana,24624
PE,26,2609105,Machados,11471
PE,26,2609154,Manari,26773
PE,26,2609204,Maraial,9432
PE,26,2609303,Mirandiba,14599
PE,26,2614303,Moreilândia,10849
PE,26,2609402,Moreno,57647
PE,26,2609501,Nazaré da Mata,32153
PE,26,2609600,Olinda,365402
PE,26,2609709,Orobó,22438
PE,26,2609808,Orocó,14100
PE,26,2609907,Ouricuri,68329
PE,26,2610004,Palmares,56615
PE,26,2610103,Palmeirina,7154
PE,26,2610202,Panelas,23449
PE,26,2610301,Paranatama,12712
PE,26,2610400,Parnamirim,19028
PE,26,2610509,Passira,29719
PE,26,2610608,Paudalho,59638
PE,26,2610707,Paulista,362960
PE,26,2610806,Pedra,23605
PE,26,2610905,Pesqueira,65408
PE,26,2611002,Petrolândia,35991
PE,26,2611101,Petrolina,414083
PE,26,2611200,Poção,10805
PE,26,2611309,Pombos,26847
PE,26,2611408,Primavera,14351
PE,26,2611507,Quipapá,17974
PE,26,2611533,Quixaba,6755
PE,26,2611606,Recife,1587707
PE,26,2611705,Riacho das Almas,21411
PE,26,2611804,Ribeirão,34255
PE,26,2611903,Rio Formoso,20460
PE,26,2612000,Sairé,11218
PE,26,2612109,Salgadinho,5620
PE,26,2612208,Salgueiro,65635
PE,26,2612307,Saloá,14173
PE,26,2612406,Sanharó,18933
PE,26,2612455,Santa Cruz,14320
PE,26,2612471,Santa Cruz da Baixa Verde,11933
PE,26,2612505,Santa Cruz do Capibaribe,104277
PE,26,2612554,Santa Filomena,12402
PE,26,2612604,Santa Maria da Boa Vista,42682
PE,26,2612703,Santa Maria do Cambucá,14533
PE,26,2612802,Santa Terezinha,10513
PE,26,2612901,São Benedito do Sul,13479
PE,26,2613008,São Bento do Una,51264
PE,26,2613107,São Caitano,39117
PE,26,2613206,São João,24772
PE,26,2613305,São Joaquim do Monte,20440
PE,26,2613404,São José da Coroa Grande,19468
PE,26,2613503,São José do Belmonte,36752
PE,26,2613602,São José do Egito,32491
PE,26,2613701,São Lourenço da Mata,117759
PE,26,2613800,São Vicente Férrer,17176
PE,26,2613909,Serra Talhada,98143
PE,26,2614006,Serrita,18759
PE,26,2614105,Sertânia,34269
PE,26,2614204,Sirinhaém,39233
PE,26,2614402,Solidão,5403
PE,26,2614501,Surubim,67515
PE,26,2614600,Tabira,29093
PE,26,2614709,Tacaimbó,14277
PE,26,2614808,Tacaratu,24803
PE,26,2614857,Tamandaré,24534
PE,26,2615003,Taquaritinga do Norte,25497
PE,26,2615102,Terezinha,6857
PE,26,2615201,Terra Nova,9221
PE,26,2615300,Timbaúba,47575
PE,26,2615409,Toritama,43636
PE,26,2615508,Tracunhaém,14393
PE,26,2615607,Trindade,32086
PE,26,2615706,Triunfo,15142
PE,26,2615805,Tupanatinga,27009
PE,26,2615904,Tuparetama,8252
PE,26,2616001,Venturosa,17609
PE,26,2616100,Verdejante,9474
PE,26,2616183,Vertente do Lério,7782
PE,26,2616209,Vertentes,22955
PE,26,2616308,Vicência,27297
PE,26,2616407,Vitória de Santo Antão,143799
PE,26,2616506,Xexéu,11791
PI,22,2200053,Acauã,6515
PI,22,2200103,Agricolândia,5023
PI,22,2200202,Água Branca,18033
PI,22,2200251,Alagoinha do Piauí,6901
PI,22,2200277,Alegrete do Piauí,4713
PI,22,2200301,Alto Longá,13734
PI,22,2200400,Altos,49637
PI,22,2200459,Alvorada do Gurguéia,5459
PI,22,2200509,Amarante,17577
PI,22,2200608,Angical do Piauí,6982
PI,22,2200707,Anísio de Abreu,9631
PI,22,2200806,Antônio Almeida,3228
PI,22,2200905,Aroazes,5433
PI,22,2200954,Aroeiras do Itaim,2766
PI,22,2201002,Arraial,4593
PI,22,2201051,Assunção do Piauí,7597
PI,22,2201101,Avelino Lopes,11106
PI,22,2201150,Baixa Grande do Ribeiro,13838
PI,22,2201176,Barra D'Alcântara,4091
PI,22,2201200,Barras,49533
PI,22,2201309,Barreiras do Piauí,3334
PI,22,2201408,Barro Duro,6744
PI,22,2201507,Batalha,27123
PI,22,2201556,Bela Vista do Piauí,4208
PI,22,2201572,Belém do Piauí,3508
PI,22,2201606,Beneditinos,10104
PI,22,2201705,Bertolínia,5701
PI,22,2201739,Betânia do Piauí,6368
PI,22,2201770,Boa Hora,7108
PI,22,2201804,Bocaina,4131
PI,22,2201903,Bom Jesus,30321
PI,22,2201919,Bom Princípio do Piauí,5786
PI,22,2201929,Bonfim do Piauí,6089
PI,22,2201945,Boqueirão do Piauí,6728
PI,22,2201960,Brasileira,8658
PI,22,2201988,Brejo do Piauí,3969
PI,22,2202000,Buriti dos Lopes,20096
PI,22,2202026,Buriti dos Montes,7538
PI,22,2202059,Cabeceiras do Piauí,10449
PI,22,2202075,Cajazeiras do Piauí,3146
PI,22,2202083,Cajueiro da Praia,8203
PI,22,2202091,Caldeirão Grande do Piauí,5605
PI,22,2202109,Campinas do Piauí,4988
PI,22,2202117,Campo Alegre do Fidalgo,4701
PI,22,2202133,Campo Grande do Piauí,6188
PI,22,2202174,Campo Largo do Piauí,7636
PI,22,2202208,Campo Maior,47074
PI,22,2202251,Canavieira,3429
PI,22,2202307,Canto do Buriti,19669
PI,22,2202406,Capitão de Campos,11347
PI,22,2202455,Capitão Gervásio Oliveira,4065
PI,22,2202505,Caracol,10538
PI,22,2202539,Caraúbas do Piauí,5755
PI,22,2202554,Caridade do Piauí,5162
PI,22,2202604,Castelo do Piauí,19663
PI,22,2202653,Caxingó,5657
PI,22,2202703,Cocal,29209
PI,22,2202711,Cocal de Telha,5034
PI,22,2202729,Cocal dos Alves,6569
PI,22,2202737,Coivaras,4233
PI,22,2202752,Colônia do Gurguéia,6287
PI,22,2202778,Colônia do Piauí,7088
PI,22,2202802,Conceição do Canindé,5063
PI,22,2202851,Coronel José Dias,4305
PI,22,2202901,Corrente,28275
PI,22,2203008,Cristalândia do Piauí,7454
PI,22,2203107,Cristino Castro,10772
PI,22,2203206,Curimatá,11552
PI,22,2203230,Currais,4968
PI,22,2203271,Curral Novo do Piauí,5185
PI,22,2203255,Curralinhos,4527
PI,22,2203305,Demerval Lobão,16998
PI,22,2203354,Dirceu Arcoverde,7238
PI,22,2203404,Dom Expedito Lopes,6421
PI,22,2203453,Dom Inocêncio,9335
PI,22,2203420,Domingos Mourão,4138
PI,22,2203503,Elesbão Veloso,13786
PI,22,2203602,Eliseu Martins,4435
PI,22,2203701,Esperantina,42510
PI,22,2203750,Fartura do Piauí,5414
PI,22,2203800,Flores do Piauí,4508
PI,22,2203859,Floresta do Piauí,2364
PI,22,2203909,Floriano,64150
PI,22,2204006,Francinópolis,4517
PI,22,2204105,Francisco Ayres,4494
PI,22,2204154,Francisco Macedo,2986
PI,22,2204204,Francisco Santos,8366
PI,22,2204303,Fronteiras,10382
PI,22,2204352,Geminiano,5587
PI,22,2204402,Gilbués,11166
PI,22,2204501,Guadalupe,10478
PI,22,2204550,Guaribas,4350
PI,22,2204600,Hugo Napoleão,3562
PI,22,2204659,Ilha Grande,9501
PI,22,2204709,Inhuma,15259
PI,22,2204808,Ipiranga do Piauí,9620
PI,22,2204907,Isaías Coelho,7886
PI,22,2205003,Itainópolis,10980
PI,22,2205102,Itaueira,10493
PI,22,2205151,Jacobina do Piauí,5715
PI,22,2205201,Jaicós,17811
PI,22,2205250,Jardim do Mulato,4251
PI,22,2205276,Jatobá do Piauí,4568
PI,22,2205300,Jerumenha,4600
PI,22,2205359,João Costa,3031
PI,22,2205409,Joaquim Pires,14175
PI,22,2205458,Joca Marques,5535
PI,22,2205508,José de Freitas,44391
PI,22,2205516,Juazeiro do Piauí,5311
PI,22,2205524,Júlio Borges,5499
PI,22,2205532,Jurema,4505
PI,22,2205557,Lagoa Alegre,8449
PI,22,2205573,Lagoa de São Francisco,6449
PI,22,2205565,Lagoa do Barro do Piauí,5146
PI,22,2205581,Lagoa do Piauí,5009
PI,22,2205599,Lagoa do Sítio,4575
PI,22,2205540,Lagoinha do Piauí,3029
PI,22,2205607,Landri Sales,5311
PI,22,2205706,Luís Correia,31775
PI,22,2205805,Luzilândia,26204
PI,22,2205854,Madeiro,8218
PI,22,2205904,Manoel Emídio,5314
PI,22,2205953,Marcolândia,8783
PI,22,2206001,Marcos Parente,4848
PI,22,2206050,Massapê do Piauí,5215
PI,22,2206100,Matias Olímpio,10875
PI,22,2206209,Miguel Alves,33071
PI,22,2206308,Miguel Leão,1352
PI,22,2206357,Milton Brandão,6678
PI,22,2206407,Monsenhor Gil,10455
PI,22,2206506,Monsenhor Hipólito,7751
PI,22,2206605,Monte Alegre do Piauí,10910
PI,22,2206654,Morro Cabeça no Tempo,4458
PI,22,2206670,Morro do Chapéu do Piauí,6547
PI,22,2206696,Murici dos Portelas,10139
PI,22,2206704,Nazaré do Piauí,6729
PI,22,2206720,Nazária,10706
PI,22,2206753,Nossa Senhora de Nazaré,5406
PI,22,2206803,Nossa Senhora dos Remédios,8732
PI,22,2207959,Nova Santa Rita,4147
PI,22,2206902,Novo Oriente do Piauí,6178
PI,22,2206951,Novo Santo Antônio,2886
PI,22,2207009,Oeiras,39545
PI,22,2207108,Olho D'Água do Piauí,2725
PI,22,2207207,Padre Marcos,6481
PI,22,2207306,Paes Landim,4174
PI,22,2207355,Pajeú do Piauí,3041
PI,22,2207405,Palmeira do Piauí,5048
PI,22,2207504,Palmeirais,13480
PI,22,2207553,Paquetá,3878
PI,22,2207603,Parnaguá,10289
PI,22,2207702,Parnaíba,169552
PI,22,2207751,Passagem Franca do Piauí,4220
PI,22,2207777,Patos do Piauí,5461
PI,22,2207793,Pau D'Arco do Piauí,3972
PI,22,2207801,Paulistana,21601
PI,22,2207850,Pavussu,3698
PI,22,2207900,Pedro II,39039
PI,22,2207934,Pedro Laurentino,2514
PI,22,2208007,Picos,86228
PI,22,2208106,Pimenteiras,11528
PI,22,2208205,Pio IX,17947
PI,22,2208304,Piracuruca,29849
PI,22,2208403,Piripiri,67676
PI,22,2208502,Porto,12312
PI,22,2208551,Porto Alegre do Piauí,2391
PI,22,2208601,Prata do Piauí,3098
PI,22,2208650,Queimada Nova,8936
PI,22,2208700,Redenção do Gurguéia,8563
PI,22,2208809,Regeneração,17418
PI,22,2208858,Riacho Frio,4241
PI,22,2208874,Ribeira do Piauí,4114
PI,22,2208908,Ribeiro Gonçalves,6215
PI,22,2209005,Rio Grande do Piauí,5868
PI,22,2209104,Santa Cruz do Piauí,5928
PI,22,2209153,Santa Cruz dos Milagres,3466
PI,22,2209203,Santa Filomena,6209
PI,22,2209302,Santa Luz,5425
PI,22,2209377,Santa Rosa do Piauí,4690
PI,22,2209351,Santana do Piauí,4174
PI,22,2209401,Santo Antônio de Lisboa,5938
PI,22,2209450,Santo Antônio dos Milagres,2189
PI,22,2209500,Santo Inácio do Piauí,3719
PI,22,2209559,São Braz do Piauí,4451
PI,22,2209609,São Félix do Piauí,2885
PI,22,2209658,São Francisco de Assis do Piauí,5703
PI,22,2209708,São Francisco do Piauí,5404
PI,22,2209757,São Gonçalo do Gurguéia,3019
PI,22,2209807,São Gonçalo do Piauí,4944
PI,22,2209856,São João da Canabrava,4306
PI,22,2209872,São João da Fronteira,5615
PI,22,2209906,São João da Serra,6233
PI,22,2209955,São João da Varjota,4443
PI,22,2209971,São João do Arraial,8443
PI,22,2210003,São João do Piauí,22036
PI,22,2210052,São José do Divino,4906
PI,22,2210102,São José do Peixe,3320
PI,22,2210201,São José do Piauí,6732
PI,22,2210300,São Julião,6135
PI,22,2210359,São Lourenço do Piauí,4497
PI,22,2210375,São Luis do Piauí,2329
PI,22,2210383,São Miguel da Baixa Grande,2304
PI,22,2210391,São Miguel do Fidalgo,2870
PI,22,2210409,São Miguel do Tapuio,17902
PI,22,2210508,São Pedro do Piauí,14046
PI,22,2210607,São Raimundo Nonato,40784
PI,22,2210623,Sebastião Barros,3228
PI,22,2210631,Sebastião Leal,4572
PI,22,2210656,Sigefredo Pacheco,9631
PI,22,2210706,Simões,14650
PI,22,2210805,Simplício Mendes,14342
PI,22,2210904,Socorro do Piauí,4184
PI,22,2210938,Sussuapara,6345
PI,22,2210953,Tamboril do Piauí,3029
PI,22,2210979,Tanque do Piauí,2330
PI,22,2211001,Teresina,902644
PI,22,2211100,União,47707
PI,22,2211209,Uruçuí,26501
PI,22,2211308,Valença do Piauí,22920
PI,22,2211357,Várzea Branca,5173
PI,22,2211407,Várzea Grande,4515
PI,22,2211506,Vera Mendes,3271
PI,22,2211605,Vila Nova do Piauí,2979
PI,22,2211704,Wall Ferraz,4117
PR,41,4100103,Abatiá,7271
PR,41,4100202,Adrianópolis,6327
PR,41,4100301,Agudos do Sul,10646
PR,41,4100400,Almirante Tamandaré,124788
PR,41,4100459,Altamira do Paraná,3543
PR,41,4128625,Alto Paraíso,3077
PR,41,4100608,Alto Paraná,14138
PR,41,4100707,Alto Piquiri,9802
PR,41,4100509,Altônia,18750
PR,41,4100806,Alvorada do Sul,10478
PR,41,4100905,Amaporã,4736
PR,41,4101002,Ampére,20199
PR,41,4101051,Anahy,2965
PR,41,4101101,Andirá,20044
PR,41,4101150,Ângulo,3332
PR,41,4101200,Antonina,18223
PR,41,4101309,Antônio Olinto,7071
PR,41,4101408,Apucarana,134306
PR,41,4101507,Arapongas,123863
PR,41,4101606,Arapoti,26310
PR,41,4101655,Arapuã,3573
PR,41,4101705,Araruna,14824
PR,41,4101804,Araucária,160038
PR,41,4101853,Ariranha do Ivaí,2351
PR,41,4101903,Assaí,13643
PR,41,4102000,Assis Chateaubriand,38105
PR,41,4102109,Astorga,26145
PR,41,4102208,Atalaia,4045
PR,41,4102307,Balsa Nova,13871
PR,41,4102406,Bandeirantes,31807
PR,41,4102505,Barbosa Ferraz,10692
PR,41,4102703,Barra do Jacaré,2866
PR,41,4102604,Barracão,9900
PR,41,4102752,Bela Vista da Caroba,4100
PR,41,4102802,Bela Vista do Paraíso,14998
PR,41,4102901,Bituruna,15689
PR,41,4103008,Boa Esperança,4622
PR,41,4103024,Boa Esperança do Iguaçu,2448
PR,41,4103040,Boa Ventura de São Roque,6244
PR,41,4103057,Boa Vista da Aparecida,8034
PR,41,4103107,Bocaiúva do Sul,13804
PR,41,4103156,Bom Jesus do Sul,4061
PR,41,4103206,Bom Sucesso,6677
PR,41,4103222,Bom Sucesso do Sul,3234
PR,41,4103305,Borrazópolis,7824
PR,41,4103354,Braganey,4802
PR,41,4103370,Brasilândia do Sul,3828
PR,41,4103404,Cafeara,2655
PR,41,4103453,Cafelândia,19844
PR,41,4103479,Cafezal do Sul,4561
PR,41,4103503,Califórnia,8921
PR,41,4103602,Cambará,23430
PR,41,4103701,Cambé,111009
PR,41,4103800,Cambira,9899
PR,41,4103909,Campina da Lagoa,15979
PR,41,4103958,Campina do Simão,3973
PR,41,4104006,Campina Grande do Sul,49971
PR,41,4104055,Campo Bonito,4032
PR,41,4104105,Campo do Tenente,7666
PR,41,4104204,Campo Largo,142695
PR,41,4104253,Campo Magro,31555
PR,41,4104303,Campo Mourão,103340
PR,41,4104402,Cândido de Abreu,15255
PR,41,4104428,Candói,15174
PR,41,4104451,Cantagalo,10799
PR,41,4104501,Capanema,21022
PR,41,4104600,Capitão Leônidas Marques,14796
PR,41,4104659,Carambeí,24159
PR,41,4104709,Carlópolis,17567
PR,41,4104808,Cascavel,364104
PR,41,4104907,Castro,75291
PR,41,4105003,Catanduvas,10627
PR,41,4105102,Centenário do Sul,10936
PR,41,4105201,Cerro Azul,16240
PR,41,4105300,Céu Azul,11251
PR,41,4105409,Chopinzinho,21559
PR,41,4105508,Cianorte,82359
PR,41,4105607,Cidade Gaúcha,11684
PR,41,4105706,Clevelândia,14975
PR,41,4105805,Colombo,240720
PR,41,4105904,Colorado,23278
PR,41,4106001,Congonhinhas,8442
PR,41,4106100,Conselheiro Mairinck,3486
PR,41,4106209,Contenda,19827
PR,41,4106308,Corbélia,17862
PR,41,4106407,Cornélio Procópio,45830
PR,41,4106456,Coronel Domingos Soares,5516
PR,41,4106506,Coronel Vivida,23859
PR,41,4106555,Corumbataí do Sul,3780
PR,41,4106803,Cruz Machado,15910
PR,41,4106571,Cruzeiro do Iguaçu,4171
PR,41,4106605,Cruzeiro do Oeste,24622
PR,41,4106704,Cruzeiro do Sul,4547
PR,41,4106852,Cruzmaltina,2896
PR,41,4106902,Curitiba,1829225
PR,41,4107009,Curiúva,13802
PR,41,4107157,Diamante D'Oeste,4557
PR,41,4107108,Diamante do Norte,5164
PR,41,4107124,Diamante do Sul,3170
PR,41,4107207,Dois Vizinhos,47014
PR,41,4107256,Douradina,9525
PR,41,4107306,Doutor Camargo,6484
PR,41,4128633,Doutor Ulysses,5773
PR,41,4107405,Enéas Marques,6070
PR,41,4107504,Engenheiro Beltrão,12431
PR,41,4107538,Entre Rios do Oeste,4729
PR,41,4107520,Esperança Nova,1858
PR,41,4107546,Espigão Alto do Iguaçu,4881
PR,41,4107553,Farol,3023
PR,41,4107603,Faxinal,16618
PR,41,4107652,Fazenda Rio Grande,161506
PR,41,4107702,Fênix,4512
PR,41,4107736,Fernandes Pinheiro,6387
PR,41,4107751,Figueira,8144
PR,41,4107850,Flor da Serra do Sul,4367
PR,41,4107801,Floraí,4825
PR,41,4107900,Floresta,11226
PR,41,4108007,Florestópolis,11639
PR,41,4108106,Flórida,2704
PR,41,4108205,Formosa do Oeste,7756
PR,41,4108304,Foz do Iguaçu,295500
PR,41,4108452,Foz do Jordão,4925
PR,41,4108320,Francisco Alves,8464
PR,41,4108403,Francisco Beltrão,101302
PR,41,4108502,General Carneiro,10861
PR,41,4108551,Godoy Moreira,2970
PR,41,4108601,Goioerê,28970
PR,41,4108650,Goioxim,6531
PR,41,4108700,Grandes Rios,5586
PR,41,4108809,Guaíra,32966
PR,41,4108908,Guairaçá,6733
PR,41,4108957,Guamiranga,7961
PR,41,4109005,Guapirama,4792
PR,41,4109104,Guaporema,2217
PR,41,4109203,Guaraci,4762
PR,41,4109302,Guaraniaçu,13814
PR,41,4109401,Guarapuava,188710
PR,41,4109500,Guaraqueçaba,7474
PR,41,4109609,Guaratuba,44323
PR,41,4109658,Honório Serpa,4872
PR,41,4109708,Ibaiti,29440
PR,41,4109757,Ibema,6327
PR,41,4109807,Ibiporã,53054
PR,41,4109906,Icaraíma,9139
PR,41,4110003,Iguaraçu,5599
PR,41,4110052,Iguatu,2162
PR,41,4110078,Imbaú,14815
PR,41,4110102,Imbituva,30757
PR,41,4110201,Inácio Martins,9633
PR,41,4110300,Inajá,2510
PR,41,4110409,Indianópolis,4531
PR,41,4110508,Ipiranga,14338
PR,41,4110607,Iporã,16062
PR,41,4110656,Iracema do Oeste,2344
PR,41,4110706,Irati,60796
PR,41,4110805,Iretama,10843
PR,41,4110904,Itaguajé,4532
PR,41,4110953,Itaipulândia,11984
PR,41,4111001,Itambaracá,5874
PR,41,4111100,Itambé,6215
PR,41,4111209,Itapejara d'Oeste,12766
PR,41,4111258,Itaperuçu,32890
PR,41,4111308,Itaúna do Sul,3620
PR,41,4111407,Ivaí,13473
PR,41,4111506,Ivaiporã,33529
PR,41,4111555,Ivaté,6833
PR,41,4111605,Ivatuba,2705
PR,41,4111704,Jaboti,5576
PR,41,4111803,Jacarezinho,41400
PR,41,4111902,Jaguapitã,15719
PR,41,4112009,Jaguariaíva,36231
PR,41,4112108,Jandaia do Sul,21851
PR,41,4112207,Janiópolis,5835
PR,41,4112306,Japira,5060
PR,41,4112405,Japurá,9354
PR,41,4112504,Jardim Alegre,12130
PR,41,4112603,Jardim Olinda,1353
PR,41,4112702,Jataizinho,11971
PR,41,4112751,Jesuítas,10860
PR,41,4112801,Joaquim Távora,12280
PR,41,4112900,Jundiaí do Sul,3366
PR,41,4112959,Juranda,7898
PR,41,4113007,Jussara,6795
PR,41,4113106,Kaloré,4657
PR,41,4113205,Lapa,45857
PR,41,4113254,Laranjal,5575
PR,41,4113304,Laranjeiras do Sul,33103
PR,41,4113403,Leópolis,3751
PR,41,4113429,Lidianópolis,3989
PR,41,4113452,Lindoeste,5226
PR,41,4113502,Loanda,23813
PR,41,4113601,Lobato,4693
PR,41,4113700,Londrina,577318
PR,41,4113734,Luiziana,6696
PR,41,4113759,Lunardelli,4902
PR,41,4113809,Lupionópolis,4911
PR,41,4113908,Mallet,13655
PR,41,4114005,Mamborê,13572
PR,41,4114104,Mandaguaçu,33752
PR,41,4114203,Mandaguari,38050
PR,41,4114302,Mandirituba,28761
PR,41,4114351,Manfrinópolis,2761
PR,41,4114401,Mangueirinha,16764
PR,41,4114500,Manoel Ribas,14576
PR,41,4114609,Marechal Cândido Rondon,58140
PR,41,4114708,Maria Helena,5935
PR,41,4114807,Marialva,44098
PR,41,4114906,Marilândia do Sul,8774
PR,41,4115002,Marilena,7409
PR,41,4115101,Mariluz,9934
PR,41,4115200,Maringá,425983
PR,41,4115309,Mariópolis,6475
PR,41,4115358,Maripá,6767
PR,41,4115408,Marmeleiro,16386
PR,41,4115457,Marquinho,4521
PR,41,4115507,Marumbi,4778
PR,41,4115606,Matelândia,19022
PR,41,4115705,Matinhos,41416
PR,41,4115739,Mato Rico,3237
PR,41,4115754,Mauá da Serra,9628
PR,41,4115804,Medianeira,57120
PR,41,4115853,Mercedes,6136
PR,41,4115903,Mirador,2258
PR,41,4116000,Miraselva,2008
PR,41,4116059,Missal,11301
PR,41,4116109,Moreira Sales,11137
PR,41,4116208,Morretes,18908
PR,41,4116307,Munhoz de Melo,4045
PR,41,4116406,Nossa Senhora das Graças,3685
PR,41,4116505,Nova Aliança do Ivaí,1327
PR,41,4116604,Nova América da Colina,3299
PR,41,4116703,Nova Aurora,14219
PR,41,4116802,Nova Cantu,6799
PR,41,4116901,Nova Esperança,27142
PR,41,4116950,Nova Esperança do Sudoeste,5744
PR,41,4117008,Nova Fátima,7201
PR,41,4117057,Nova Laranjeiras,12287
PR,41,4117107,Nova Londrina,13085
PR,41,4117206,Nova Olímpia,5960
PR,41,4117255,Nova Prata do Iguaçu,13196
PR,41,4117214,Nova Santa Bárbara,4280
PR,41,4117222,Nova Santa Rosa,8535
PR,41,4117271,Nova Tebas,6870
PR,41,4117297,Novo Itacolomi,3210
PR,41,4117305,Ortigueira,24627
PR,41,4117404,Ourizona,3206
PR,41,4117453,Ouro Verde do Oeste,7031
PR,41,4117503,Paiçandu,48207
PR,41,4117602,Palmas,49891
PR,41,4117701,Palmeira,34806
PR,41,4117800,Palmital,12967
PR,41,4117909,Palotina,36623
PR,41,4118006,Paraíso do Norte,13634
PR,41,4118105,Paranacity,9597
PR,41,4118204,Paranaguá,149819
PR,41,4118303,Paranapoema,2378
PR,41,4118402,Paranavaí,95525
PR,41,4118451,Pato Bragado,5939
PR,41,4118501,Pato Branco,96602
PR,41,4118600,Paula Freitas,5778
PR,41,4118709,Paulo Frontin,6369
PR,41,4118808,Peabiru,13496
PR,41,4118857,Perobal,7496
PR,41,4118907,Pérola,12275
PR,41,4119004,Pérola d'Oeste,6235
PR,41,4119103,Piên,14179
PR,41,4119152,Pinhais,131199
PR,41,4119251,Pinhal de São Bento,2819
PR,41,4119202,Pinhalão,6707
PR,41,4119301,Pinhão,30472
PR,41,4119400,Piraí do Sul,24000
PR,41,4119509,Piraquara,124934
PR,41,4119608,Pitanga,34513
PR,41,4119657,Pitangueiras,3121
PR,41,4119707,Planaltina do Paraná,4123
PR,41,4119806,Planalto,14663
PR,41,4119905,Ponta Grossa,372562
PR,41,4119954,Pontal do Paraná,32426
PR,41,4120002,Porecatu,11438
PR,41,4120101,Porto Amazonas,4099
PR,41,4120150,Porto Barreiro,3078
PR,41,4120200,Porto Rico,3316
PR,41,4120309,Porto Vitória,3549
PR,41,4120333,Prado Ferreira,3799
PR,41,4120358,Pranchita,5833
PR,41,4120408,Presidente Castelo Branco,4336
PR,41,4120507,Primeiro de Maio,10121
PR,41,4120606,Prudentópolis,50428
PR,41,4120655,Quarto Centenário,4170
PR,41,4120705,Quatiguá,8357
PR,41,4120804,Quatro Barras,25109
PR,41,4120853,Quatro Pontes,4636
PR,41,4120903,Quedas do Iguaçu,31405
PR,41,4121000,Querência do Norte,10693
PR,41,4121109,Quinta do Sol,5060
PR,41,4121208,Quitandinha,18823
PR,41,4121257,Ramilândia,4293
PR,41,4121307,Rancho Alegre,3501
PR,41,4121356,Rancho Alegre D'Oeste,2638
PR,41,4121406,Realeza,19903
PR,41,4121505,Rebouças,14754
PR,41,4121604,Renascença,6946
PR,41,4121703,Reserva,24851
PR,41,4121752,Reserva do Iguaçu,6543
PR,41,4121802,Ribeirão Claro,12770
PR,41,4121901,Ribeirão do Pinhal,13180
PR,41,4122008,Rio Azul,14214
PR,41,4122107,Rio Bom,3223
PR,41,4122156,Rio Bonito do Iguaçu,14234
PR,41,4122172,Rio Branco do Ivaí,3850
PR,41,4122206,Rio Branco do Sul,39307
PR,41,4122305,Rio Negro,31992
PR,41,4122404,Rolândia,74935
PR,41,4122503,Roncador,11371
PR,41,4122602,Rondon,9240
PR,41,4122651,Rosário do Ivaí,5491
PR,41,4122701,Sabáudia,9320
PR,41,4122800,Salgado Filho,4097
PR,41,4122909,Salto do Itararé,5267
PR,41,4123006,Salto do Lontra,15636
PR,41,4123105,Santa Amélia,3386
PR,41,4123204,Santa Cecília do Pavão,3375
PR,41,4123303,Santa Cruz de Monte Castelo,8806
PR,41,4123402,Santa Fé,11669
PR,41,4123501,Santa Helena,26341
PR,41,4123600,Santa Inês,1760
PR,41,4123709,Santa Isabel do Ivaí,9059
PR,41,4123808,Santa Izabel do Oeste,14385
PR,41,4123824,Santa Lúcia,3657
PR,41,4123857,Santa Maria do Oeste,9985
PR,41,4123907,Santa Mariana,11034
PR,41,4123956,Santa Mônica,3373
PR,41,4124020,Santa Tereza do Oeste,13749
PR,41,4124053,Santa Terezinha de Itaipu,25055
PR,41,4124004,Santana do Itararé,5628
PR,41,4124103,Santo Antônio da Platina,45534
PR,41,4124202,Santo Antônio do Caiuá,2496
PR,41,4124301,Santo Antônio do Paraíso,2116
PR,41,4124400,Santo Antônio do Sudoeste,24644
PR,41,4124509,Santo Inácio,6397
PR,41,4124608,São Carlos do Ivaí,6712
PR,41,4124707,São Jerônimo da Serra,10913
PR,41,4124806,São João,12230
PR,41,4124905,São João do Caiuá,5620
PR,41,4125001,São João do Ivaí,10700
PR,41,4125100,São João do Triunfo,13923
PR,41,4125209,São Jorge d'Oeste,9550
PR,41,4125308,São Jorge do Ivaí,5193
PR,41,4125357,São Jorge do Patrocínio,6659
PR,41,4125407,São José da Boa Vista,6060
PR,41,4125456,São José das Palmeiras,4030
PR,41,4125506,São José dos Pinhais,345644
PR,41,4125555,São Manoel do Paraná,2173
PR,41,4125605,São Mateus do Sul,43413
PR,41,4125704,São Miguel do Iguaçu,30198
PR,41,4125753,São Pedro do Iguaçu,5769
PR,41,4125803,São Pedro do Ivaí,8611
PR,41,4125902,São Pedro do Paraná,2722
PR,41,4126009,São Sebastião da Amoreira,8100
PR,41,4126108,São Tomé,5290
PR,41,4126207,Sapopema,6784
PR,41,4126256,Sarandi,125785
PR,41,4126272,Saudade do Iguaçu,6342
PR,41,4126306,Sengés,17344
PR,41,4126355,Serranópolis do Iguaçu,5138
PR,41,4126405,Sertaneja,5667
PR,41,4126504,Sertanópolis,16183
PR,41,4126603,Siqueira Campos,23712
PR,41,4126652,Sulina,3495
PR,41,4126678,Tamarana,10645
PR,41,4126702,Tamboara,4979
PR,41,4126801,Tapejara,16255
PR,41,4126900,Tapira,5813
PR,41,4127007,Teixeira Soares,9581
PR,41,4127106,Telêmaco Borba,77182
PR,41,4127205,Terra Boa,18048
PR,41,4127304,Terra Rica,14989
PR,41,4127403,Terra Roxa,18548
PR,41,4127502,Tibagi,20304
PR,41,4127601,Tijucas do Sul,18279
PR,41,4127700,Toledo,158620
PR,41,4127809,Tomazina,8495
PR,41,4127858,Três Barras do Paraná,11197
PR,41,4127882,Tunas do Paraná,6302
PR,41,4127908,Tuneiras do Oeste,8095
PR,41,4127957,Tupãssi,8204
PR,41,4127965,Turvo,14443
PR,41,4128005,Ubiratã,25517
PR,41,4128104,Umuarama,121972
PR,41,4128203,União da Vitória,56397
PR,41,4128302,Uniflor,2121
PR,41,4128401,Uraí,10407
PR,41,4128534,Ventania,9779
PR,41,4128559,Vera Cruz do Oeste,8227
PR,41,4128609,Verê,8051
PR,41,4128658,Virmond,3842
PR,41,4128708,Vitorino,10280
PR,41,4128500,Wenceslau Braz,19430
PR,41,4128807,Xambrê,5851
RJ,33,3300100,Angra dos Reis,179120
RJ,33,3300159,Aperibé,11420
RJ,33,3300209,Araruama,137773
RJ,33,3300225,Areal,12236
RJ,33,3300233,Armação dos Búzios,42442
RJ,33,3300258,Arraial do Cabo,32794
RJ,33,3300308,Barra do Piraí,98501
RJ,33,3300407,Barra Mansa,181688
RJ,33,3300456,Belford Roxo,518263
RJ,33,3300506,Bom Jardim,29736
RJ,33,3300605,Bom Jesus do Itabapoana,37172
RJ,33,3300704,Cabo Frio,238166
RJ,33,3300803,Cachoeiras de Macacu,59837
RJ,33,3300902,Cambuci,15070
RJ,33,3301009,Campos dos Goytacazes,519011
RJ,33,3301108,Cantagalo,19996
RJ,33,3300936,Carapebus,14325
RJ,33,3301157,Cardoso Moreira,13403
RJ,33,3301207,Carmo,17740
RJ,33,3301306,Casimiro de Abreu,48563
RJ,33,3300951,Comendador Levy Gasparian,9044
RJ,33,3301405,Conceição de Macabu,21769
RJ,33,3301504,Cordeiro,21444
RJ,33,3301603,Duas Barras,11354
RJ,33,3301702,Duque de Caxias,866347
RJ,33,3301801,Engenheiro Paulo de Frontin,12648
RJ,33,3301850,Guapimirim,54300
RJ,33,3301876,Iguaba Grande,29577
RJ,33,3301900,Itaboraí,240040
RJ,33,3302007,Itaguaí,123980
RJ,33,3302056,Italva,14517
RJ,33,3302106,Itaocara,23643
RJ,33,3302205,Itaperuna,107246
RJ,33,3302254,Itatiaia,32694
RJ,33,3302270,Japeri,102149
RJ,33,3302304,Laje do Muriaé,7584
RJ,33,3302403,Macaé,264138
RJ,33,3302452,Macuco,5601
RJ,33,3302502,Magé,244092
RJ,33,3302601,Mangaratiba,43624
RJ,33,3302700,Maricá,211986
RJ,33,3302809,Mendes,18049
RJ,33,3302858,Mesquita,178803
RJ,33,3302908,Miguel Pereira,28123
RJ,33,3303005,Miracema,28411
RJ,33,3303104,Natividade,15550
RJ,33,3303203,Nilópolis,155544
RJ,33,3303302,Niterói,516720
RJ,33,3303401,Nova Friburgo,203328
RJ,33,3303500,Nova Iguaçu,843046
RJ,33,3303609,Paracambi,43656
RJ,33,3303708,Paraíba do Sul,44467
RJ,33,3303807,Paraty,47614
RJ,33,3303856,Paty do Alferes,31345
RJ,33,3303906,Petrópolis,294983
RJ,33,3303955,Pinheiral,25085
RJ,33,3304003,Piraí,29054
RJ,33,3304102,Porciúncula,17832
RJ,33,3304110,Porto Real,21064
RJ,33,3304128,Quatis,14158
RJ,33,3304144,Queimados,149093
RJ,33,3304151,Quissamã,23126
RJ,33,3304201,Resende,137612
RJ,33,3304300,Rio Bonito,59113
RJ,33,3304409,Rio Claro,17950
RJ,33,3304508,Rio das Flores,9264
RJ,33,3304524,Rio das Ostras,168099
RJ,33,3304557,Rio de Janeiro,6729894
RJ,33,3304607,Santa Maria Madalena,10579
RJ,33,3304706,Santo Antônio de Pádua,43686
RJ,33,3304805,São Fidélis,41197
RJ,33,3304755,São Francisco de Itabapoana,47368
RJ,33,3304904,São Gonçalo,960652
RJ,33,3305000,São João da Barra,38708
RJ,33,3305109,São João de Meriti,466536
RJ,33,3305133,São José de Ubá,7315
RJ,33,3305158,São José do Vale do Rio Preto,22799
RJ,33,3305208,São Pedro da Aldeia,110556
RJ,33,3305307,São Sebastião do Alto,7999
RJ,33,3305406,Sapucaia,18289
RJ,33,3305505,Saquarema,95201
RJ,33,3305554,Seropédica,84737
RJ,33,3305604,Silva Jardim,22026
RJ,33,3305703,Sumidouro,15690
RJ,33,3305752,Tanguá,32858
RJ,33,3305802,Teresópolis,176692
RJ,33,3305901,Trajano de Moraes,10652
RJ,33,3306008,Três Rios,82300
RJ,33,3306107,Valença,71462
RJ,33,3306156,Varre-Sai,10559
RJ,33,3306206,Vassouras,35904
RJ,33,3306305,Volta Redonda,279898
RN,24,2400109,Acari,10865
RN,24,2400208,Açu,58906
RN,24,2400307,Afonso Bezerra,11149
RN,24,2400406,Água Nova,3028
RN,24,2400505,Alexandria,14042
RN,24,2400604,Almino Afonso,4806
RN,24,2400703,Alto do Rodrigues,12857
RN,24,2400802,Angicos,11973
RN,24,2400901,Antônio Martins,6738
RN,24,2401008,Apodi,37390
RN,24,2401107,Areia Branca,24643
RN,24,2401206,Arês,13657
RN,24,2401404,Baía Formosa,9098
RN,24,2401453,Baraúna,28268
RN,24,2401503,Barcelona,4103
RN,24,2401602,Bento Fernandes,4920
RN,24,2401651,Bodó,2363
RN,24,2401701,Bom Jesus,10279
RN,24,2401800,Brejinho,12603
RN,24,2401859,Caiçara do Norte,6474
RN,24,2401909,Caiçara do Rio do Vento,3359
RN,24,2402006,Caicó,63339
RN,24,2401305,Campo Grande,10045
RN,24,2402105,Campo Redondo,10504
RN,24,2402204,Canguaretama,30806
RN,24,2402303,Caraúbas,20161
RN,24,2402402,Carnaúba dos Dantas,8267
RN,24,2402501,Carnaubais,10010
RN,24,2402600,Ceará-Mirim,83009
RN,24,2402709,Cerro Corá,11322
RN,24,2402808,Coronel Ezequiel,5241
RN,24,2402907,Coronel João Pessoa,4315
RN,24,2403004,Cruzeta,8238
RN,24,2403103,Currais Novos,42930
RN,24,2403202,Doutor Severiano,7253
RN,24,2403301,Encanto,6252
RN,24,2403400,Equador,5476
RN,24,2403509,Espírito Santo,10936
RN,24,2403608,Extremoz,66993
RN,24,2403707,Felipe Guerra,6458
RN,24,2403756,Fernando Pedroza,3029
RN,24,2403806,Florânia,10528
RN,24,2403905,Francisco Dantas,2763
RN,24,2404002,Frutuoso Gomes,4231
RN,24,2404101,Galinhos,2160
RN,24,2404200,Goianinha,28212
RN,24,2404309,Governador Dix-Sept Rosado,12239
RN,24,2404408,Grossos,10251
RN,24,2404507,Guamaré,15947
RN,24,2404606,Ielmo Marinho,11903
RN,24,2404705,Ipanguaçu,14539
RN,24,2404804,Ipueira,2090
RN,24,2404853,Itajá,7531
RN,24,2404903,Itaú,5452
RN,24,2405009,Jaçanã,8051
RN,24,2405108,Jandaíra,6748
RN,24,2405207,Janduís,4834
RN,24,2405306,Januário Cicco,8836
RN,24,2405405,Japi,5231
RN,24,2405504,Jardim de Angicos,2493
RN,24,2405603,Jardim de Piranhas,14416
RN,24,2405702,Jardim do Seridó,11952
RN,24,2405801,João Câmara,34768
RN,24,2405900,João Dias,2093
RN,24,2406007,José da Penha,5964
RN,24,2406106,Jucurutu,18286
RN,24,2406155,Jundiá,3859
RN,24,2406205,Lagoa d'Anta,6733
RN,24,2406304,Lagoa de Pedras,7577
RN,24,2406403,Lagoa de Velhos,2633
RN,24,2406502,Lagoa Nova,16126
RN,24,2406601,Lagoa Salgada,8619
RN,24,2406700,Lajes,10108
RN,24,2406809,Lajes Pintadas,4939
RN,24,2406908,Lucrécia,3579
RN,24,2407005,Luís Gomes,9286
RN,24,2407104,Macaíba,86433
RN,24,2407203,Macau,28384
RN,24,2407252,Major Sales,4067
RN,24,2407302,Marcelino Vieira,8092
RN,24,2407401,Martins,8411
RN,24,2407500,Maxaranguape,10534
RN,24,2407609,Messias Targino,4404
RN,24,2407708,Montanhas,11774
RN,24,2407807,Monte Alegre,23843
RN,24,2407906,Monte das Gameleiras,2343
RN,24,2408003,Mossoró,278034
RN,24,2408102,Natal,785368
RN,24,2408201,Nísia Floresta,33949
RN,24,2408300,Nova Cruz,35534
RN,24,2408409,Olho d'Água do Borges,3748
RN,24,2408508,Ouro Branco,5071
RN,24,2408607,Paraná,4046
RN,24,2408706,Paraú,3659
RN,24,2408805,Parazinho,4940
RN,24,2408904,Parelhas,22179
RN,24,2403251,Parnamirim,269298
RN,24,2409100,Passa e Fica,11406
RN,24,2409209,Passagem,3222
RN,24,2409308,Patu,11245
RN,24,2409407,Pau dos Ferros,31975
RN,24,2409506,Pedra Grande,3729
RN,24,2409605,Pedra Preta,2499
RN,24,2409704,Pedro Avelino,6345
RN,24,2409803,Pedro Velho,14197
RN,24,2409902,Pendências,12536
RN,24,2410009,Pilões,3010
RN,24,2410108,Poço Branco,12619
RN,24,2410207,Portalegre,7842
RN,24,2410256,Porto do Mangue,5357
RN,24,2410405,Pureza,9707
RN,24,2410504,Rafael Fernandes,5647
RN,24,2410603,Rafael Godeiro,3008
RN,24,2410702,Riacho da Cruz,2741
RN,24,2410801,Riacho de Santana,4243
RN,24,2410900,Riachuelo,7627
RN,24,2408953,Rio do Fogo,10672
RN,24,2411007,Rodolfo Fernandes,4349
RN,24,2411106,Ruy Barbosa,3266
RN,24,2411205,Santa Cruz,38996
RN,24,2409332,Santa Maria,4992
RN,24,2411403,Santana do Matos,12746
RN,24,2411429,Santana do Seridó,2787
RN,24,2411502,Santo Antônio,22779
RN,24,2411601,São Bento do Norte,3426
RN,24,2411700,São Bento do Trairí,3892
RN,24,2411809,São Fernando,3600
RN,24,2411908,São Francisco do Oeste,4304
RN,24,2412005,São Gonçalo do Amarante,123207
RN,24,2412104,São João do Sabugi,6130
RN,24,2412203,São José de Mipibu,49693
RN,24,2412302,São José do Campestre,11340
RN,24,2412401,São José do Seridó,4716
RN,24,2412500,São Miguel,24329
RN,24,2412559,São Miguel do Gostoso,10590
RN,24,2412609,São Paulo do Potengi,17320
RN,24,2412708,São Pedro,5905
RN,24,2412807,São Rafael,7899
RN,24,2412906,São Tomé,10188
RN,24,2413003,São Vicente,6514
RN,24,2413102,Senador Elói de Souza,6007
RN,24,2413201,Senador Georgino Avelino,4193
RN,24,2410306,Serra Caiada,11146
RN,24,2413300,Serra de São Bento,5864
RN,24,2413359,Serra do Mel,13694
RN,24,2413409,Serra Negra do Norte,7801
RN,24,2413508,Serrinha,6609
RN,24,2413557,Serrinha dos Pintos,4802
RN,24,2413607,Severiano Melo,5623
RN,24,2413706,Sítio Novo,4758
RN,24,2413805,Taboleiro Grande,2406
RN,24,2413904,Taipu,11716
RN,24,2414001,Tangará,13602
RN,24,2414100,Tenente Ananias,10587
RN,24,2414159,Tenente Laurentino Cruz,6118
RN,24,2411056,Tibau,5674
RN,24,2414209,Tibau do Sul,17840
RN,24,2414308,Timbaúba dos Batistas,2420
RN,24,2414407,Touros,34624
RN,24,2414456,Triunfo Potiguar,3474
RN,24,2414506,Umarizal,10671
RN,24,2414605,Upanema,14013
RN,24,2414704,Várzea,5383
RN,24,2414753,Venha-Ver,3035
RN,24,2414803,Vera Cruz,11044
RN,24,2414902,Viçosa,1890
RN,24,2415008,Vila Flor,3289
RO,11,1100015,Alta Floresta D'Oeste,22853
RO,11,1100379,Alto Alegre dos Parecis,12263
RO,11,1100403,Alto Paraíso,17463
RO,11,1100346,Alvorada D'Oeste,13837
RO,11,1100023,Ariquemes,108573
RO,11,1100452,Buritis,30729
RO,11,1100031,Cabixi,5690
RO,11,1100601,Cacaulândia,4345
RO,11,1100049,Cacoal,97637
RO,11,1100700,Campo Novo de Rondônia,9225
RO,11,1100809,Candeias do Jamari,24163
RO,11,1100908,Castanheiras,3456
RO,11,1100056,Cerejeiras,16975
RO,11,1100924,Chupinguaia,10129
RO,11,1100064,Colorado do Oeste,16588
RO,11,1100072,Corumbiara,8001
RO,11,1100080,Costa Marques,13522
RO,11,1100940,Cujubim,15883
RO,11,1100098,Espigão D'Oeste,32717
RO,11,1101005,Governador Jorge Teixeira,8420
RO,11,1100106,Guajará-Mirim,43553
RO,11,1101104,Itapuã do Oeste,9209
RO,11,1100114,Jaru,55583
RO,11,1100122,Ji-Paraná,139359
RO,11,1100130,Machadinho D'Oeste,34063
RO,11,1101203,Ministro Andreazza,6657
RO,11,1101302,Mirante da Serra,9740
RO,11,1101401,Monte Negro,12241
RO,11,1100148,Nova Brasilândia D'Oeste,16504
RO,11,1100338,Nova Mamoré,28496
RO,11,1101435,Nova União,6577
RO,11,1100502,Novo Horizonte do Oeste,8056
RO,11,1100155,Ouro Preto do Oeste,38681
RO,11,1101450,Parecis,4390
RO,11,1100189,Pimenta Bueno,39053
RO,11,1101468,Pimenteiras do Oeste,2311
RO,11,1100205,Porto Velho,514873
RO,11,1100254,Presidente Médici,20518
RO,11,1101476,Primavera de Rondônia,3279
RO,11,1100262,Rio Crespo,3753
RO,11,1100288,Rolim de Moura,62559
RO,11,1100296,Santa Luzia D'Oeste,7877
RO,11,1101484,São Felipe D'Oeste,5605
RO,11,1101492,São Francisco do Guaporé,17511
RO,11,1100320,São Miguel do Guaporé,22267
RO,11,1101500,Seringueiras,12954
RO,11,1101559,Teixeirópolis,4536
RO,11,1101609,Theobroma,8540
RO,11,1101708,Urupá,11377
RO,11,1101757,Vale do Anari,8265
RO,11,1101807,Vale do Paraíso,6843
RO,11,1100304,Vilhena,108528
RR,14,1400050,Alto Alegre,23049
RR,14,1400027,Amajari,15583
RR,14,1400100,Boa Vista,470169
RR,14,1400159,Bonfim,15222
RR,14,1400175,Cantá,20552
RR,14,1400209,Caracaraí,22443
RR,14,1400233,Caroebe,11708
RR,14,1400282,Iracema,10778
RR,14,1400308,Mucajaí,19619
RR,14,1400407,Normandia,15744
RR,14,1400456,Pacaraima,22104
RR,14,1400472,Rorainópolis,36747
RR,14,1400506,São João da Baliza,9727
RR,14,1400605,São Luiz,7777
RR,14,1400704,Uiramutã,15571
RS,43,4300034,Aceguá,4253
RS,43,4300059,Água Santa,4000
RS,43,4300109,Agudo,16346
RS,43,4300208,Ajuricaba,6848
RS,43,4300307,Alecrim,6228
RS,43,4300406,Alegrete,74329
RS,43,4300455,Alegria,3711
RS,43,4300471,Almirante Tamandaré do Sul,2008
RS,43,4300505,Alpestre,7243
RS,43,4300554,Alto Alegre,1837
RS,43,4300570,Alto Feliz,3143
RS,43,4300604,Alvorada,194116
RS,43,4300638,Amaral Ferrador,5394
RS,43,4300646,Ametista do Sul,7822
RS,43,4300661,André da Rocha,1157
RS,43,4300703,Anta Gorda,6080
RS,43,4300802,Antônio Prado,13328
RS,43,4300851,Arambaré,4211
RS,43,4300877,Araricá,8794
RS,43,4300901,Aratiba,6618
RS,43,4301008,Arroio do Meio,22490
RS,43,4301073,Arroio do Padre,2651
RS,43,4301057,Arroio do Sal,11384
RS,43,4301206,Arroio do Tigre,12296
RS,43,4301107,Arroio dos Ratos,14923
RS,43,4301305,Arroio Grande,17887
RS,43,4301404,Arvorezinha,10545
RS,43,4301503,Augusto Pestana,7302
RS,43,4301552,Áurea,3460
RS,43,4301602,Bagé,121900
RS,43,4301636,Balneário Pinhal,15371
RS,43,4301651,Barão,6489
RS,43,4301701,Barão de Cotegipe,7313
RS,43,4301750,Barão do Triunfo,5983
RS,43,4301859,Barra do Guarita,3230
RS,43,4301875,Barra do Quaraí,4337
RS,43,4301909,Barra do Ribeiro,12475
RS,43,4301925,Barra do Rio Azul,1724
RS,43,4301958,Barra Funda,2555
RS,43,4301800,Barracão,4920
RS,43,4302006,Barros Cassal,9442
RS,43,4302055,Benjamin Constant do Sul,2120
RS,43,4302105,Bento Gonçalves,127775
RS,43,4302154,Boa Vista das Missões,1969
RS,43,4302204,Boa Vista do Buricá,7125
RS,43,4302220,Boa Vista do Cadeado,2271
RS,43,4302238,Boa Vista do Incra,2315
RS,43,4302253,Boa Vista do Sul,2815
RS,43,4302303,Bom Jesus,11431
RS,43,4302352,Bom Princípio,13650
RS,43,4302378,Bom Progresso,2134
RS,43,4302402,Bom Retiro do Sul,12578
RS,43,4302451,Boqueirão do Leão,6215
RS,43,4302501,Bossoroca,5988
RS,43,4302584,Bozano,2195
RS,43,4302600,Braga,3326
RS,43,4302659,Brochier,5079
RS,43,4302709,Butiá,19433
RS,43,4302808,Caçapava do Sul,33508
RS,43,4302907,Cacequi,11324
RS,43,4303004,Cachoeira do Sul,82250
RS,43,4303103,Cachoeirinha,141303
RS,43,4303202,Cacique Doble,4694
RS,43,4303301,Caibaté,4797
RS,43,4303400,Caiçara,4933
RS,43,4303509,Camaquã,63959
RS,43,4303558,Camargo,3056
RS,43,4303608,Cambará do Sul,6492
RS,43,4303673,Campestre da Serra,3311
RS,43,4303707,Campina das Missões,6001
RS,43,4303806,Campinas do Sul,5390
RS,43,4303905,Campo Bom,64704
RS,43,4304002,Campo Novo,5068
RS,43,4304101,Campos Borges,3693
RS,43,4304200,Candelária,29783
RS,43,4304309,Cândido Godói,6421
RS,43,4304358,Candiota,10992
RS,43,4304408,Canela,50613
RS,43,4304507,Canguçu,50998
RS,43,4304606,Canoas,359554
RS,43,4304614,Canudos do Vale,1687
RS,43,4304622,Capão Bonito do Sul,1769
RS,43,4304630,Capão da Canoa,66012
RS,43,4304655,Capão do Cipó,3186
RS,43,4304663,Capão do Leão,27389
RS,43,4304689,Capela de Santana,11416
RS,43,4304697,Capitão,2991
RS,43,4304671,Capivari do Sul,4079
RS,43,4304713,Caraá,7553
RS,43,4304705,Carazinho,63638
RS,43,4304804,Carlos Barbosa,31528
RS,43,4304853,Carlos Gomes,1387
RS,43,4304903,Casca,9689
RS,43,4304952,Caseiros,3064
RS,43,4305009,Catuípe,8840
RS,43,4305108,Caxias do Sul,479256
RS,43,4305116,Centenário,2779
RS,43,4305124,Cerrito,5915
RS,43,4305132,Cerro Branco,3865
RS,43,4305157,Cerro Grande,2429
RS,43,4305173,Cerro Grande do Sul,9343
RS,43,4305207,Cerro Largo,14009
RS,43,4305306,Chapada,9748
RS,43,4305355,Charqueadas,36109
RS,43,4305371,Charrua,2807
RS,43,4305405,Chiapetta,3992
RS,43,4305439,Chuí,6405
RS,43,4305447,Chuvisca,4686
RS,43,4305454,Cidreira,17538
RS,43,4305504,Ciríaco,4215
RS,43,4305587,Colinas,2474
RS,43,4305603,Colorado,3319
RS,43,4305702,Condor,6539
RS,43,4305801,Constantina,10623
RS,43,4305835,Coqueiro Baixo,1311
RS,43,4305850,Coqueiros do Sul,2251
RS,43,4305871,Coronel Barros,2892
RS,43,4305900,Coronel Bicaco,6230
RS,43,4305934,Coronel Pilar,1638
RS,43,4305959,Cotiporã,3926
RS,43,4305975,Coxilha,2719
RS,43,4306007,Crissiumal,13127
RS,43,4306056,Cristal,7454
RS,43,4306072,Cristal do Sul,2746
RS,43,4306106,Cruz Alta,60486
RS,43,4306130,Cruzaltense,1655
RS,43,4306205,Cruzeiro do Sul,12571
RS,43,4306304,David Canabarro,4403
RS,43,4306320,Derrubadas,2797
RS,43,4306353,Dezesseis de Novembro,2544
RS,43,4306379,Dilermando de Aguiar,2859
RS,43,4306403,Dois Irmãos,31769
RS,43,4306429,Dois Irmãos das Missões,2133
RS,43,4306452,Dois Lajeados,3158
RS,43,4306502,Dom Feliciano,13291
RS,43,4306601,Dom Pedrito,38094
RS,43,4306551,Dom Pedro de Alcântara,2617
RS,43,4306700,Dona Francisca,3136
RS,43,4306734,Doutor Maurício Cardoso,4542
RS,43,4306759,Doutor Ricardo,1925
RS,43,4306767,Eldorado do Sul,40954
RS,43,4306809,Encantado,23494
RS,43,4306908,Encruzilhada do Sul,24280
RS,43,4306924,Engenho Velho,1317
RS,43,4306957,Entre Rios do Sul,2731
RS,43,4306932,Entre-Ijuís,9364
RS,43,4306973,Erebango,3121
RS,43,4307005,Erechim,109497
RS,43,4307054,Ernestina,3097
RS,43,4307203,Erval Grande,5029
RS,43,4307302,Erval Seco,6902
RS,43,4307401,Esmeralda,3264
RS,43,4307450,Esperança do Sul,3294
RS,43,4307500,Espumoso,15478
RS,43,4307559,Estação,5688
RS,43,4307609,Estância Velha,49440
RS,43,4307708,Esteio,78181
RS,43,4307807,Estrela,33243
RS,43,4307815,Estrela Velha,3120
RS,43,4307831,Eugênio de Castro,2685
RS,43,4307864,Fagundes Varela,2620
RS,43,4307906,Farroupilha,72477
RS,43,4308003,Faxinal do Soturno,6846
RS,43,4308052,Faxinalzinho,2572
RS,43,4308078,Fazenda Vilanova,4399
RS,43,4308102,Feliz,13979
RS,43,4308201,Flores da Cunha,31973
RS,43,4308250,Floriano Peixoto,1694
RS,43,4308300,Fontoura Xavier,9721
RS,43,4308409,Formigueiro,6533
RS,43,4308433,Forquetinha,2441
RS,43,4308458,Fortaleza dos Valos,4569
RS,43,4308508,Frederico Westphalen,33684
RS,43,4308607,Garibaldi,35522
RS,43,4308656,Garruchos,2729
RS,43,4308706,Gaurama,5780
RS,43,4308805,General Câmara,7751
RS,43,4308854,Gentil,1783
RS,43,4308904,Getúlio Vargas,16950
RS,43,4309001,Giruá,16282
RS,43,4309050,Glorinha,7842
RS,43,4309100,Gramado,41621
RS,43,4309126,Gramado dos Loureiros,2049
RS,43,4309159,Gramado Xavier,3356
RS,43,4309209,Gravataí,275294
RS,43,4309258,Guabiju,1442
RS,43,4309308,Guaíba,95956
RS,43,4309407,Guaporé,26138
RS,43,4309506,Guarani das Missões,7553
RS,43,4309555,Harmonia,5524
RS,43,4307104,Herval,6307
RS,43,4309571,Herveiras,2608
RS,43,4309605,Horizontina,19246
RS,43,4309654,Hulha Negra,6102
RS,43,4309704,Humaitá,4774
RS,43,4309753,Ibarama,3793
RS,43,4309803,Ibiaçá,4618
RS,43,4309902,Ibiraiaras,6830
RS,43,4309951,Ibirapuitã,3793
RS,43,4310009,Ibirubá,22082
RS,43,4310108,Igrejinha,34763
RS,43,4310207,Ijuí,87775
RS,43,4310306,Ilópolis,4245
RS,43,4310330,Imbé,27931
RS,43,4310363,Imigrante,3148
RS,43,4310405,Independência,6558
RS,43,4310413,Inhacorá,2049
RS,43,4310439,Ipê,5496
RS,43,4310462,Ipiranga do Sul,1750
RS,43,4310504,Iraí,7624
RS,43,4310538,Itaara,5706
RS,43,4310553,Itacurubi,3042
RS,43,4310579,Itapuca,1967
RS,43,4310603,Itaqui,36830
RS,43,4310652,Itati,2695
RS,43,4310702,Itatiba do Sul,3249
RS,43,4310751,Ivorá,1964
RS,43,4310801,Ivoti,23533
RS,43,4310850,Jaboticaba,3850
RS,43,4310876,Jacuizinho,2070
RS,43,4310900,Jacutinga,3401
RS,43,4311007,Jaguarão,27406
RS,43,4311106,Jaguari,10779
RS,43,4311122,Jaquirana,3755
RS,43,4311130,Jari,3414
RS,43,4311155,Jóia,7305
RS,43,4311205,Júlio de Castilhos,18557
RS,43,4311239,Lagoa Bonita do Sul,2287
RS,43,4311270,Lagoa dos Três Cantos,1779
RS,43,4311304,Lagoa Vermelha,28617
RS,43,4311254,Lagoão,5429
RS,43,4311403,Lajeado,96651
RS,43,4311429,Lajeado do Bugre,2660
RS,43,4311502,Lavras do Sul,7294
RS,43,4311601,Liberato Salzano,4854
RS,43,4311627,Lindolfo Collor,6409
RS,43,4311643,Linha Nova,1720
RS,43,4311718,Maçambará,4487
RS,43,4311700,Machadinho,5864
RS,43,4311734,Mampituba,3201
RS,43,4311759,Manoel Viana,6917
RS,43,4311775,Maquiné,7588
RS,43,4311791,Maratá,2521
RS,43,4311809,Marau,46656
RS,43,4311908,Marcelino Ramos,4389
RS,43,4311981,Mariana Pimentel,4003
RS,43,4312005,Mariano Moro,1888
RS,43,4312054,Marques de Souza,4050
RS,43,4312104,Mata,4786
RS,43,4312138,Mato Castelhano,2610
RS,43,4312153,Mato Leitão,4990
RS,43,4312179,Mato Queimado,1833
RS,43,4312203,Maximiliano de Almeida,4258
RS,43,4312252,Minas do Leão,7661
RS,43,4312302,Miraguaí,4506
RS,43,4312351,Montauri,1530
RS,43,4312377,Monte Alegre dos Campos,3250
RS,43,4312385,Monte Belo do Sul,2609
RS,43,4312401,Montenegro,66295
RS,43,4312427,Mormaço,2815
RS,43,4312443,Morrinhos do Sul,3134
RS,43,4312450,Morro Redondo,6169
RS,43,4312476,Morro Reuter,6163
RS,43,4312500,Mostardas,12346
RS,43,4312609,Muçum,4694
RS,43,4312617,Muitos Capões,2938
RS,43,4312625,Muliterno,1755
RS,43,4312658,Não-Me-Toque,18314
RS,43,4312674,Nicolau Vergueiro,1979
RS,43,4312708,Nonoai,14056
RS,43,4312757,Nova Alvorada,3229
RS,43,4312807,Nova Araçá,5086
RS,43,4312906,Nova Bassano,9877
RS,43,4312955,Nova Boa Vista,2088
RS,43,4313003,Nova Bréscia,3105
RS,43,4313011,Nova Candelária,3134
RS,43,4313037,Nova Esperança do Sul,4974
RS,43,4313060,Nova Hartz,20539
RS,43,4313086,Nova Pádua,2390
RS,43,4313102,Nova Palma,5683
RS,43,4313201,Nova Petrópolis,23889
RS,43,4313300,Nova Prata,26587
RS,43,4313334,Nova Ramada,2201
RS,43,4313359,Nova Roma do Sul,3543
RS,43,4313375,Nova Santa Rita,30121
RS,43,4313490,Novo Barreiro,4371
RS,43,4313391,Novo Cabrais,3636
RS,43,4313409,Novo Hamburgo,235879
RS,43,4313425,Novo Machado,3246
RS,43,4313441,Novo Tiradentes,2188
RS,43,4313466,Novo Xingu,1678
RS,43,4313508,Osório,48929
RS,43,4313607,Paim Filho,3691
RS,43,4313656,Palmares do Sul,13170
RS,43,4313706,Palmeira das Missões,34233
RS,43,4313805,Palmitinho,8032
RS,43,4313904,Panambi,45042
RS,43,4313953,Pantano Grande,10438
RS,43,4314001,Paraí,7357
RS,43,4314027,Paraíso do Sul,6635
RS,43,4314035,Pareci Novo,4433
RS,43,4314050,Parobé,53555
RS,43,4314068,Passa Sete,4036
RS,43,4314076,Passo do Sobrado,6154
RS,43,4314100,Passo Fundo,214564
RS,43,4314134,Paulo Bento,2188
RS,43,4314159,Paverama,8146
RS,43,4314175,Pedras Altas,2100
RS,43,4314209,Pedro Osório,7634
RS,43,4314308,Pejuçara,3819
RS,43,4314407,Pelotas,336131
RS,43,4314423,Picada Café,5470
RS,43,4314456,Pinhal,3034
RS,43,4314464,Pinhal da Serra,2299
RS,43,4314472,Pinhal Grande,3867
RS,43,4314498,Pinheirinho do Vale,4637
RS,43,4314506,Pinheiro Machado,11409
RS,43,4314548,Pinto Bandeira,2784
RS,43,4314555,Pirapó,2260
RS,43,4314605,Piratini,17792
RS,43,4314704,Planalto,10624
RS,43,4314753,Poço das Antas,2222
RS,43,4314779,Pontão,3350
RS,43,4314787,Ponte Preta,1604
RS,43,4314803,Portão,35237
RS,43,4314902,Porto Alegre,1389322
RS,43,4315008,Porto Lucena,4424
RS,43,4315057,Porto Mauá,2176
RS,43,4315073,Porto Vera Cruz,1585
RS,43,4315107,Porto Xavier,10132
RS,43,4315131,Pouso Novo,1773
RS,43,4315149,Presidente Lucena,3159
RS,43,4315156,Progresso,5430
RS,43,4315172,Protásio Alves,2069
RS,43,4315206,Putinga,3814
RS,43,4315305,Quaraí,23988
RS,43,4315313,Quatro Irmãos,1579
RS,43,4315321,Quevedos,2555
RS,43,4315354,Quinze de Novembro,4000
RS,43,4315404,Redentora,9934
RS,43,4315453,Relvado,1828
RS,43,4315503,Restinga Sêca,15213
RS,43,4315552,Rio dos Índios,2874
RS,43,4315602,Rio Grande,198958
RS,43,4315701,Rio Pardo,35666
RS,43,4315750,Riozinho,4572
RS,43,4315800,Roca Sales,10644
RS,43,4315909,Rodeio Bonito,6821
RS,43,4315958,Rolador,2332
RS,43,4316006,Rolante,21733
RS,43,4316105,Ronda Alta,9972
RS,43,4316204,Rondinha,5083
RS,43,4316303,Roque Gonzales,6698
RS,43,4316402,Rosário do Sul,37700
RS,43,4316428,Sagrada Família,2529
RS,43,4316436,Saldanha Marinho,2621
RS,43,4316451,Salto do Jacuí,10373
RS,43,4316477,Salvador das Missões,2953
RS,43,4316501,Salvador do Sul,7182
RS,43,4316600,Sananduva,16759
RS,43,4317103,Sant'Ana do Livramento,87296
RS,43,4316709,Santa Bárbara do Sul,8275
RS,43,4316733,Santa Cecília do Sul,1710
RS,43,4316758,Santa Clara do Sul,7067
RS,43,4316808,Santa Cruz do Sul,138104
RS,43,4316972,Santa Margarida do Sul,2658
RS,43,4316907,Santa Maria,282244
RS,43,4316956,Santa Maria do Herval,6482
RS,43,4317202,Santa Rosa,79395
RS,43,4317251,Santa Tereza,1531
RS,43,4317301,Santa Vitória do Palmar,31961
RS,43,4317004,Santana da Boa Vista,7140
RS,43,4317400,Santiago,50331
RS,43,4317509,Santo Ângelo,79130
RS,43,4317608,Santo Antônio da Patrulha,44393
RS,43,4317707,Santo Antônio das Missões,10493
RS,43,4317558,Santo Antônio do Palma,2134
RS,43,4317756,Santo Antônio do Planalto,2136
RS,43,4317806,Santo Augusto,14196
RS,43,4317905,Santo Cristo,15656
RS,43,4317954,Santo Expedito do Sul,2395
RS,43,4318002,São Borja,61323
RS,43,4318051,São Domingos do Sul,2808
RS,43,4318101,São Francisco de Assis,17949
RS,43,4318200,São Francisco de Paula,22373
RS,43,4318309,São Gabriel,60102
RS,43,4318408,São Jerônimo,21421
RS,43,4318424,São João da Urtiga,4549
RS,43,4318432,São João do Polêsine,2707
RS,43,4318440,São Jorge,2976
RS,43,4318457,São José das Missões,2403
RS,43,4318465,São José do Herval,1934
RS,43,4318481,São José do Hortêncio,4551
RS,43,4318499,São José do Inhacorá,2463
RS,43,4318507,São José do Norte,26245
RS,43,4318606,São José do Ouro,6978
RS,43,4318614,São José do Sul,2440
RS,43,4318622,São José dos Ausentes,4286
RS,43,4318705,São Leopoldo,225669
RS,43,4318804,São Lourenço do Sul,43283
RS,43,4318903,São Luiz Gonzaga,35858
RS,43,4319000,São Marcos,21537
RS,43,4319109,São Martinho,5589
RS,43,4319125,São Martinho da Serra,2911
RS,43,4319158,São Miguel das Missões,7196
RS,43,4319208,São Nicolau,5248
RS,43,4319307,São Paulo das Missões,5948
RS,43,4319356,São Pedro da Serra,3614
RS,43,4319364,São Pedro das Missões,1791
RS,43,4319372,São Pedro do Butiá,3139
RS,43,4319406,São Pedro do Sul,15870
RS,43,4319505,São Sebastião do Caí,24883
RS,43,4319604,São Sepé,21575
RS,43,4319703,São Valentim,3324
RS,43,4319711,São Valentim do Sul,2255
RS,43,4319737,São Valério do Sul,2594
RS,43,4319752,São Vendelino,2306
RS,43,4319802,São Vicente do Sul,8259
RS,43,4319901,Sapiranga,77898
RS,43,4320008,Sapucaia do Sul,136542
RS,43,4320107,Sarandi,23356
RS,43,4320206,Seberi,12313
RS,43,4320230,Sede Nova,2753
RS,43,4320263,Segredo,6107
RS,43,4320305,Selbach,5220
RS,43,4320321,Senador Salgado Filho,2726
RS,43,4320354,Sentinela do Sul,5422
RS,43,4320404,Serafina Corrêa,17379
RS,43,4320453,Sério,2093
RS,43,4320503,Sertão,5637
RS,43,4320552,Sertão Santana,5988
RS,43,4320578,Sete de Setembro,1884
RS,43,4320602,Severiano de Almeida,3467
RS,43,4320651,Silveira Martins,2060
RS,43,4320677,Sinimbu,8698
RS,43,4320701,Sobradinho,14512
RS,43,4320800,Soledade,30936
RS,43,4320859,Tabaí,4565
RS,43,4320909,Tapejara,25201
RS,43,4321006,Tapera,10822
RS,43,4321105,Tapes,14938
RS,43,4321204,Taquara,54360
RS,43,4321303,Taquari,25968
RS,43,4321329,Taquaruçu do Sul,3190
RS,43,4321352,Tavares,5319
RS,43,4321402,Tenente Portela,14811
RS,43,4321436,Terra de Areia,10569
RS,43,4321451,Teutônia,33963
RS,43,4321469,Tio Hugo,3352
RS,43,4321477,Tiradentes do Sul,5201
RS,43,4321493,Toropi,2598
RS,43,4321501,Torres,43268
RS,43,4321600,Tramandaí,56296
RS,43,4321626,Travesseiro,2193
RS,43,4321634,Três Arroios,2638
RS,43,4321667,Três Cachoeiras,11216
RS,43,4321709,Três Coroas,24420
RS,43,4321808,Três de Maio,25452
RS,43,4321832,Três Forquilhas,2814
RS,43,4321857,Três Palmeiras,4826
RS,43,4321907,Três Passos,26284
RS,43,4321956,Trindade do Sul,7766
RS,43,4322004,Triunfo,28414
RS,43,4322103,Tucunduva,5649
RS,43,4322152,Tunas,3739
RS,43,4322186,Tupanci do Sul,1398
RS,43,4322202,Tupanciretã,20345
RS,43,4322251,Tupandi,5160
RS,43,4322301,Tuparendi,8536
RS,43,4322327,Turuçu,3489
RS,43,4322343,Ubiretama,2028
RS,43,4322350,União da Serra,1186
RS,43,4322376,Unistalda,2052
RS,43,4322400,Uruguaiana,120885
RS,43,4322509,Vacaria,66110
RS,43,4322533,Vale do Sol,10080
RS,43,4322541,Vale Real,6213
RS,43,4322525,Vale Verde,3214
RS,43,4322558,Vanini,2047
RS,43,4322608,Venâncio Aires,70805
RS,43,4322707,Vera Cruz,27638
RS,43,4322806,Veranópolis,24540
RS,43,4322855,Vespasiano Corrêa,1852
RS,43,4322905,Viadutos,4852
RS,43,4323002,Viamão,232113
RS,43,4323101,Vicente Dutra,4747
RS,43,4323200,Victor Graeff,2832
RS,43,4323309,Vila Flores,3736
RS,43,4323358,Vila Lângaro,2122
RS,43,4323408,Vila Maria,4512
RS,43,4323457,Vila Nova do Sul,3935
RS,43,4323507,Vista Alegre,2712
RS,43,4323606,Vista Alegre do Prata,1624
RS,43,4323705,Vista Gaúcha,2842
RS,43,4323754,Vitória das Missões,3318
RS,43,4323770,Westfália,3219
RS,43,4323804,Xangri-lá,16907
SC,42,4200051,Abdon Batista,2633
SC,42,4200101,Abelardo Luz,17736
SC,42,4200200,Agrolândia,11491
SC,42,4200309,Agronômica,6394
SC,42,4200408,Água Doce,6625
SC,42,4200507,Águas de Chapecó,6128
SC,42,4200556,Águas Frias,2963
SC,42,4200606,Águas Mornas,7082
SC,42,4200705,Alfredo Wagner,10862
SC,42,4200754,Alto Bela Vista,1860
SC,42,4200804,Anchieta,5984
SC,42,4200903,Angelina,5472
SC,42,4201000,Anita Garibaldi,8367
SC,42,4201109,Anitápolis,3726
SC,42,4201208,Antônio Carlos,12118
SC,42,4201257,Apiúna,10020
SC,42,4201273,Arabutã,4487
SC,42,4201307,Araquari,50178
SC,42,4201406,Araranguá,75597
SC,42,4201505,Armazém,9188
SC,42,4201604,Arroio Trinta,3628
SC,42,4201653,Arvoredo,2600
SC,42,4201703,Ascurra,8635
SC,42,4201802,Atalanta,3270
SC,42,4201901,Aurora,7127
SC,42,4201950,Balneário Arroio do Silva,17215
SC,42,4202057,Balneário Barra do Sul,16360
SC,42,4202008,Balneário Camboriú,148758
SC,42,4202073,Balneário Gaivota,17306
SC,42,4212809,Balneário Piçarras,29725
SC,42,4220000,Balneário Rincão,17226
SC,42,4202081,Bandeirante,3243
SC,42,4202099,Barra Bonita,1662
SC,42,4202107,Barra Velha,50730
SC,42,4202131,Bela Vista do Toldo,5950
SC,42,4202156,Belmonte,2709
SC,42,4202206,Benedito Novo,10738
SC,42,4202305,Biguaçu,82028
SC,42,4202404,Blumenau,380597
SC,42,4202438,Bocaina do Sul,3618
SC,42,4202503,Bom Jardim da Serra,4028
SC,42,4202537,Bom Jesus,2872
SC,42,4202578,Bom Jesus do Oeste,2234
SC,42,4202602,Bom Retiro,8468
SC,42,4202453,Bombinhas,27732
SC,42,4202701,Botuverá,5623
SC,42,4202800,Braço do Norte,35534
SC,42,4202859,Braço do Trombudo,4203
SC,42,4202875,Brunópolis,2466
SC,42,4202909,Brusque,151949
SC,42,4203006,Caçador,75998
SC,42,4203105,Caibi,6431
SC,42,4203154,Calmon,3513
SC,42,4203204,Camboriú,113525
SC,42,4203303,Campo Alegre,12815
SC,42,4203402,Campo Belo do Sul,7342
SC,42,4203501,Campo Erê,9838
SC,42,4203600,Campos Novos,38656
SC,42,4203709,Canelinha,13413
SC,42,4203808,Canoinhas,56721
SC,42,4203253,Capão Alto,2647
SC,42,4203907,Capinzal,24176
SC,42,4203956,Capivari de Baixo,24799
SC,42,4204004,Catanduvas,10938
SC,42,4204103,Caxambu do Sul,4732
SC,42,4204152,Celso Ramos,2860
SC,42,4204178,Cerro Negro,3326
SC,42,4204194,Chapadão do Lageado,3036
SC,42,4204202,Chapecó,275959
SC,42,4204251,Cocal do Sul,17912
SC,42,4204301,Concórdia,85982
SC,42,4204350,Cordilheira Alta,5099
SC,42,4204400,Coronel Freitas,10583
SC,42,4204459,Coronel Martins,2028
SC,42,4204558,Correia Pinto,16163
SC,42,4204509,Corupá,15781
SC,42,4204608,Criciúma,225281
SC,42,4204707,Cunha Porã,11208
SC,42,4204756,Cunhataí,2018
SC,42,4204806,Curitibanos,41512
SC,42,4204905,Descanso,8660
SC,42,4205001,Dionísio Cerqueira,15294
SC,42,4205100,Dona Emma,4388
SC,42,4205159,Doutor Pedrinho,3719
SC,42,4205175,Entre Rios,3525
SC,42,4205191,Ermo,2349
SC,42,4205209,Erval Velho,5081
SC,42,4205308,Faxinal dos Guedes,11486
SC,42,4205357,Flor do Sertão,1850
SC,42,4205407,Florianópolis,576361
SC,42,4205431,Formosa do Sul,2743
SC,42,4205456,Forquilhinha,33929
SC,42,4205506,Fraiburgo,34148
SC,42,4205555,Frei Rogério,2442
SC,42,4205605,Galvão,3200
SC,42,4205704,Garopaba,32962
SC,42,4205803,Garuva,19554
SC,42,4205902,Gaspar,76982
SC,42,4206009,Governador Celso Ramos,17920
SC,42,4206108,Grão-Pará,6397
SC,42,4206207,Gravatal,12989
SC,42,4206306,Guabiruba,26082
SC,42,4206405,Guaraciaba,11040
SC,42,4206504,Guaramirim,49941
SC,42,4206603,Guarujá do Sul,4899
SC,42,4206652,Guatambú,9267
SC,42,4206702,Herval d'Oeste,22173
SC,42,4206751,Ibiam,2055
SC,42,4206801,Ibicaré,3304
SC,42,4206900,Ibirama,20663
SC,42,4207007,Içara,62455
SC,42,4207106,Ilhota,18197
SC,42,4207205,Imaruí,12127
SC,42,4207304,Imbituba,56107
SC,42,4207403,Imbuia,6139
SC,42,4207502,Indaial,76333
SC,42,4207577,Iomerê,2953
SC,42,4207601,Ipira,4635
SC,42,4207650,Iporã do Oeste,9672
SC,42,4207684,Ipuaçu,8046
SC,42,4207700,Ipumirim,8065
SC,42,4207759,Iraceminha,4005
SC,42,4207809,Irani,10497
SC,42,4207858,Irati,2100
SC,42,4207908,Irineópolis,10437
SC,42,4208005,Itá,7310
SC,42,4208104,Itaiópolis,22741
SC,42,4208203,Itajaí,287289
SC,42,4208302,Itapema,83330
SC,42,4208401,Itapiranga,17149
SC,42,4208450,Itapoá,34546
SC,42,4208500,Ituporanga,28042
SC,42,4208609,Jaborá,4435
SC,42,4208708,Jacinto Machado,10813
SC,42,4208807,Jaguaruna,21284
SC,42,4208906,Jaraguá do Sul,195753
SC,42,4208955,Jardinópolis,1808
SC,42,4209003,Joaçaba,31509
SC,42,4209102,Joinville,654888
SC,42,4209151,José Boiteux,6307
SC,42,4209177,Jupiá,2675
SC,42,4209201,Lacerdópolis,2296
SC,42,4209300,Lages,171609
SC,42,4209409,Laguna,43992
SC,42,4209458,Lajeado Grande,1771
SC,42,4209508,Laurentino,8427
SC,42,4209607,Lauro Müller,14622
SC,42,4209706,Lebon Régis,11605
SC,42,4209805,Leoberto Leal,3381
SC,42,4209854,Lindóia do Sul,4611
SC,42,4209904,Lontras,13586
SC,42,4210001,Luiz Alves,12126
SC,42,4210035,Luzerna,5931
SC,42,4210050,Macieira,1800
SC,42,4210100,Mafra,57023
SC,42,4210209,Major Gercino,3258
SC,42,4210308,Major Vieira,7545
SC,42,4210407,Maracajá,8213
SC,42,4210506,Maravilha,30155
SC,42,4210555,Marema,2219
SC,42,4210605,Massaranduba,17897
SC,42,4210704,Matos Costa,2795
SC,42,4210803,Meleiro,7127
SC,42,4210852,Mirim Doce,2554
SC,42,4210902,Modelo,4156
SC,42,4211009,Mondaí,10216
SC,42,4211058,Monte Carlo,9235
SC,42,4211108,Monte Castelo,7787
SC,42,4211207,Morro da Fumaça,19265
SC,42,4211256,Morro Grande,3085
SC,42,4211306,Navegantes,93619
SC,42,4211405,Nova Erechim,5408
SC,42,4211454,Nova Itaberaba,4648
SC,42,4211504,Nova Trento,14252
SC,42,4211603,Nova Veneza,13968
SC,42,4211652,Novo Horizonte,2670
SC,42,4211702,Orleans,24474
SC,42,4211751,Otacílio Costa,17780
SC,42,4211801,Ouro,7091
SC,42,4211850,Ouro Verde,2203
SC,42,4211876,Paial,1992
SC,42,4211892,Painel,2228
SC,42,4211900,Palhoça,245477
SC,42,4212007,Palma Sola,7709
SC,42,4212056,Palmeira,2640
SC,42,4212106,Palmitos,15812
SC,42,4212205,Papanduva,19667
SC,42,4212239,Paraíso,4376
SC,42,4212254,Passo de Torres,14284
SC,42,4212270,Passos Maia,4032
SC,42,4212304,Paulo Lopes,9661
SC,42,4212403,Pedras Grandes,4343
SC,42,4212502,Penha,36124
SC,42,4212601,Peritiba,3039
SC,42,4212650,Pescaria Brava,10531
SC,42,4212700,Petrolândia,6942
SC,42,4212908,Pinhalzinho,23379
SC,42,4213005,Pinheiro Preto,3598
SC,42,4213104,Piratuba,6053
SC,42,4213153,Planalto Alegre,3053
SC,42,4213203,Pomerode,36392
SC,42,4213302,Ponte Alta,4430
SC,42,4213351,Ponte Alta do Norte,3249
SC,42,4213401,Ponte Serrada,10764
SC,42,4213500,Porto Belo,30590
SC,42,4213609,Porto União,33727
SC,42,4213708,Pouso Redondo,17836
SC,42,4213807,Praia Grande,8602
SC,42,4213906,Presidente Castello Branco,1711
SC,42,4214003,Presidente Getúlio,21293
SC,42,4214102,Presidente Nereu,2345
SC,42,4214151,Princesa,3054
SC,42,4214201,Quilombo,11359
SC,42,4214300,Rancho Queimado,3435
SC,42,4214409,Rio das Antas,6386
SC,42,4214508,Rio do Campo,6613
SC,42,4214607,Rio do Oeste,8008
SC,42,4214805,Rio do Sul,76390
SC,42,4214706,Rio dos Cedros,11163
SC,42,4214904,Rio Fortuna,5006
SC,42,4215000,Rio Negrinho,40168
SC,42,4215059,Rio Rufino,2432
SC,42,4215075,Riqueza,4835
SC,42,4215109,Rodeio,13321
SC,42,4215208,Romelândia,4757
SC,42,4215307,Salete,7643
SC,42,4215356,Saltinho,3633
SC,42,4215406,Salto Veloso,4486
SC,42,4215455,Sangão,13567
SC,42,4215505,Santa Cecília,15764
SC,42,4215554,Santa Helena,2473
SC,42,4215604,Santa Rosa de Lima,2128
SC,42,4215653,Santa Rosa do Sul,10288
SC,42,4215679,Santa Terezinha,8077
SC,42,4215687,Santa Terezinha do Progresso,2562
SC,42,4215695,Santiago do Sul,1714
SC,42,4215703,Santo Amaro da Imperatriz,29392
SC,42,4215802,São Bento do Sul,86851
SC,42,4215752,São Bernardino,2719
SC,42,4215901,São Bonifácio,2986
SC,42,4216008,São Carlos,10460
SC,42,4216057,São Cristóvão do Sul,6389
SC,42,4216107,São Domingos,9356
SC,42,4216206,São Francisco do Sul,55784
SC,42,4216305,São João Batista,34733
SC,42,4216354,São João do Itaperiú,4732
SC,42,4216255,São João do Oeste,6446
SC,42,4216404,São João do Sul,9126
SC,42,4216503,São Joaquim,26852
SC,42,4216602,São José,289949
SC,42,4216701,São José do Cedro,14491
SC,42,4216800,São José do Cerrito,8755
SC,42,4216909,São Lourenço do Oeste,25770
SC,42,4217006,São Ludgero,14211
SC,42,4217105,São Martinho,3501
SC,42,4217154,São Miguel da Boa Vista,1788
SC,42,4217204,São Miguel do Oeste,46969
SC,42,4217253,São Pedro de Alcântara,6076
SC,42,4217303,Saudades,10680
SC,42,4217402,Schroeder,21273
SC,42,4217501,Seara,19241
SC,42,4217550,Serra Alta,3367
SC,42,4217600,Siderópolis,14087
SC,42,4217709,Sombrio,31397
SC,42,4217758,Sul Brasil,2894
SC,42,4217808,Taió,18808
SC,42,4217907,Tangará,8189
SC,42,4217956,Tigrinhos,2480
SC,42,4218004,Tijucas,56674
SC,42,4218103,Timbé do Sul,5495
SC,42,4218202,Timbó,48903
SC,42,4218251,Timbó Grande,7503
SC,42,4218301,Três Barras,20373
SC,42,4218350,Treviso,3895
SC,42,4218400,Treze de Maio,7585
SC,42,4218509,Treze Tílias,9308
SC,42,4218608,Trombudo Central,7532
SC,42,4218707,Tubarão,115495
SC,42,4218756,Tunápolis,5054
SC,42,4218806,Turvo,13492
SC,42,4218855,União do Oeste,2801
SC,42,4218905,Urubici,11048
SC,42,4218954,Urupema,2735
SC,42,4219002,Urussanga,21395
SC,42,4219101,Vargeão,3716
SC,42,4219150,Vargem,2632
SC,42,4219176,Vargem Bonita,4615
SC,42,4219200,Vidal Ramos,6275
SC,42,4219309,Videira,58299
SC,42,4219358,Vitor Meireles,5492
SC,42,4219408,Witmarsum,4451
SC,42,4219507,Xanxerê,54194
SC,42,4219606,Xavantina,3627
SC,42,4219705,Xaxim,33902
SC,42,4219853,Zortéa,4170
SE,28,2800100,Amparo do São Francisco,2206
SE,28,2800209,Aquidabã,20542
SE,28,2800308,Aracaju,628849
SE,28,2800407,Arauá,10483
SE,28,2800506,Areia Branca,18560
SE,28,2800605,Barra dos Coqueiros,44384
SE,28,2800670,Boquim,25038
SE,28,2800704,Brejo Grande,8016
SE,28,2801009,Campo do Brito,18646
SE,28,2801108,Canhoba,3855
SE,28,2801207,Canindé de São Francisco,27885
SE,28,2801306,Capela,32716
SE,28,2801405,Carira,20315
SE,28,2801504,Carmópolis,14179
SE,28,2801603,Cedro de São João,5482
SE,28,2801702,Cristinápolis,17539
SE,28,2801900,Cumbe,3906
SE,28,2802007,Divina Pastora,4433
SE,28,2802106,Estância,66978
SE,28,2802205,Feira Nova,6207
SE,28,2802304,Frei Paulo,14884
SE,28,2802403,Gararu,11301
SE,28,2802502,General Maynard,3111
SE,28,2802601,Gracho Cardoso,5979
SE,28,2802700,Ilha das Flores,8495
SE,28,2802809,Indiaroba,16949
SE,28,2802908,Itabaiana,108408
SE,28,2803005,Itabaianinha,42114
SE,28,2803104,Itabi,4823
SE,28,2803203,Itaporanga d'Ajuda,35863
SE,28,2803302,Japaratuba,16472
SE,28,2803401,Japoatã,13707
SE,28,2803500,Lagarto,105558
SE,28,2803609,Laranjeiras,24170
SE,28,2803708,Macambira,7024
SE,28,2803807,Malhada dos Bois,3666
SE,28,2803906,Malhador,11728
SE,28,2804003,Maruim,15975
SE,28,2804102,Moita Bonita,11288
SE,28,2804201,Monte Alegre de Sergipe,14732
SE,28,2804300,Muribeca,8033
SE,28,2804409,Neópolis,16558
SE,28,2804458,Nossa Senhora Aparecida,9496
SE,28,2804508,Nossa Senhora da Glória,43255
SE,28,2804607,Nossa Senhora das Dores,25537
SE,28,2804706,Nossa Senhora de Lourdes,6404
SE,28,2804805,Nossa Senhora do Socorro,202450
SE,28,2804904,Pacatuba,12709
SE,28,2805000,Pedra Mole,2818
SE,28,2805109,Pedrinhas,7416
SE,28,2805208,Pinhão,5769
SE,28,2805307,Pirambu,8037
SE,28,2805406,Poço Redondo,34723
SE,28,2805505,Poço Verde,22214
SE,28,2805604,Porto da Folha,27350
SE,28,2805703,Propriá,27273
SE,28,2805802,Riachão do Dantas,18579
SE,28,2805901,Riachuelo,8875
SE,28,2806008,Ribeirópolis,17362
SE,28,2806107,Rosário do Catete,9499
SE,28,2806206,Salgado,20772
SE,28,2806305,Santa Luzia do Itanhy,13965
SE,28,2806503,Santa Rosa de Lima,4038
SE,28,2806404,Santana do São Francisco,7530
SE,28,2806602,Santo Amaro das Brotas,11297
SE,28,2806701,São Cristóvão,100360
SE,28,2806800,São Domingos,10550
SE,28,2806909,São Francisco,3323
SE,28,2807006,São Miguel do Aleixo,3481
SE,28,2807105,Simão Dias,44285
SE,28,2807204,Siriri,7984
SE,28,2807303,Telha,3373
SE,28,2807402,Tobias Barreto,52613
SE,28,2807501,Tomar do Geru,12145
SE,28,2807600,Umbaúba,24538
SP,35,3500105,Adamantina,35642
SP,35,3500204,Adolfo,4478
SP,35,3500303,Aguaí,32888
SP,35,3500402,Águas da Prata,7470
SP,35,3500501,Águas de Lindóia,18245
SP,35,3500550,Águas de Santa Bárbara,7407
SP,35,3500600,Águas de São Pedro,2829
SP,35,3500709,Agudos,38879
SP,35,3500758,Alambari,6330
SP,35,3500808,Alfredo Marcondes,4556
SP,35,3500907,Altair,3479
SP,35,3501004,Altinópolis,17156
SP,35,3501103,Alto Alegre,3883
SP,35,3501152,Alumínio,17591
SP,35,3501202,Álvares Florence,3978
SP,35,3501301,Álvares Machado,28250
SP,35,3501400,Álvaro de Carvalho,4896
SP,35,3501509,Alvinlândia,2923
SP,35,3501608,Americana,246655
SP,35,3501707,Américo Brasiliense,33757
SP,35,3501806,Américo de Campos,5975
SP,35,3501905,Amparo,69717
SP,35,3502002,Analândia,4684
SP,35,3502101,Andradina,61473
SP,35,3502200,Angatuba,24512
SP,35,3502309,Anhembi,5766
SP,35,3502408,Anhumas,4108
SP,35,3502507,Aparecida,33223
SP,35,3502606,Aparecida d'Oeste,4124
SP,35,3502705,Apiaí,24886
SP,35,3502754,Araçariguama,22168
SP,35,3502804,Araçatuba,207775
SP,35,3502903,Araçoiaba da Serra,33656
SP,35,3503000,Aramina,5526
SP,35,3503109,Arandu,7050
SP,35,3503158,Arapeí,2355
SP,35,3503208,Araraquara,252318
SP,35,3503307,Araras,135331
SP,35,3503356,Arco-Íris,2085
SP,35,3503406,Arealva,8280
SP,35,3503505,Areias,3625
SP,35,3503604,Areiópolis,10257
SP,35,3503703,Ariranha,7653
SP,35,3503802,Artur Nogueira,53157
SP,35,3503901,Arujá,89943
SP,35,3503950,Aspásia,1873
SP,35,3504008,Assis,104642
SP,35,3504107,Atibaia,166043
SP,35,3504206,Auriflama,13873
SP,35,3504305,Avaí,4519
SP,35,3504404,Avanhandava,11438
SP,35,3504503,Avaré,96098
SP,35,3504602,Bady Bassitt,28909
SP,35,3504701,Balbinos,3963
SP,35,3504800,Bálsamo,9854
SP,35,3504909,Bananal,10109
SP,35,3505005,Barão de Antonina,3618
SP,35,3505104,Barbosa,5659
SP,35,3505203,Bariri,32405
SP,35,3505302,Barra Bonita,35159
SP,35,3505351,Barra do Chapéu,5256
SP,35,3505401,Barra do Turvo,6922
SP,35,3505500,Barretos,126600
SP,35,3505609,Barrinha,33181
SP,35,3505708,Barueri,330339
SP,35,3505807,Bastos,21900
SP,35,3505906,Batatais,59873
SP,35,3506003,Bauru,391740
SP,35,3506102,Bebedouro,78210
SP,35,3506201,Bento de Abreu,2642
SP,35,3506300,Bernardino de Campos,11852
SP,35,3506359,Bertioga,66873
SP,35,3506409,Bilac,7455
SP,35,3506508,Birigui,122988
SP,35,3506607,Biritiba Mirim,30526
SP,35,3506706,Boa Esperança do Sul,13135
SP,35,3506805,Bocaina,11467
SP,35,3506904,Bofete,10688
SP,35,3507001,Boituva,63415
SP,35,3507100,Bom Jesus dos Perdões,22501
SP,35,3507159,Bom Sucesso de Itararé,3610
SP,35,3507209,Borá,928
SP,35,3507308,Boracéia,4823
SP,35,3507407,Borborema,14415
SP,35,3507456,Borebi,2787
SP,35,3507506,Botucatu,150442
SP,35,3507605,Bragança Paulista,184634
SP,35,3507704,Braúna,5466
SP,35,3507753,Brejo Alegre,2605
SP,35,3507803,Brodowski,26167
SP,35,3507902,Brotas,24423
SP,35,3508009,Buri,20674
SP,35,3508108,Buritama,17597
SP,35,3508207,Buritizal,4447
SP,35,3508306,Cabrália Paulista,4362
SP,35,3508405,Cabreúva,48473
SP,35,3508504,Caçapava,99678
SP,35,3508603,Cachoeira Paulista,32482
SP,35,3508702,Caconde,17266
SP,35,3508801,Cafelândia,16905
SP,35,3508900,Caiabu,3745
SP,35,3509007,Caieiras,98257
SP,35,3509106,Caiuá,5585
SP,35,3509205,Cajamar,97363
SP,35,3509254,Cajati,29257
SP,35,3509304,Cajobi,9232
SP,35,3509403,Cajuru,24217
SP,35,3509452,Campina do Monte Alegre,6077
SP,35,3509502,Campinas,1185977
SP,35,3509601,Campo Limpo Paulista,79663
SP,35,3509700,Campos do Jordão,47983
SP,35,3509809,Campos Novos Paulista,4991
SP,35,3509908,Cananéia,12489
SP,35,3509957,Canas,5049
SP,35,3510005,Cândido Mota,30172
SP,35,3510104,Cândido Rodrigues,2951
SP,35,3510153,Canitar,6524
SP,35,3510203,Capão Bonito,47403
SP,35,3510302,Capela do Alto,23597
SP,35,3510401,Capivari,51318
SP,35,3510500,Caraguatatuba,141084
SP,35,3510609,Carapicuíba,398462
SP,35,3510708,Cardoso,11491
SP,35,3510807,Casa Branca,28786
SP,35,3510906,Cássia dos Coqueiros,2855
SP,35,3511003,Castilho,20418
SP,35,3511102,Catanduva,119172
SP,35,3511201,Catiguá,7105
SP,35,3511300,Cedral,13160
SP,35,3511409,Cerqueira César,22076
SP,35,3511508,Cerquilho,46217
SP,35,3511607,Cesário Lange,19588
SP,35,3511706,Charqueada,15798
SP,35,3557204,Chavantes,12411
SP,35,3511904,Clementina,7087
SP,35,3512001,Colina,18842
SP,35,3512100,Colômbia,6781
SP,35,3512209,Conchal,29034
SP,35,3512308,Conchas,15381
SP,35,3512407,Cordeirópolis,25130
SP,35,3512506,Coroados,5498
SP,35,3512605,Coronel Macedo,4295
SP,35,3512704,Corumbataí,4285
SP,35,3512803,Cosmópolis,61204
SP,35,3512902,Cosmorama,8968
SP,35,3513009,Cotia,287004
SP,35,3513108,Cravinhos,34252
SP,35,3513207,Cristais Paulista,9543
SP,35,3513306,Cruzália,2129
SP,35,3513405,Cruzeiro,76513
SP,35,3513504,Cubatão,115082
SP,35,3513603,Cunha,22456
SP,35,3513702,Descalvado,32622
SP,35,3513801,Diadema,404118
SP,35,3513850,Dirce Reis,1641
SP,35,3513900,Divinolândia,11314
SP,35,3514007,Dobrada,8958
SP,35,3514106,Dois Córregos,24855
SP,35,3514205,Dolcinópolis,2250
SP,35,3514304,Dourado,8186
SP,35,3514403,Dracena,46664
SP,35,3514502,Duartina,12529
SP,35,3514601,Dumont,9719
SP,35,3514700,Echaporã,6295
SP,35,3514809,Eldorado,13162
SP,35,3514908,Elias Fausto,18103
SP,35,3514924,Elisiário,3189
SP,35,3514957,Embaúba,2353
SP,35,3515004,Embu das Artes,259323
SP,35,3515103,Embu-Guaçu,68805
SP,35,3515129,Emilianópolis,3062
SP,35,3515152,Engenheiro Coelho,20139
SP,35,3515186,Espírito Santo do Pinhal,40681
SP,35,3515194,Espírito Santo do Turvo,4217
SP,35,3557303,Estiva Gerbi,11566
SP,35,3515202,Estrela d'Oeste,9655
SP,35,3515301,Estrela do Norte,2749
SP,35,3515350,Euclides da Cunha Paulista,7928
SP,35,3515400,Fartura,16984
SP,35,3515608,Fernando Prestes,6066
SP,35,3515509,Fernandópolis,73286
SP,35,3515657,Fernão,1689
SP,35,3515707,Ferraz de Vasconcelos,185622
SP,35,3515806,Flora Rica,1492
SP,35,3515905,Floreal,2756
SP,35,3516002,Flórida Paulista,13171
SP,35,3516101,Florínea,3987
SP,35,3516200,Franca,364331
SP,35,3516309,Francisco Morato,171107
SP,35,3516408,Franco da Rocha,149786
SP,35,3516507,Gabriel Monteiro,2811
SP,35,3516606,Gália,6435
SP,35,3516705,Garça,43115
SP,35,3516804,Gastão Vidigal,3235
SP,35,3516853,Gavião Peixoto,4797
SP,35,3516903,General Salgado,10449
SP,35,3517000,Getulina,10355
SP,35,3517109,Glicério,4173
SP,35,3517208,Guaiçara,11459
SP,35,3517307,Guaimbê,5606
SP,35,3517406,Guaíra,40424
SP,35,3517505,Guapiaçu,22316
SP,35,3517604,Guapiara,17256
SP,35,3517703,Guará,18790
SP,35,3517802,Guaraçaí,7486
SP,35,3517901,Guaraci,10542
SP,35,3518008,Guarani d'Oeste,1999
SP,35,3518107,Guarantã,6531
SP,35,3518206,Guararapes,31872
SP,35,3518305,Guararema,32436
SP,35,3518404,Guaratinguetá,121710
SP,35,3518503,Guareí,15268
SP,35,3518602,Guariba,38609
SP,35,3518701,Guarujá,294973
SP,35,3518800,Guarulhos,1345364
SP,35,3518859,Guatapará,7462
SP,35,3518909,Guzolândia,4276
SP,35,3519006,Herculândia,9302
SP,35,3519055,Holambra,15596
SP,35,3519071,Hortolândia,247331
SP,35,3519105,Iacanga,10633
SP,35,3519204,Iacri,6207
SP,35,3519253,Iaras,8257
SP,35,3519303,Ibaté,33110
SP,35,3519402,Ibirá,11934
SP,35,3519501,Ibirarema,6461
SP,35,3519600,Ibitinga,61908
SP,35,3519709,Ibiúna,77651
SP,35,3519808,Icém,7969
SP,35,3519907,Iepê,7739
SP,35,3520004,Igaraçu do Tietê,23430
SP,35,3520103,Igarapava,26755
SP,35,3520202,Igaratá,10904
SP,35,3520301,Iguape,29881
SP,35,3520426,Ilha Comprida,13955
SP,35,3520442,Ilha Solteira,26240
SP,35,3520400,Ilhabela,36329
SP,35,3520509,Indaiatuba,267796
SP,35,3520608,Indiana,5191
SP,35,3520707,Indiaporã,4109
SP,35,3520806,Inúbia Paulista,3671
SP,35,3520905,Ipaussu,13933
SP,35,3521002,Iperó,37999
SP,35,3521101,Ipeúna,6999
SP,35,3521150,Ipiguá,7037
SP,35,3521200,Iporanga,4091
SP,35,3521309,Ipuã,14691
SP,35,3521408,Iracemápolis,22435
SP,35,3521507,Irapuã,6946
SP,35,3521606,Irapuru,7145
SP,35,3521705,Itaberá,18258
SP,35,3521804,Itaí,25930
SP,35,3521903,Itajobi,17420
SP,35,3522000,Itaju,3702
SP,35,3522109,Itanhaém,117435
SP,35,3522158,Itaoca,3490
SP,35,3522208,Itapecerica da Serra,163928
SP,35,3522307,Itapetininga,163774
SP,35,3522406,Itapeva,92324
SP,35,3522505,Itapevi,241924
SP,35,3522604,Itapira,73919
SP,35,3522653,Itapirapuã Paulista,4405
SP,35,3522703,Itápolis,40464
SP,35,3522802,Itaporanga,14260
SP,35,3522901,Itapuí,13984
SP,35,3523008,Itapura,4014
SP,35,3523107,Itaquaquecetuba,382521
SP,35,3523206,Itararé,45327
SP,35,3523305,Itariri,15762
SP,35,3523404,Itatiba,126403
SP,35,3523503,Itatinga,19427
SP,35,3523602,Itirapina,16433
SP,35,3523701,Itirapuã,5861
SP,35,3523800,Itobi,8210
SP,35,3523909,Itu,174561
SP,35,3524006,Itupeva,74119
SP,35,3524105,Ituverava,38451
SP,35,3524204,Jaborandi,6293
SP,35,3524303,Jaboticabal,73467
SP,35,3524402,Jacareí,249968
SP,35,3524501,Jaci,7878
SP,35,3524600,Jacupiranga,16254
SP,35,3524709,Jaguariúna,61801
SP,35,3524808,Jales,50017
SP,35,3524907,Jambeiro,6575
SP,35,3525003,Jandira,121988
SP,35,3525102,Jardinópolis,46868
SP,35,3525201,Jarinu,39531
SP,35,3525300,Jaú,137323
SP,35,3525409,Jeriquara,3976
SP,35,3525508,Joanópolis,13095
SP,35,3525607,João Ramalho,4456
SP,35,3525706,José Bonifácio,37859
SP,35,3525805,Júlio Mesquita,4308
SP,35,3525854,Jumirim,3123
SP,35,3525904,Jundiaí,460313
SP,35,3526001,Junqueirópolis,20878
SP,35,3526100,Juquiá,17255
SP,35,3526209,Juquitiba,28007
SP,35,3526308,Lagoinha,5182
SP,35,3526407,Laranjal Paulista,27009
SP,35,3526506,Lavínia,9909
SP,35,3526605,Lavrinhas,7328
SP,35,3526704,Leme,101316
SP,35,3526803,Lençóis Paulista,68395
SP,35,3526902,Limeira,300728
SP,35,3527009,Lindóia,7147
SP,35,3527108,Lins,76729
SP,35,3527207,Lorena,87370
SP,35,3527256,Lourdes,1968
SP,35,3527306,Louveira,54111
SP,35,3527405,Lucélia,20372
SP,35,3527504,Lucianópolis,2419
SP,35,3527603,Luís Antônio,12531
SP,35,3527702,Luiziânia,4751
SP,35,3527801,Lupércio,4017
SP,35,3527900,Lutécia,2699
SP,35,3528007,Macatuba,17120
SP,35,3528106,Macaubal,7587
SP,35,3528205,Macedônia,4048
SP,35,3528304,Magda,3212
SP,35,3528403,Mairinque,51660
SP,35,3528502,Mairiporã,97399
SP,35,3528601,Manduri,10092
SP,35,3528700,Marabá Paulista,4627
SP,35,3528809,Maracaí,12826
SP,35,3528858,Marapoama,3392
SP,35,3528908,Mariápolis,3539
SP,35,3529005,Marília,246627
SP,35,3529104,Marinópolis,1870
SP,35,3529203,Martinópolis,25299
SP,35,3529302,Matão,80998
SP,35,3529401,Mauá,429380
SP,35,3529500,Mendonça,6369
SP,35,3529609,Meridiano,4697
SP,35,3529658,Mesópolis,1988
SP,35,3529708,Miguelópolis,19655
SP,35,3529807,Mineiros do Tietê,11349
SP,35,3530003,Mira Estrela,3199
SP,35,3529906,Miracatu,18679
SP,35,3530102,Mirandópolis,28737
SP,35,3530201,Mirante do Paranapanema,16069
SP,35,3530300,Mirassol,65485
SP,35,3530409,Mirassolândia,4771
SP,35,3530508,Mococa,69324
SP,35,3530607,Mogi das Cruzes,468120
SP,35,3530706,Mogi Guaçu,159735
SP,35,3530805,Mogi Mirim,95534
SP,35,3530904,Mombuca,3815
SP,35,3531001,Monções,1954
SP,35,3531100,Mongaguá,64519
SP,35,3531209,Monte Alegre do Sul,8873
SP,35,3531308,Monte Alto,48725
SP,35,3531407,Monte Aprazível,22650
SP,35,3531506,Monte Azul Paulista,18363
SP,35,3531605,Monte Castelo,4301
SP,35,3531803,Monte Mor,67296
SP,35,3531704,Monteiro Lobato,4205
SP,35,3531902,Morro Agudo,28561
SP,35,3532009,Morungaba,14081
SP,35,3532058,Motuca,4079
SP,35,3532108,Murutinga do Sul,3763
SP,35,3532157,Nantes,2699
SP,35,3532207,Narandiba,5908
SP,35,3532306,Natividade da Serra,7134
SP,35,3532405,Nazaré Paulista,18620
SP,35,3532504,Neves Paulista,9921
SP,35,3532603,Nhandeara,9944
SP,35,3532702,Nipoã,4860
SP,35,3532801,Nova Aliança,6858
SP,35,3532827,Nova Campina,8631
SP,35,3532843,Nova Canaã Paulista,2058
SP,35,3532868,Nova Castilho,1074
SP,35,3532900,Nova Europa,9459
SP,35,3533007,Nova Granada,19725
SP,35,3533106,Nova Guataporanga,2188
SP,35,3533205,Nova Independência,4795
SP,35,3533304,Nova Luzitânia,2838
SP,35,3533403,Nova Odessa,64228
SP,35,3533254,Novais,4469
SP,35,3533502,Novo Horizonte,39435
SP,35,3533601,Nuporanga,7550
SP,35,3533700,Ocauçu,4412
SP,35,3533809,Óleo,2540
SP,35,3533908,Olímpia,56701
SP,35,3534005,Onda Verde,4912
SP,35,3534104,Oriente,6180
SP,35,3534203,Orindiúva,6145
SP,35,3534302,Orlândia,39193
SP,35,3534401,Osasco,756952
SP,35,3534500,Oscar Bressane,2504
SP,35,3534609,Osvaldo Cruz,32099
SP,35,3534708,Ourinhos,106877
SP,35,3534807,Ouro Verde,7901
SP,35,3534757,Ouroeste,10596
SP,35,3534906,Pacaembu,15217
SP,35,3535002,Palestina,11689
SP,35,3535101,Palmares Paulista,9709
SP,35,3535200,Palmeira d'Oeste,8994
SP,35,3535309,Palmital,19767
SP,35,3535408,Panorama,15214
SP,35,3535507,Paraguaçu Paulista,42087
SP,35,3535606,Paraibuna,17950
SP,35,3535705,Paraíso,6211
SP,35,3535804,Paranapanema,19799
SP,35,3535903,Paranapuã,4111
SP,35,3536000,Parapuã,10729
SP,35,3536109,Pardinho,7382
SP,35,3536208,Pariquera-Açu,19576
SP,35,3536257,Parisi,3001
SP,35,3536307,Patrocínio Paulista,14837
SP,35,3536406,Paulicéia,8200
SP,35,3536505,Paulínia,115690
SP,35,3536570,Paulistânia,2146
SP,35,3536604,Paulo de Faria,7430
SP,35,3536703,Pederneiras,46223
SP,35,3536802,Pedra Bela,6718
SP,35,3536901,Pedranópolis,2848
SP,35,3537008,Pedregulho,15742
SP,35,3537107,Pedreira,44332
SP,35,3537156,Pedrinhas Paulista,2838
SP,35,3537206,Pedro de Toledo,11539
SP,35,3537305,Penápolis,63317
SP,35,3537404,Pereira Barreto,24389
SP,35,3537503,Pereiras,8969
SP,35,3537602,Peruíbe,70543
SP,35,3537701,Piacatu,5623
SP,35,3537800,Piedade,54237
SP,35,3537909,Pilar do Sul,28417
SP,35,3538006,Pindamonhangaba,172027
SP,35,3538105,Pindorama,14721
SP,35,3538204,Pinhalzinho,15605
SP,35,3538303,Piquerobi,3296
SP,35,3538501,Piquete,12570
SP,35,3538600,Piracaia,26764
SP,35,3538709,Piracicaba,438827
SP,35,3538808,Piraju,30261
SP,35,3538907,Pirajuí,22743
SP,35,3539004,Pirangi,11076
SP,35,3539103,Pirapora do Bom Jesus,18836
SP,35,3539202,Pirapozinho,26065
SP,35,3539301,Pirassununga,75475
SP,35,3539400,Piratininga,15554
SP,35,3539509,Pitangueiras,34416
SP,35,3539608,Planalto,4454
SP,35,3539707,Platina,3061
SP,35,3539806,Poá,106431
SP,35,3539905,Poloni,5696
SP,35,3540002,Pompéia,20512
SP,35,3540101,Pongaí,3443
SP,35,3540200,Pontal,38376
SP,35,3540259,Pontalinda,4196
SP,35,3540309,Pontes Gestal,2415
SP,35,3540408,Populina,4185
SP,35,3540507,Porangaba,10773
SP,35,3540606,Porto Feliz,58345
SP,35,3540705,Porto Ferreira,53940
SP,35,3540754,Potim,20767
SP,35,3540804,Potirendaba,18994
SP,35,3540853,Pracinha,2599
SP,35,3540903,Pradópolis,17309
SP,35,3541000,Praia Grande,365577
SP,35,3541059,Pratânia,5246
SP,35,3541109,Presidente Alves,3841
SP,35,3541208,Presidente Bernardes,14772
SP,35,3541307,Presidente Epitácio,40383
SP,35,3541406,Presidente Prudente,234083
SP,35,3541505,Presidente Venceslau,35902
SP,35,3541604,Promissão,35991
SP,35,3541653,Quadra,3472
SP,35,3541703,Quatá,13399
SP,35,3541802,Queiroz,3351
SP,35,3541901,Queluz,9146
SP,35,3542008,Quintana,7225
SP,35,3542107,Rafard,9133
SP,35,3542206,Rancharia,29305
SP,35,3542305,Redenção da Serra,4611
SP,35,3542404,Regente Feijó,20565
SP,35,3542503,Reginópolis,7808
SP,35,3542602,Registro,61732
SP,35,3542701,Restinga,6492
SP,35,3542800,Ribeira,3166
SP,35,3542909,Ribeirão Bonito,11079
SP,35,3543006,Ribeirão Branco,18930
SP,35,3543105,Ribeirão Corrente,4706
SP,35,3543204,Ribeirão do Sul,4768
SP,35,3543238,Ribeirão dos Índios,2045
SP,35,3543253,Ribeirão Grande,7570
SP,35,3543303,Ribeirão Pires,118877
SP,35,3543402,Ribeirão Preto,728400
SP,35,3543600,Rifaina,4158
SP,35,3543709,Rincão,9145
SP,35,3543808,Rinópolis,9357
SP,35,3543907,Rio Claro,208857
SP,35,3544004,Rio das Pedras,32267
SP,35,3544103,Rio Grande da Serra,45317
SP,35,3544202,Riolândia,10453
SP,35,3543501,Riversul,5647
SP,35,3544251,Rosana,17533
SP,35,3544301,Roseira,11095
SP,35,3544400,Rubiácea,2741
SP,35,3544509,Rubinéia,3965
SP,35,3544608,Sabino,5185
SP,35,3544707,Sagres,2519
SP,35,3544806,Sales,6612
SP,35,3544905,Sales Oliveira,11654
SP,35,3545001,Salesópolis,15396
SP,35,3545100,Salmourão,4883
SP,35,3545159,Saltinho,8371
SP,35,3545209,Salto,140125
SP,35,3545308,Salto de Pirapora,45138
SP,35,3545407,Salto Grande,9212
SP,35,3545506,Sandovalina,3699
SP,35,3545605,Santa Adélia,14203
SP,35,3545704,Santa Albertina,6543
SP,35,3545803,Santa Bárbara d'Oeste,189338
SP,35,3546009,Santa Branca,14212
SP,35,3546108,Santa Clara d'Oeste,2677
SP,35,3546207,Santa Cruz da Conceição,4365
SP,35,3546256,Santa Cruz da Esperança,2162
SP,35,3546306,Santa Cruz das Palmeiras,29525
SP,35,3546405,Santa Cruz do Rio Pardo,47677
SP,35,3546504,Santa Ernestina,6256
SP,35,3546603,Santa Fé do Sul,36098
SP,35,3546702,Santa Gertrudes,24107
SP,35,3546801,Santa Isabel,54586
SP,35,3546900,Santa Lúcia,7181
SP,35,3547007,Santa Maria da Serra,5314
SP,35,3547106,Santa Mercedes,3012
SP,35,3547403,Santa Rita d'Oeste,2790
SP,35,3547502,Santa Rita do Passa Quatro,25060
SP,35,3547601,Santa Rosa de Viterbo,23725
SP,35,3547650,Santa Salete,1686
SP,35,3547205,Santana da Ponte Pensa,1698
SP,35,3547304,Santana de Parnaíba,162341
SP,35,3547700,Santo Anastácio,18045
SP,35,3547809,Santo André,778711
SP,35,3547908,Santo Antônio da Alegria,6917
SP,35,3548005,Santo Antônio de Posse,23779
SP,35,3548054,Santo Antônio do Aracanguá,8568
SP,35,3548104,Santo Antônio do Jardim,6237
SP,35,3548203,Santo Antônio do Pinhal,7294
SP,35,3548302,Santo Expedito,3063
SP,35,3548401,Santópolis do Aguapeí,3933
SP,35,3548500,Santos,429567
SP,35,3548609,São Bento do Sapucaí,11948
SP,35,3548708,São Bernardo do Campo,840499
SP,35,3548807,São Caetano do Sul,172109
SP,35,3548906,São Carlos,265294
SP,35,3549003,São Francisco,2629
SP,35,3549102,São João da Boa Vista,95762
SP,35,3549201,São João das Duas Pontes,2622
SP,35,3549250,São João de Iracema,1880
SP,35,3549300,São João do Pau d'Alho,2288
SP,35,3549409,São Joaquim da Barra,49815
SP,35,3549508,São José da Bela Vista,7690
SP,35,3549607,São José do Barreiro,3898
SP,35,3549706,São José do Rio Pardo,53416
SP,35,3549805,São José do Rio Preto,501597
SP,35,3549904,São José dos Campos,724756
SP,35,3549953,São Lourenço da Serra,16458
SP,35,3550001,São Luiz do Paraitinga,10497
SP,35,3550100,São Manuel,38166
SP,35,3550209,São Miguel Arcanjo,32904
SP,35,3550308,São Paulo,11895578
SP,35,3550407,São Pedro,39725
SP,35,3550506,São Pedro do Turvo,7333
SP,35,3550605,São Roque,81342
SP,35,3550704,São Sebastião,84019
SP,35,3550803,São Sebastião da Grama,10484
SP,35,3550902,São Simão,13590
SP,35,3551009,São Vicente,338407
SP,35,3551108,Sarapuí,10632
SP,35,3551207,Sarutaiá,3769
SP,35,3551306,Sebastianópolis do Sul,3187
SP,35,3551405,Serra Azul,13058
SP,35,3551603,Serra Negra,30920
SP,35,3551504,Serrana,45408
SP,35,3551702,Sertãozinho,131600
SP,35,3551801,Sete Barras,12912
SP,35,3551900,Severínia,14724
SP,35,3552007,Silveiras,6313
SP,35,3552106,Socorro,41405
SP,35,3552205,Sorocaba,757459
SP,35,3552304,Sud Mennucci,7466
SP,35,3552403,Sumaré,289787
SP,35,3552551,Suzanápolis,3464
SP,35,3552502,Suzano,318765
SP,35,3552601,Tabapuã,11499
SP,35,3552700,Tabatinga,14994
SP,35,3552809,Taboão da Serra,284274
SP,35,3552908,Taciba,6399
SP,35,3553005,Taguaí,13006
SP,35,3553104,Taiaçu,5751
SP,35,3553203,Taiúva,6733
SP,35,3553302,Tambaú,21682
SP,35,3553401,Tanabi,26021
SP,35,3553500,Tapiraí,8122
SP,35,3553609,Tapiratiba,11936
SP,35,3553658,Taquaral,2652
SP,35,3553708,Taquaritinga,53322
SP,35,3553807,Taquarituba,24863
SP,35,3553856,Taquarivaí,7112
SP,35,3553906,Tarabai,6635
SP,35,3553955,Tarumã,15248
SP,35,3554003,Tatuí,128560
SP,35,3554102,Taubaté,321298
SP,35,3554201,Tejupá,4142
SP,35,3554300,Teodoro Sampaio,22559
SP,35,3554409,Terra Roxa,7985
SP,35,3554508,Tietê,38690
SP,35,3554607,Timburi,2490
SP,35,3554656,Torre de Pedra,2063
SP,35,3554706,Torrinha,9484
SP,35,3554755,Trabiju,1719
SP,35,3554805,Tremembé,53083
SP,35,3554904,Três Fronteiras,7013
SP,35,3554953,Tuiuti,6947
SP,35,3555000,Tupã,65416
SP,35,3555109,Tupi Paulista,16206
SP,35,3555208,Turiúba,1839
SP,35,3555307,Turmalina,1672
SP,35,3555356,Ubarana,5456
SP,35,3555406,Ubatuba,96598
SP,35,3555505,Ubirajara,5265
SP,35,3555604,Uchoa,10627
SP,35,3555703,União Paulista,1628
SP,35,3555802,Urânia,8973
SP,35,3555901,Uru,1419
SP,35,3556008,Urupês,14038
SP,35,3556107,Valentim Gentil,14531
SP,35,3556206,Valinhos,131277
SP,35,3556305,Valparaíso,24723
SP,35,3556354,Vargem,10805
SP,35,3556404,Vargem Grande do Sul,41226
SP,35,3556453,Vargem Grande Paulista,52103
SP,35,3556503,Várzea Paulista,119576
SP,35,3556602,Vera Cruz,10294
SP,35,3556701,Vinhedo,79235
SP,35,3556800,Viradouro,17681
SP,35,3556909,Vista Alegre do Alto,8327
SP,35,3556958,Vitória Brasil,1826
SP,35,3557006,Votorantim,132849
SP,35,3557105,Votuporanga,100159
SP,35,3557154,Zacarias,2761
TO,17,1700251,Abreulândia,2668
TO,17,1700301,Aguiarnópolis,4537
TO,17,1700350,Aliança do Tocantins,5222
TO,17,1700400,Almas,6542
TO,17,1700707,Alvorada,9094
TO,17,1701002,Ananás,10662
TO,17,1701051,Angico,2918
TO,17,1701101,Aparecida do Rio Negro,5067
TO,17,1701309,Aragominas,5360
TO,17,1701903,Araguacema,6039
TO,17,1702000,Araguaçu,8273
TO,17,1702109,Araguaína,181493
TO,17,1702158,Araguanã,4338
TO,17,1702208,Araguatins,33205
TO,17,1702307,Arapoema,5553
TO,17,1702406,Arraias,10522
TO,17,1702554,Augustinópolis,18128
TO,17,1702703,Aurora do Tocantins,3420
TO,17,1702901,Axixá do Tocantins,10663
TO,17,1703008,Babaçulândia,7779
TO,17,1703057,Bandeirantes do Tocantins,3534
TO,17,1703073,Barra do Ouro,4641
TO,17,1703107,Barrolândia,4915
TO,17,1703206,Bernardo Sayão,4316
TO,17,1703305,Bom Jesus do Tocantins,4181
TO,17,1703602,Brasilândia do Tocantins,2016
TO,17,1703701,Brejinho de Nazaré,4796
TO,17,1703800,Buriti do Tocantins,10654
TO,17,1703826,Cachoeirinha,1991
TO,17,1703842,Campos Lindos,8951
TO,17,1703867,Cariri do Tocantins,4147
TO,17,1703883,Carmolândia,2246
TO,17,1703891,Carrasco Bonito,3362
TO,17,1703909,Caseara,5009
TO,17,1704105,Centenário,2135
TO,17,1705102,Chapada da Natividade,3182
TO,17,1704600,Chapada de Areia,1563
TO,17,1705508,Colinas do Tocantins,35957
TO,17,1716703,Colméia,9158
TO,17,1705557,Combinado,4896
TO,17,1705607,Conceição do Tocantins,3956
TO,17,1706001,Couto Magalhães,5515
TO,17,1706100,Cristalândia,6437
TO,17,1706258,Crixás do Tocantins,1499
TO,17,1706506,Darcinópolis,6054
TO,17,1707009,Dianópolis,18031
TO,17,1707108,Divinópolis do Tocantins,7297
TO,17,1707207,Dois Irmãos do Tocantins,6395
TO,17,1707306,Dueré,4321
TO,17,1707405,Esperantina,7493
TO,17,1707553,Fátima,3520
TO,17,1707652,Figueirópolis,5336
TO,17,1707702,Filadélfia,7823
TO,17,1708205,Formoso do Araguaia,19428
TO,17,1708304,Goianorte,4840
TO,17,1709005,Goiatins,12816
TO,17,1709302,Guaraí,25681
TO,17,1709500,Gurupi,89574
TO,17,1709807,Ipueiras,1627
TO,17,1710508,Itacajá,6969
TO,17,1710706,Itaguatins,5206
TO,17,1710904,Itapiratins,3679
TO,17,1711100,Itaporã do Tocantins,2464
TO,17,1711506,Jaú do Tocantins,3403
TO,17,1711803,Juarina,2305
TO,17,1711902,Lagoa da Confusão,16312
TO,17,1711951,Lagoa do Tocantins,3610
TO,17,1712009,Lajeado,3520
TO,17,1712157,Lavandeira,1673
TO,17,1712405,Lizarda,2991
TO,17,1712454,Luzinópolis,2803
TO,17,1712504,Marianópolis do Tocantins,4772
TO,17,1712702,Mateiros,2888
TO,17,1712801,Maurilândia do Tocantins,3171
TO,17,1713205,Miracema do Tocantins,18787
TO,17,1713304,Miranorte,13056
TO,17,1713601,Monte do Carmo,5722
TO,17,1713700,Monte Santo do Tocantins,2500
TO,17,1713957,Muricilândia,3485
TO,17,1714203,Natividade,8961
TO,17,1714302,Nazaré,4660
TO,17,1714880,Nova Olinda,10609
TO,17,1715002,Nova Rosalândia,3403
TO,17,1715101,Novo Acordo,4102
TO,17,1715150,Novo Alegre,1841
TO,17,1715259,Novo Jardim,2263
TO,17,1715507,Oliveira de Fátima,1211
TO,17,1721000,Palmas,323625
TO,17,1715705,Palmeirante,4909
TO,17,1713809,Palmeiras do Tocantins,4897
TO,17,1715754,Palmeirópolis,7119
TO,17,1716109,Paraíso do Tocantins,55164
TO,17,1716208,Paranã,10854
TO,17,1716307,Pau D'Arco,4085
TO,17,1716505,Pedro Afonso,14731
TO,17,1716604,Peixe,9438
TO,17,1716653,Pequizeiro,5038
TO,17,1717008,Pindorama do Tocantins,4596
TO,17,1717206,Piraquê,2265
TO,17,1717503,Pium,7375
TO,17,1717800,Ponte Alta do Bom Jesus,4295
TO,17,1717909,Ponte Alta do Tocantins,7842
TO,17,1718006,Porto Alegre do Tocantins,2953
TO,17,1718204,Porto Nacional,68555
TO,17,1718303,Praia Norte,9460
TO,17,1718402,Presidente Kennedy,3051
TO,17,1718451,Pugmil,2231
TO,17,1718501,Recursolândia,3471
TO,17,1718550,Riachinho,4039
TO,17,1718659,Rio da Conceição,1822
TO,17,1718709,Rio dos Bois,2833
TO,17,1718758,Rio Sono,4798
TO,17,1718808,Sampaio,4372
TO,17,1718840,Sandolândia,3873
TO,17,1718865,Santa Fé do Araguaia,7489
TO,17,1718881,Santa Maria do Tocantins,2726
TO,17,1718899,Santa Rita do Tocantins,2291
TO,17,1718907,Santa Rosa do Tocantins,4789
TO,17,1719004,Santa Tereza do Tocantins,2889
TO,17,1720002,Santa Terezinha do Tocantins,2463
TO,17,1720101,São Bento do Tocantins,5936
TO,17,1720150,São Félix do Tocantins,1875
TO,17,1720200,São Miguel do Tocantins,13939
TO,17,1720259,São Salvador do Tocantins,2385
TO,17,1720309,São Sebastião do Tocantins,4189
TO,17,1720499,São Valério,4547
TO,17,1720655,Silvanópolis,5252
TO,17,1720804,Sítio Novo do Tocantins,11334
TO,17,1720853,Sucupira,1599
TO,17,1708254,Tabocão,3676
TO,17,1720903,Taguatinga,14247
TO,17,1720937,Taipas do Tocantins,2086
TO,17,1720978,Talismã,2509
TO,17,1721109,Tocantínia,7751
TO,17,1721208,Tocantinópolis,23203
TO,17,1721257,Tupirama,2003
TO,17,1721307,Tupiratins,1897
TO,17,1722081,Wanderlândia,10751
TO,17,1722107,Xambioá,10683
