uf,codigo_uf,codigo_municipio,municipio,populacao
AC,12,1200013,Acrelândia,14712
AC,12,1200054,Assis Brasil,8648
AC,12,1200104,Brasiléia,28028
AC,12,1200138,Bujari,13928
AC,12,1200179,Capixaba,10981
AC,12,1200203,Cruzeiro do Sul,98916
AC,12,1200252,Epitaciolândia,19874
AC,12,1200302,Feijó,37764
AC,12,1200328,Jordão,9884
AC,12,1200336,Mâncio Lima,20479
AC,12,1200344,Manoel Urbano,12923
AC,12,1200351,Marechal Thaumaturgo,18057
AC,12,1200385,Plácido de Castro,17107
AC,12,1200807,Porto Acre,17523
AC,12,1200393,Porto Walter,11333
AC,12,1200401,Rio Branco,389001
AC,12,1200427,Rodrigues Alves,15560
AC,12,1200435,Santa Rosa do Purus,7217
AC,12,1200500,Sena Madureira,44049
AC,12,1200450,Senador Guiomard,22402
AC,12,1200609,Tarauacá,46816
AC,12,1200708,Xapuri,19170
AL,27,2700102,Água Branca,19550
AL,27,2700201,Anadia,14167
AL,27,2700300,Arapiraca,243906
AL,27,2700409,Atalaia,38480
AL,27,2700508,Barra de Santo Antônio,16756
AL,27,2700607,Barra de São Miguel,8123
AL,27,2700706,Batalha,17103
AL,27,2700805,Belém,4819
AL,27,2700904,Belo Monte,5895
AL,27,2701001,Boca da Mata,21479
AL,27,2701100,Branquinha,9779
AL,27,2701209,Cacimbinhas,10705
AL,27,2701308,Cajueiro,16572
AL,27,2701357,Campestre,6808
AL,27,2701407,Campo Alegre,32558
AL,27,2701506,Campo Grande,8285
AL,27,2701605,Canapi,15730
AL,27,2701704,Capela,15051
AL,27,2701803,Carneiros,9206
AL,27,2701902,Chã Preta,6000
AL,27,2702009,Coité do Nóia,11036
AL,27,2702108,Colônia Leopoldina,15915
AL,27,2702207,Coqueiro Seco,5701
AL,27,2702306,Coruripe,51784
AL,27,2702355,Craíbas,26144
AL,27,2702405,Delmiro Gouveia,52845
AL,27,2702504,Dois Riachos,9898
AL,27,2702553,Estrela de Alagoas,15688
AL,27,2702603,Feira Grande,23204
AL,27,2702702,Feliz Deserto,4035
AL,27,2702801,Flexeiras,9745
AL,27,2702900,Girau do Ponciano,37337
AL,27,2703007,Ibateguara,13982
AL,27,2703106,Igaci,24445
AL,27,2703205,Igreja Nova,22113
AL,27,2703304,Inhapi,15396
AL,27,2703403,Jacaré dos Homens,5180
AL,27,2703502,Jacuípe,5419
AL,27,2703601,Japaratinga,9457
AL,27,2703700,Jaramataia,5069
AL,27,2703759,Jequiá da Praia,9607
AL,27,2703809,Joaquim Gomes,17342
AL,27,2703908,Jundiá,4175
AL,27,2704005,Junqueiro,24382
AL,27,2704104,Lagoa da Canoa,18836
AL,27,2704203,Limoeiro de Anadia,25184
AL,27,2704302,Maceió,994952
AL,27,2704401,Major Isidoro,17828
AL,27,2704906,Mar Vermelho,3208
AL,27,2704500,Maragogi,33269
AL,27,2704609,Maravilha,9709
AL,27,2704708,Marechal Deodoro,62477
AL,27,2704807,Maribondo,13970
AL,27,2705002,Mata Grande,22126
AL,27,2705101,Matriz de Camaragibe,24331
AL,27,2705200,Messias,15706
AL,27,2705309,Minador do Negrão,4935
AL,27,2705408,Monteirópolis,7344
AL,27,2705507,Murici,25926
AL,27,2705606,Novo Lino,10285
AL,27,2705705,Olho d'Água das Flores,21135
AL,27,2705804,Olho d'Água do Casado,8522
AL,27,2705903,Olho d'Água Grande,4381
AL,27,2706000,Olivença,11047
AL,27,2706109,Ouro Branco,11706
AL,27,2706208,Palestina,4408
AL,27,2706307,Palmeira dos Índios,73621
AL,27,2706406,Pão de Açúcar,24291
AL,27,2706422,Pariconha,10807
AL,27,2706448,Paripueira,14199
AL,27,2706505,Passo de Camaragibe,14070
AL,27,2706604,Paulo Jacinto,6691
AL,27,2706703,Penedo,60185
AL,27,2706802,Piaçabuçu,16192
AL,27,2706901,Pilar,36525
AL,27,2707008,Pindoba,2786
AL,27,2707107,Piranhas,23053
AL,27,2707206,Poço das Trincheiras,12965
AL,27,2707305,Porto Calvo,24509
AL,27,2707404,Porto de Pedras,9517
AL,27,2707503,Porto Real do Colégio,20273
AL,27,2707602,Quebrangulo,11303
AL,27,2707701,Rio Largo,97658
AL,27,2707800,Roteiro,6606
AL,27,2707909,Santa Luzia do Norte,7066
AL,27,2708006,Santana do Ipanema,47418
AL,27,2708105,Santana do Mundaú,11572
AL,27,2708204,São Brás,6557
AL,27,2708303,São José da Laje,21180
AL,27,2708402,São José da Tapera,31569
AL,27,2708501,São Luís do Quitunde,31785
AL,27,2708600,São Miguel dos Campos,53380
AL,27,2708709,São Miguel dos Milagres,8700
AL,27,2708808,São Sebastião,32707
AL,27,2708907,Satuba,25105
AL,27,2708956,Senador Rui Palmeira,12545
AL,27,2709004,Tanque d'Arca,5906
AL,27,2709103,Taquarana,19428
AL,27,2709152,Teotônio Vilela,39143
AL,27,2709202,Traipu,24106
AL,27,2709301,União dos Palmares,60860
AL,27,2709400,Viçosa,24414
AM,13,1300029,Alvarães,16806
AM,13,1300060,Amaturá,11533
AM,13,1300086,Anamã,9981
AM,13,1300102,Anori,18056
AM,13,1300144,Apuí,21781
AM,13,1300201,Atalaia do Norte,15889
AM,13,1300300,Autazes,45960
AM,13,1300409,Barcelos,18210
AM,13,1300508,Barreirinha,33722
AM,13,1300607,Benjamin Constant,40908
AM,13,1300631,Beruri,22495
AM,13,1300680,Boa Vista do Ramos,26479
AM,13,1300706,Boca do Acre,38792
AM,13,1300805,Borba,34869
AM,13,1300839,Caapiranga,14806
AM,13,1300904,Canutama,18109
AM,13,1301001,Carauari,31130
AM,13,1301100,Careiro,32336
AM,13,1301159,Careiro da Várzea,20324
AM,13,1301209,Coari,73576
AM,13,1301308,Codajás,24572
AM,13,1301407,Eirunepé,35793
AM,13,1301506,Envira,17985
AM,13,1301605,Fonte Boa,28227
AM,13,1301654,Guajará,14344
AM,13,1301704,Humaitá,63454
AM,13,1301803,Ipixuna,25629
AM,13,1301852,Iranduba,68862
AM,13,1301902,Itacoatiara,113917
AM,13,1301951,Itamarati,11956
AM,13,1302009,Itapiranga,10955
AM,13,1302108,Japurá,9420
AM,13,1302207,Juruá,11093
AM,13,1302306,Jutaí,28202
AM,13,1302405,Lábrea,49469
AM,13,1302504,Manacapuru,111751
AM,13,1302553,Manaquiri,16211
AM,13,1302603,Manaus,2303732
AM,13,1302702,Manicoré,58018
AM,13,1302801,Maraã,15815
AM,13,1302900,Maués,66336
AM,13,1303007,Nhamundá,21251
AM,13,1303106,Nova Olinda do Norte,28123
AM,13,1303205,Novo Airão,16562
AM,13,1303304,Novo Aripuanã,25325
AM,13,1303403,Parintins,101855
AM,13,1303502,Pauini,20229
AM,13,1303536,Presidente Figueiredo,33291
AM,13,1303569,Rio Preto da Eva,25364
AM,13,1303601,Santa Isabel do Rio Negro,13947
AM,13,1303700,Santo Antônio do Içá,30679
AM,13,1303809,São Gabriel da Cachoeira,57396
AM,13,1303908,São Paulo de Olivença,35442
AM,13,1303957,São Sebastião do Uatumã,12338
AM,13,1304005,Silves,12619
AM,13,1304062,Tabatinga,73348
AM,13,1304104,Tapauá,20728
AM,13,1304203,Tefé,80137
AM,13,1304237,Tonantins,20257
AM,13,1304260,Uarini,15640
AM,13,1304302,Urucará,19617
AM,13,1304401,Urucurituba,25965
AP,16,1600105,Amapá,8440
AP,16,1600204,Calçoene,11461
AP,16,1600212,Cutias,4723
AP,16,1600238,Ferreira Gomes,7184
AP,16,1600253,Itaubal,6097
AP,16,1600279,Laranjal do Jari,37872
AP,16,1600303,Macapá,489676
AP,16,1600402,Mazagão,23773
AP,16,1600501,Oiapoque,30786
AP,16,1600154,Pedra Branca do Amapari,13888
AP,16,1600535,Porto Grande,19048
AP,16,1600550,Pracuúba,4048
AP,16,1600600,Santana,118803
AP,16,1600055,Serra do Navio,5003
AP,16,1600709,Tartarugalzinho,13816
AP,16,1600808,Vitória do Jari,11899
BA,29,2900108,Abaíra,7407
BA,29,2900207,Abaré,18269
BA,29,2900306,Acajutiba,14200
BA,29,2900355,Adustina,14510
BA,29,2900405,Água Fria,14833
BA,29,2900603,Aiquara,4583
BA,29,2900702,Alagoinhas,161196
BA,29,2900801,Alcobaça,25601
BA,29,2900900,Almadina,5296
BA,29,2901007,Amargosa,38585
BA,29,2901106,Amélia Rodrigues,24830
BA,29,2901155,América Dourada,15572
BA,29,2901205,Anagé,26745
BA,29,2901304,Andaraí,13545
BA,29,2901353,Andorinha,15491
BA,29,2901403,Angical,14178
BA,29,2901502,Anguera,11490
BA,29,2901601,Antas,14984
BA,29,2901700,Antônio Cardoso,11498
BA,29,2901809,Antônio Gonçalves,11248
BA,29,2901908,Aporá,16361
BA,29,2901957,Apuarema,7101
BA,29,2902054,Araçás,11953
BA,29,2902005,Aracatu,14440
BA,29,2902104,Araci,50308
BA,29,2902203,Aramari,10106
BA,29,2902252,Arataca,10433
BA,29,2902302,Aratuípe,8993
BA,29,2902401,Aurelino Leal,11339
BA,29,2902500,Baianópolis,14138
BA,29,2902609,Baixa Grande,18628
BA,29,2902658,Banzaê,12288
BA,29,2902708,Barra,53642
BA,29,2902807,Barra da Estiva,27743
BA,29,2902906,Barra do Choça,38581
BA,29,2903003,Barra do Mendes,14376
BA,29,2903102,Barra do Rocha,5898
BA,29,2903201,Barreiras,171634
BA,29,2903235,Barro Alto,13922
BA,29,2903300,Barro Preto,5936
BA,29,2903276,Barrocas,15780
BA,29,2903409,Belmonte,20527
BA,29,2903508,Belo Campo,19074
BA,29,2903607,Biritinga,15603
BA,29,2903706,Boa Nova,14008
BA,29,2903805,Boa Vista do Tupim,17262
BA,29,2903904,Bom Jesus da Lapa,68866
BA,29,2903953,Bom Jesus da Serra,10018
BA,29,2904001,Boninal,14125
BA,29,2904050,Bonito,16425
BA,29,2904100,Boquira,19782
BA,29,2904209,Botuporã,11427
BA,29,2904308,Brejões,13224
BA,29,2904407,Brejolândia,9363
BA,29,2904506,Brotas de Macaúbas,12180
BA,29,2904605,Brumado,74368
BA,29,2904704,Buerarema,14950
BA,29,2904753,Buritirama,20221
BA,29,2904803,Caatiba,6128
BA,29,2904852,Cabaceiras do Paraguaçu,17024
BA,29,2904902,Cachoeira,30498
BA,29,2905008,Caculé,23293
BA,29,2905107,Caém,10733
BA,29,2905156,Caetanos,11432
BA,29,2905206,Caetité,54730
BA,29,2905305,Cafarnaum,18057
BA,29,2905404,Cairu,18578
BA,29,2905503,Caldeirão Grande,13597
BA,29,2905602,Camacan,22485
BA,29,2905701,Camaçari,321636
BA,29,2905800,Camamu,31694
BA,29,2905909,Campo Alegre de Lourdes,32500
BA,29,2906006,Campo Formoso,75112
BA,29,2906105,Canápolis,10641
BA,29,2906204,Canarana,25007
BA,29,2906303,Canavieiras,34392
BA,29,2906402,Candeal,7940
BA,29,2906501,Candeias,74854
BA,29,2906600,Candiba,13417
BA,29,2906709,Cândido Sales,26469
BA,29,2906808,Cansanção,39725
BA,29,2906824,Canudos,16693
BA,29,2906857,Capela do Alto Alegre,11035
BA,29,2906873,Capim Grosso,35437
BA,29,2906899,Caraíbas,10259
BA,29,2906907,Caravelas,21384
BA,29,2907004,Cardeal da Silva,8633
BA,29,2907103,Carinhanha,30439
BA,29,2907202,Casa Nova,76131
BA,29,2907301,Castro Alves,25470
BA,29,2907400,Catolândia,3567
BA,29,2907509,Catu,50109
BA,29,2907558,Caturama,9108
BA,29,2907608,Central,16847
BA,29,2907707,Chorrochó,10933
BA,29,2907806,Cícero Dantas,32292
BA,29,2907905,Cipó,17875
BA,29,2908002,Coaraci,17557
BA,29,2908101,Cocos,19865
BA,29,2908200,Conceição da Feira,21529
BA,29,2908309,Conceição do Almeida,16134
BA,29,2908408,Conceição do Coité,71601
BA,29,2908507,Conceição do Jacuípe,37622
BA,29,2908606,Conde,24460
BA,29,2908705,Condeúba,17567
BA,29,2908804,Contendas do Sincorá,4499
BA,29,2908903,Coração de Maria,28408
BA,29,2909000,Cordeiros,7748
BA,29,2909109,Coribe,14463
BA,29,2909208,Coronel João Sá,17598
BA,29,2909307,Correntina,34266
BA,29,2909406,Cotegipe,13463
BA,29,2909505,Cravolândia,4491
BA,29,2909604,Crisópolis,20346
BA,29,2909703,Cristópolis,14549
BA,29,2909802,Cruz das Almas,63326
BA,29,2909901,Curaçá,36127
BA,29,2910008,Dário Meira,11054
BA,29,2910057,Dias d'Ávila,75296
BA,29,2910107,Dom Basílio,12329
BA,29,2910206,Dom Macedo Costa,4608
BA,29,2910305,Elísio Medrado,8069
BA,29,2910404,Encruzilhada,19450
BA,29,2910503,Entre Rios,39890
BA,29,2900504,Érico Cardoso,10947
BA,29,2910602,Esplanada,34163
BA,29,2910701,Euclides da Cunha,64768
BA,29,2910727,Eunápolis,121067
BA,29,2910750,Fátima,18480
BA,29,2910776,Feira da Mata,5831
BA,29,2910800,Feira de Santana,660806
BA,29,2910859,Filadélfia,18637
BA,29,2910909,Firmino Alves,4993
BA,29,2911006,Floresta Azul,11455
BA,29,2911105,Formosa do Rio Preto,27567
BA,29,2911204,Gandu,34051
BA,29,2911253,Gavião,4489
BA,29,2911303,Gentio do Ouro,11276
BA,29,2911402,Glória,16107
BA,29,2911501,Gongogi,5479
BA,29,2911600,Governador Mangabeira,21353
BA,29,2911659,Guajeru,8177
BA,29,2911709,Guanambi,93488
BA,29,2911808,Guaratinga,19413
BA,29,2911857,Heliópolis,13055
BA,29,2911907,Iaçu,25315
BA,29,2912004,Ibiassucê,10746
BA,29,2912103,Ibicaraí,22131
BA,29,2912202,Ibicoara,21827
BA,29,2912301,Ibicuí,14264
BA,29,2912400,Ibipeba,17134
BA,29,2912509,Ibipitanga,14317
BA,29,2912608,Ibiquera,3833
BA,29,2912707,Ibirapitanga,26917
BA,29,2912806,Ibirapuã,9297
BA,29,2912905,Ibirataia,19377
BA,29,2913002,Ibitiara,15049
BA,29,2913101,Ibititá,17517
BA,29,2913200,Ibotirama,27723
BA,29,2913309,Ichu,6428
BA,29,2913408,Igaporã,16069
BA,29,2913457,Igrapiúna,13501
BA,29,2913507,Iguaí,21763
BA,29,2913606,Ilhéus,189149
BA,29,2913705,Inhambupe,35390
BA,29,2913804,Ipecaetá,14016
BA,29,2913903,Ipiaú,42429
BA,29,2914000,Ipirá,59222
BA,29,2914109,Ipupiara,10349
BA,29,2914208,Irajuba,6232
BA,29,2914307,Iramaia,11038
BA,29,2914406,Iraquara,24833
BA,29,2914505,Irará,29572
BA,29,2914604,Irecê,78781
BA,29,2914653,Itabela,29588
BA,29,2914703,Itaberaba,68425
BA,29,2914802,Itabuna,196344
BA,29,2914901,Itacaré,29496
BA,29,2915007,Itaeté,13775
BA,29,2915106,Itagi,14347
BA,29,2915205,Itagibá,15796
BA,29,2915304,Itagimirim,6490
BA,29,2915353,Itaguaçu da Bahia,12669
BA,29,2915403,Itaju do Colônia,6118
BA,29,2915502,Itajuípe,19191
BA,29,2915601,Itamaraju,61999
BA,29,2915700,Itamari,7187
BA,29,2915809,Itambé,25088
BA,29,2915908,Itanagra,6078
BA,29,2916005,Itanhém,18203
BA,29,2916104,Itaparica,20353
BA,29,2916203,Itapé,10649
BA,29,2916302,Itapebi,9464
BA,29,2916401,Itapetinga,68724
BA,29,2916500,Itapicuru,33284
BA,29,2916609,Itapitanga,10640
BA,29,2916708,Itaquara,8464
BA,29,2916807,Itarantim,17485
BA,29,2916856,Itatim,16454
BA,29,2916906,Itiruçu,11211
BA,29,2917003,Itiúba,35490
BA,29,2917102,Itororó,16849
BA,29,2917201,Ituaçu,18506
BA,29,2917300,Ituberá,22154
BA,29,2917334,Iuiu,11559
BA,29,2917359,Jaborandi,9600
BA,29,2917409,Jacaraci,14910
BA,29,2917508,Jacobina,86896
BA,29,2917607,Jaguaquara,47624
BA,29,2917706,Jaguarari,34528
BA,29,2917805,Jaguaripe,18349
BA,29,2917904,Jandaíra,9508
BA,29,2918001,Jequié,169201
BA,29,2918100,Jeremoabo,39539
BA,29,2918209,Jiquiriçá,14063
BA,29,2918308,Jitaúna,14824
BA,29,2918357,João Dourado,25892
BA,29,2918407,Juazeiro,256122
BA,29,2918456,Jucuruçu,9930
BA,29,2918506,Jussara,17007
BA,29,2918555,Jussari,6048
BA,29,2918605,Jussiape,7567
BA,29,2918704,Lafaiete Coutinho,4228
BA,29,2918753,Lagoa Real,14550
BA,29,2918803,Laje,21705
BA,29,2918902,Lajedão,3994
BA,29,2919009,Lajedinho,3610
BA,29,2919058,Lajedo do Tabocal,7683
BA,29,2919108,Lamarão,9303
BA,29,2919157,Lapão,27014
BA,29,2919207,Lauro de Freitas,219564
BA,29,2919306,Lençóis,11194
BA,29,2919405,Licínio de Almeida,12202
BA,29,2919504,Livramento de Nossa Senhora,46376
BA,29,2919553,Luís Eduardo Magalhães,118382
BA,29,2919603,Macajuba,10740
BA,29,2919702,Macarani,22768
BA,29,2919801,Macaúbas,43653
BA,29,2919900,Macururé,7435
BA,29,2919926,Madre de Deus,19224
BA,29,2919959,Maetinga,7218
BA,29,2920007,Maiquinique,9009
BA,29,2920106,Mairi,18130
BA,29,2920205,Malhada,15814
BA,29,2920304,Malhada de Pedras,8982
BA,29,2920403,Manoel Vitorino,14287
BA,29,2920452,Mansidão,14542
BA,29,2920502,Maracás,29330
BA,29,2920601,Maragogipe,37041
BA,29,2920700,Maraú,25804
BA,29,2920809,Marcionílio Souza,9475
BA,29,2920908,Mascote,13918
BA,29,2921005,Mata de São João,44962
BA,29,2921054,Matina,10611
BA,29,2921104,Medeiros Neto,22801
BA,29,2921203,Miguel Calmon,25263
BA,29,2921302,Milagres,11436
BA,29,2921401,Mirangaba,16167
BA,29,2921450,Mirante,10526
BA,29,2921500,Monte Santo,49807
BA,29,2921609,Morpará,8220
BA,29,2921708,Morro do Chapéu,35235
BA,29,2921807,Mortugaba,11477
BA,29,2921906,Mucugê,12712
BA,29,2922003,Mucuri,40114
BA,29,2922052,Mulungu do Morro,13648
BA,29,2922102,Mundo Novo,17197
BA,29,2922201,Muniz Ferreira,7453
BA,29,2922250,Muquém do São Francisco,10803
BA,29,2922300,Muritiba,30180
BA,29,2922409,Mutuípe,20590
BA,29,2922508,Nazaré,28427
BA,29,2922607,Nilo Peçanha,12399
BA,29,2922656,Nordestina,19711
BA,29,2922706,Nova Canaã,13970
BA,29,2922730,Nova Fátima,8283
BA,29,2922755,Nova Ibiá,6696
BA,29,2922805,Nova Itarana,8073
BA,29,2922854,Nova Redenção,7670
BA,29,2922904,Nova Soure,24865
BA,29,2923001,Nova Viçosa,41629
BA,29,2923035,Novo Horizonte,11586
BA,29,2923050,Novo Triunfo,11060
BA,29,2923100,Olindina,22956
BA,29,2923209,Oliveira dos Brejinhos,21323
BA,29,2923308,Ouriçangas,7925
BA,29,2923357,Ourolândia,20141
BA,29,2923407,Palmas de Monte Alto,20666
BA,29,2923506,Palmeiras,10894
BA,29,2923605,Paramirim,21025
BA,29,2923704,Paratinga,30680
BA,29,2923803,Paripiranga,27860
BA,29,2923902,Pau Brasil,9537
BA,29,2924009,Paulo Afonso,119418
BA,29,2924058,Pé de Serra,13677
BA,29,2924108,Pedrão,6403
BA,29,2924207,Pedro Alexandre,14226
BA,29,2924306,Piatã,20938
BA,29,2924405,Pilão Arcado,37388
BA,29,2924504,Pindaí,15125
BA,29,2924603,Pindobaçu,19601
BA,29,2924652,Pintadas,10654
BA,29,2924678,Piraí do Norte,11481
BA,29,2924702,Piripá,9143
BA,29,2924801,Piritiba,17697
BA,29,2924900,Planaltino,8239
BA,29,2925006,Planalto,24026
BA,29,2925105,Poções,50773
BA,29,2925204,Pojuca,33573
BA,29,2925253,Ponto Novo,18763
BA,29,2925303,Porto Seguro,182630
BA,29,2925402,Potiraguá,10651
BA,29,2925501,Prado,37533
BA,29,2925600,Presidente Dutra,15677
BA,29,2925709,Presidente Jânio Quadros,12963
BA,29,2925758,Presidente Tancredo Neves,29489
BA,29,2925808,Queimadas,27429
BA,29,2925907,Quijingue,26443
BA,29,2925931,Quixabeira,9839
BA,29,2925956,Rafael Jambeiro,20081
BA,29,2926004,Remanso,42855
BA,29,2926103,Retirolândia,14174
BA,29,2926202,Riachão das Neves,22329
BA,29,2926301,Riachão do Jacuípe,35188
BA,29,2926400,Riacho de Santana,32060
BA,29,2926509,Ribeira do Amparo,14528
BA,29,2926608,Ribeira do Pombal,56316
BA,29,2926657,Ribeirão do Largo,10029
BA,29,2926707,Rio de Contas,13634
BA,29,2926806,Rio do Antônio,13495
BA,29,2926905,Rio do Pires,10781
BA,29,2927002,Rio Real,36966
BA,29,2927101,Rodelas,10884
BA,29,2927200,Ruy Barbosa,29590
BA,29,2927309,Salinas da Margarida,15629
BA,29,2927408,Salvador,2564204
BA,29,2927507,Santa Bárbara,21787
BA,29,2927606,Santa Brígida,15417
BA,29,2927705,Santa Cruz Cabrália,31007
BA,29,2927804,Santa Cruz da Vitória,4663
BA,29,2927903,Santa Inês,10625
BA,29,2928059,Santa Luzia,14392
BA,29,2928109,Santa Maria da Vitória,40474
BA,29,2928406,Santa Rita de Cássia,28890
BA,29,2928505,Santa Terezinha,10882
BA,29,2928000,Santaluz,40066
BA,29,2928208,Santana,25521
BA,29,2928307,Santanópolis,9035
BA,29,2928604,Santo Amaro,58398
BA,29,2928703,Santo Antônio de Jesus,109791
BA,29,2928802,Santo Estêvão,55146
BA,29,2928901,São Desidério,34982
BA,29,2928950,São Domingos,8690
BA,29,2929107,São Felipe,20923
BA,29,2929008,São Félix,11102
BA,29,2929057,São Félix do Coribe,15780
BA,29,2929206,São Francisco do Conde,41110
BA,29,2929255,São Gabriel,19229
BA,29,2929305,São Gonçalo dos Campos,42171
BA,29,2929354,São José da Vitória,5432
BA,29,2929370,São José do Jacuípe,10576
BA,29,2929404,São Miguel das Matas,10615
BA,29,2929503,São Sebastião do Passé,42944
BA,29,2929602,Sapeaçu,18656
BA,29,2929701,Sátiro Dias,16476
BA,29,2929750,Saubara,11859
BA,29,2929800,Saúde,10661
BA,29,2929909,Seabra,48721
BA,29,2930006,Sebastião Laranjeiras,9581
BA,29,2930105,Senhor do Bonfim,78090
BA,29,2930204,Sento Sé,40232
BA,29,2930154,Serra do Ramalho,36252
BA,29,2930303,Serra Dourada,17574
BA,29,2930402,Serra Preta,18754
BA,29,2930501,Serrinha,84690
BA,29,2930600,Serrolândia,13863
BA,29,2930709,Simões Filho,120419
BA,29,2930758,Sítio do Mato,13982
BA,29,2930766,Sítio do Quinto,14435
BA,29,2930774,Sobradinho,27097
BA,29,2930808,Souto Soares,17724
BA,29,2930907,Tabocas do Brejo Velho,12368
BA,29,2931004,Tanhaçu,21787
BA,29,2931053,Tanque Novo,17812
BA,29,2931103,Tanquinho,7991
BA,29,2931202,Taperoá,18556
BA,29,2931301,Tapiramutá,16226
BA,29,2931350,Teixeira de Freitas,153738
BA,29,2931400,Teodoro Sampaio,7280
BA,29,2931509,Teofilândia,21825
BA,29,2931608,Teolândia,15978
BA,29,2931707,Terra Nova,10976
BA,29,2931806,Tremedal,16646
BA,29,2931905,Tucano,51016
BA,29,2932002,Uauá,25449
BA,29,2932101,Ubaíra,19142
BA,29,2932200,Ubaitaba,17878
BA,29,2932309,Ubatã,15839
BA,29,2932408,Uibaí,13886
BA,29,2932457,Umburanas,13785
BA,29,2932507,Una,18254
BA,29,2932606,Urandi,15776
BA,29,2932705,Uruçuca,22155
BA,29,2932804,Utinga,16645
BA,29,2932903,Valença,90053
BA,29,2933000,Valente,25132
BA,29,2933059,Várzea da Roça,14294
BA,29,2933109,Várzea do Poço,8334
BA,29,2933158,Várzea Nova,13866
BA,29,2933174,Varzedo,10328
BA,29,2933208,Vera Cruz,45191
BA,29,2933257,Vereda,6157
BA,29,2933307,Vitória da Conquista,396613
BA,29,2933406,Wagner,9866
BA,29,2933455,Wanderley,13460
BA,29,2933505,Wenceslau Guimarães,25535
BA,29,2933604,Xique-Xique,47019
CE,23,2300101,Abaiara,10269
CE,23,2300150,Acarape,14340
CE,23,2300200,Acaraú,69317
CE,23,2300309,Acopiara,45937
CE,23,2300408,Aiuaba,14115
CE,23,2300507,Alcântaras,11795
CE,23,2300606,Altaneira,6974
CE,23,2300705,Alto Santo,14372
CE,23,2300754,Amontada,44584
CE,23,2300804,Antonina do Norte,7507
CE,23,2300903,Apuiarés,13193
CE,23,2301000,Aquiraz,85316
CE,23,2301109,Aracati,79205
CE,23,2301208,Aracoiaba,26752
CE,23,2301257,Ararendá,11532
CE,23,2301307,Araripe,20194
CE,23,2301406,Aratuba,11427
CE,23,2301505,Arneiroz,7615
CE,23,2301604,Assaré,22195
CE,23,2301703,Aurora,24244
CE,23,2301802,Baixio,5821
CE,23,2301851,Banabuiú,17667
CE,23,2301901,Barbalha,81441
CE,23,2301950,Barreira,23474
CE,23,2302008,Barro,19569
CE,23,2302057,Barroquinha,14998
CE,23,2302107,Baturité,37147
CE,23,2302206,Beberibe,55977
CE,23,2302305,Bela Cruz,34613
CE,23,2302404,Boa Viagem,52133
CE,23,2302503,Brejo Santo,54192
CE,23,2302602,Camocim,65251
CE,23,2302701,Campos Sales,26049
CE,23,2302800,Canindé,77376
CE,23,2302909,Capistrano,17795
CE,23,2303006,Caridade,16234
CE,23,2303105,Cariré,18074
CE,23,2303204,Caririaçu,27532
CE,23,2303303,Cariús,17277
CE,23,2303402,Carnaubal,17815
CE,23,2303501,Cascavel,76866
CE,23,2303600,Catarina,9110
CE,23,2303659,Catunda,10864
CE,23,2303709,Caucaia,378406
CE,23,2303808,Cedro,22564
CE,23,2303907,Chaval,12811
CE,23,2303931,Choró,12352
CE,23,2303956,Chorozinho,20808
CE,23,2304004,Coreaú,21417
CE,23,2304103,Crateús,80130
CE,23,2304202,Crato,139027
CE,23,2304236,Croatá,18050
CE,23,2304251,Cruz,32288
CE,23,2304269,Deputado Irapuan Pinheiro,9173
CE,23,2304277,Ereré,6381
CE,23,2304285,Eusébio,82016
CE,23,2304301,Farias Brito,18498
CE,23,2304350,Forquilha,25298
CE,23,2304400,Fortaleza,2578483
CE,23,2304459,Fortim,18213
CE,23,2304509,Frecheirinha,16516
CE,23,2304608,General Sampaio,6929
CE,23,2304657,Graça,14176
CE,23,2304707,Granja,55809
CE,23,2304806,Granjeiro,4955
CE,23,2304905,Groaíras,11369
CE,23,2304954,Guaiúba,25158
CE,23,2305001,Guaraciaba do Norte,44565
CE,23,2305100,Guaramiranga,5826
CE,23,2305209,Hidrolândia,18186
CE,23,2305233,Horizonte,81161
CE,23,2305266,Ibaretama,12149
CE,23,2305308,Ibiapina,24689
CE,23,2305332,Ibicuitinga,12008
CE,23,2305357,Icapuí,22562
CE,23,2305407,Icó,64745
CE,23,2305506,Iguatu,102588
CE,23,2305605,Independência,24463
CE,23,2305654,Ipaporanga,11963
CE,23,2305704,Ipaumirim,12459
CE,23,2305803,Ipu,43084
CE,23,2305902,Ipueiras,38287
CE,23,2306009,Iracema,14440
CE,23,2306108,Irauçuba,24867
CE,23,2306207,Itaiçaba,7801
CE,23,2306256,Itaitinga,72512
CE,23,2306306,Itapajé,49073
CE,23,2306405,Itapipoca,138978
CE,23,2306504,Itapiúna,18197
CE,23,2306553,Itarema,45852
CE,23,2306603,Itatira,21160
CE,23,2306702,Jaguaretama,17604
CE,23,2306801,Jaguaribara,10668
CE,23,2306900,Jaguaribe,35143
CE,23,2307007,Jaguaruana,33115
CE,23,2307106,Jardim,28801
CE,23,2307205,Jati,8114
CE,23,2307254,Jijoca de Jericoacoara,28198
CE,23,2307304,Juazeiro do Norte,305531
CE,23,2307403,Jucás,24624
CE,23,2307502,Lavras da Mangabeira,32163
CE,23,2307601,Limoeiro do Norte,62623
CE,23,2307635,Madalena,17235
CE,23,2307650,Maracanaú,251613
CE,23,2307700,Maranguape,108622
CE,23,2307809,Marco,27177
CE,23,2307908,Martinópole,11280
CE,23,2308005,Massapê,39840
CE,23,2308104,Mauriti,47501
CE,23,2308203,Meruoca,15853
CE,23,2308302,Milagres,26819
CE,23,2308351,Milhã,14713
CE,23,2308377,Miraíma,14826
CE,23,2308401,Missão Velha,38997
CE,23,2308500,Mombaça,38451
CE,23,2308609,Monsenhor Tabosa,17705
CE,23,2308708,Morada Nova,65390
CE,23,2308807,Moraújo,8537
CE,23,2308906,Morrinhos,23747
CE,23,2309003,Mucambo,13999
CE,23,2309102,Mulungu,11064
CE,23,2309201,Nova Olinda,16045
CE,23,2309300,Nova Russas,32053
CE,23,2309409,Novo Oriente,29097
CE,23,2309458,Ocara,25272
CE,23,2309508,Orós,19943
CE,23,2309607,Pacajus,75454
CE,23,2309706,Pacatuba,86564
CE,23,2309805,Pacoti,11421
CE,23,2309904,Pacujá,6348
CE,23,2310001,Palhano,9709
CE,23,2310100,Palmácia,10252
CE,23,2310209,Paracuru,41894
CE,23,2310258,Paraipaba,34086
CE,23,2310308,Parambu,32867
CE,23,2310407,Paramoti,10462
CE,23,2310506,Pedra Branca,42227
CE,23,2310605,Penaforte,9357
CE,23,2310704,Pentecoste,39903
CE,23,2310803,Pereiro,15858
CE,23,2310852,Pindoretama,24919
CE,23,2310902,Piquet Carneiro,17285
CE,23,2310951,Pires Ferreira,10984
CE,23,2311009,Poranga,12441
CE,23,2311108,Porteiras,17877
CE,23,2311207,Potengi,8854
CE,23,2311231,Potiretama,6128
CE,23,2311264,Quiterianópolis,20545
CE,23,2311306,Quixadá,88846
CE,23,2311355,Quixelô,16998
CE,23,2311405,Quixeramobim,86431
CE,23,2311504,Quixeré,21659
CE,23,2311603,Redenção,28382
CE,23,2311702,Reriutaba,19051
CE,23,2311801,Russas,74834
CE,23,2311900,Saboeiro,13943
CE,23,2311959,Salitre,17303
CE,23,2312205,Santa Quitéria,41569
CE,23,2312007,Santana do Acaraú,32133
CE,23,2312106,Santana do Cariri,17391
CE,23,2312304,São Benedito,50058
CE,23,2312403,São Gonçalo do Amarante,58191
CE,23,2312502,São João do Jaguaribe,5683
CE,23,2312601,São Luís do Curu,10888
CE,23,2312700,Senador Pompeu,25108
CE,23,2312809,Senador Sá,7551
CE,23,2312908,Sobral,216519
CE,23,2313005,Solonópole,18785
CE,23,2313104,Tabuleiro do Norte,32122
CE,23,2313203,Tamboril,25287
CE,23,2313252,Tarrafas,7574
CE,23,2313302,Tauá,64655
CE,23,2313351,Tejuçuoca,17646
CE,23,2313401,Tianguá,86968
CE,23,2313500,Trairi,62004
CE,23,2313559,Tururu,15524
CE,23,2313609,Ubajara,34424
CE,23,2313708,Umari,6963
CE,23,2313757,Umirim,17751
CE,23,2313807,Uruburetama,21331
CE,23,2313906,Uruoca,14308
CE,23,2313955,Varjota,18708
CE,23,2314003,Várzea Alegre,40878
CE,23,2314102,Viçosa do Ceará,62972
DF,53,5300108,Brasília,2996899
ES,32,3200102,Afonso Cláudio,32456
ES,32,3200169,Água Doce do Norte,12585
ES,32,3200136,Águia Branca,10143
ES,32,3200201,Alegre,30702
ES,32,3200300,Alfredo Chaves,14376
ES,32,3200359,Alto Rio Novo,7760
ES,32,3200409,Anchieta,33017
ES,32,3200508,Apiacá,7462
ES,32,3200607,Aracruz,103363
ES,32,3200706,Atílio Vivácqua,11046
ES,32,3200805,Baixo Guandu,32829
ES,32,3200904,Barra de São Francisco,45415
ES,32,3201001,Boa Esperança,14054
ES,32,3201100,Bom Jesus do Norte,10820
ES,32,3201159,Brejetuba,13718
ES,32,3201209,Cachoeiro de Itapemirim,198342
ES,32,3201308,Cariacica,376200
ES,32,3201407,Castelo,39575
ES,32,3201506,Colatina,129301
ES,32,3201605,Conceição da Barra,28923
ES,32,3201704,Conceição do Castelo,12472
ES,32,3201803,Divino de São Lourenço,5397
ES,32,3201902,Domingos Martins,38236
ES,32,3202009,Dores do Rio Preto,6902
ES,32,3202108,Ecoporanga,22611
ES,32,3202207,Fundão,18898
ES,32,3202256,Governador Lindenberg,11484
ES,32,3202306,Guaçuí,31418
ES,32,3202405,Guarapari,136311
ES,32,3202454,Ibatiba,27543
ES,32,3202504,Ibiraçu,12304
ES,32,3202553,Ibitirama,10015
ES,32,3202603,Iconha,12790
ES,32,3202652,Irupi,14647
ES,32,3202702,Itaguaçu,14042
ES,32,3202801,Itapemirim,44020
ES,32,3202900,Itarana,10975
ES,32,3203007,Iúna,30556
ES,32,3203056,Jaguaré,31551
ES,32,3203106,Jerônimo Monteiro,12108
ES,32,3203130,João Neiva,14295
ES,32,3203163,Laranja da Terra,11597
ES,32,3203205,Linhares,183797
ES,32,3203304,Mantenópolis,13131
ES,32,3203320,Marataízes,45953
ES,32,3203346,Marechal Floriano,18964
ES,32,3203353,Marilândia,13087
ES,32,3203403,Mimoso do Sul,25088
ES,32,3203502,Montanha,19830
ES,32,3203601,Mucurici,5653
ES,32,3203700,Muniz Freire,18809
ES,32,3203809,Muqui,14185
ES,32,3203908,Nova Venécia,52324
ES,32,3204005,Pancas,19120
ES,32,3204054,Pedro Canário,21923
ES,32,3204104,Pinheiros,24843
ES,32,3204203,Piúma,23912
ES,32,3204252,Ponto Belo,6671
ES,32,3204302,Presidente Kennedy,14852
ES,32,3204351,Rio Bananal,20350
ES,32,3204401,Rio Novo do Sul,11471
ES,32,3204500,Santa Leopoldina,13813
ES,32,3204559,Santa Maria de Jetibá,45575
ES,32,3204609,Santa Teresa,23872
ES,32,3204658,São Domingos do Norte,9051
ES,32,3204708,São Gabriel da Palha,34272
ES,32,3204807,São José do Calçado,11411
ES,32,3204906,São Mateus,134423
ES,32,3204955,São Roque do Canaã,11256
ES,32,3205002,Serra,579720
ES,32,3205010,Sooretama,28668
ES,32,3205036,Vargem Alta,20390
ES,32,3205069,Venda Nova do Imigrante,25395
ES,32,3205101,Viana,79043
ES,32,3205150,Vila Pavão,9319
ES,32,3205176,Vila Valério,14267
ES,32,3205200,Vila Velha,506779
ES,32,3205309,Vitória,343378
GO,52,5200050,Abadia de Goiás,22052
GO,52,5200100,Abadiânia,17738
GO,52,5200134,Acreúna,22079
GO,52,5200159,Adelândia,2282
GO,52,5200175,Água Fria de Goiás,4979
GO,52,5200209,Água Limpa,1843
GO,52,5200258,Águas Lindas de Goiás,245352
GO,52,5200308,Alexânia,28244
GO,52,5200506,Aloândia,1977
GO,52,5200555,Alto Horizonte,6487
GO,52,5200605,Alto Paraíso de Goiás,11182
GO,52,5200803,Alvorada do Norte,8619
GO,52,5200829,Amaralina,3267
GO,52,5200852,Americano do Brasil,5260
GO,52,5200902,Amorinópolis,2906
GO,52,5201108,Anápolis,420300
GO,52,5201207,Anhanguera,913
GO,52,5201306,Anicuns,18306
GO,52,5201405,Aparecida de Goiânia,556021
GO,52,5201454,Aparecida do Rio Doce,3045
GO,52,5201504,Aporé,4488
GO,52,5201603,Araçu,3840
GO,52,5201702,Aragarças,18601
GO,52,5201801,Aragoiânia,12806
GO,52,5202155,Araguapaz,7152
GO,52,5202353,Arenópolis,2904
GO,52,5202502,Aruanã,8570
GO,52,5202601,Aurilândia,3237
GO,52,5202809,Avelinópolis,2993
GO,52,5203104,Baliza,3306
GO,52,5203203,Barro Alto,10853
GO,52,5203302,Bela Vista de Goiás,37305
GO,52,5203401,Bom Jardim de Goiás,7775
GO,52,5203500,Bom Jesus de Goiás,24925
GO,52,5203559,Bonfinópolis,11025
GO,52,5203575,Bonópolis,3289
GO,52,5203609,Brazabrantes,4201
GO,52,5203807,Britânia,5798
GO,52,5203906,Buriti Alegre,10930
GO,52,5203939,Buriti de Goiás,2800
GO,52,5203962,Buritinópolis,3140
GO,52,5204003,Cabeceiras,7689
GO,52,5204102,Cachoeira Alta,11854
GO,52,5204201,Cachoeira de Goiás,1417
GO,52,5204250,Cachoeira Dourada,7762
GO,52,5204300,Caçu,14034
GO,52,5204409,Caiapônia,16628
GO,52,5204508,Caldas Novas,106820
GO,52,5204557,Caldazinha,4819
GO,52,5204607,Campestre de Goiás,3879
GO,52,5204656,Campinaçu,3760
GO,52,5204706,Campinorte,12983
GO,52,5204805,Campo Alegre de Goiás,7807
GO,52,5204854,Campo Limpo de Goiás,8579
GO,52,5204904,Campos Belos,18227
GO,52,5204953,Campos Verdes,3822
GO,52,5205000,Carmo do Rio Verde,9988
GO,52,5205059,Castelândia,2871
GO,52,5205109,Catalão,122760
GO,52,5205208,Caturaí,5352
GO,52,5205307,Cavalcante,9730
GO,52,5205406,Ceres,22570
GO,52,5205455,Cezarina,8301
GO,52,5205471,Chapadão do Céu,14321
GO,52,5205497,Cidade Ocidental,101570
GO,52,5205513,Cocalzinho de Goiás,27196
GO,52,5205521,Colinas do Sul,4188
GO,52,5205703,Córrego do Ouro,2441
GO,52,5205802,Corumbá de Goiás,10724
GO,52,5205901,Corumbaíba,9484
GO,52,5206206,Cristalina,66827
GO,52,5206305,Cristianópolis,3670
GO,52,5206404,Crixás,17532
GO,52,5206503,Cromínia,3999
GO,52,5206602,Cumari,2951
GO,52,5206701,Damianópolis,3917
GO,52,5206800,Damolândia,2753
GO,52,5206909,Davinópolis,1889
GO,52,5207105,Diorama,1991
GO,52,5208301,Divinópolis de Goiás,4405
GO,52,5207253,Doverlândia,6823
GO,52,5207352,Edealina,4104
GO,52,5207402,Edéia,11982
GO,52,5207501,Estrela do Norte,3214
GO,52,5207535,Faina,7167
GO,52,5207600,Fazenda Nova,5842
GO,52,5207808,Firminópolis,10274
GO,52,5207907,Flores de Goiás,14273
GO,52,5208004,Formosa,121559
GO,52,5208103,Formoso,4662
GO,52,5208152,Gameleira de Goiás,3563
GO,52,5208400,Goianápolis,14758
GO,52,5208509,Goiandira,4962
GO,52,5208608,Goianésia,78009
GO,52,5208707,Goiânia,1503256
GO,52,5208806,Goianira,81495
GO,52,5208905,Goiás,24172
GO,52,5209101,Goiatuba,36984
GO,52,5209150,Gouvelândia,4313
GO,52,5209200,Guapó,20985
GO,52,5209291,Guaraíta,2170
GO,52,5209408,Guarani de Goiás,4091
GO,52,5209457,Guarinos,2154
GO,52,5209606,Heitoraí,3342
GO,52,5209705,Hidrolândia,30587
GO,52,5209804,Hidrolina,3477
GO,52,5209903,Iaciara,10289
GO,52,5209937,Inaciolândia,6076
GO,52,5209952,Indiara,17985
GO,52,5210000,Inhumas,53884
GO,52,5210109,Ipameri,26223
GO,52,5210158,Ipiranga de Goiás,2968
GO,52,5210208,Iporá,37283
GO,52,5210307,Israelândia,2515
GO,52,5210406,Itaberaí,47603
GO,52,5210562,Itaguari,5120
GO,52,5210604,Itaguaru,4837
GO,52,5210802,Itajá,4276
GO,52,5210901,Itapaci,21891
GO,52,5211008,Itapirapuã,8133
GO,52,5211206,Itapuranga,26553
GO,52,5211305,Itarumã,6124
GO,52,5211404,Itauçu,7636
GO,52,5211503,Itumbiara,113322
GO,52,5211602,Ivolândia,2731
GO,52,5211701,Jandaia,6365
GO,52,5211800,Jaraguá,46633
GO,52,5211909,Jataí,111634
GO,52,5212006,Jaupaci,2939
GO,52,5212055,Jesúpolis,2112
GO,52,5212105,Joviânia,7247
GO,52,5212204,Jussara,19926
GO,52,5212253,Lagoa Santa,1435
GO,52,5212303,Leopoldo de Bulhões,9123
GO,52,5212501,Luziânia,221262
GO,52,5212600,Mairipotaba,2631
GO,52,5212709,Mambaí,8493
GO,52,5212808,Mara Rosa,10806
GO,52,5212907,Marzagão,2942
GO,52,5212956,Matrinchã,4004
GO,52,5213004,Maurilândia,10145
GO,52,5213053,Mimoso de Goiás,2626
GO,52,5213087,Minaçu,26616
GO,52,5213103,Mineiros,74999
GO,52,5213400,Moiporá,1687
GO,52,5213509,Monte Alegre de Goiás,6534
GO,52,5213707,Montes Claros de Goiás,9024
GO,52,5213756,Montividiu,13094
GO,52,5213772,Montividiu do Norte,3743
GO,52,5213806,Morrinhos,54326
GO,52,5213855,Morro Agudo de Goiás,2505
GO,52,5213905,Mossâmedes,4626
GO,52,5214002,Mozarlândia,15199
GO,52,5214051,Mundo Novo,6202
GO,52,5214101,Mutunópolis,3540
GO,52,5214408,Nazário,8349
GO,52,5214507,Nerópolis,34273
GO,52,5214606,Niquelândia,33890
GO,52,5214705,Nova América,2380
GO,52,5214804,Nova Aurora,2132
GO,52,5214838,Nova Crixás,13153
GO,52,5214861,Nova Glória,8356
GO,52,5214879,Nova Iguaçu de Goiás,3084
GO,52,5214903,Nova Roma,3022
GO,52,5215009,Nova Veneza,9883
GO,52,5215207,Novo Brasil,3567
GO,52,5215231,Novo Gama,107663
GO,52,5215256,Novo Planalto,3703
GO,52,5215306,Orizona,17035
GO,52,5215405,Ouro Verde de Goiás,4109
GO,52,5215504,Ouvidor,7665
GO,52,5215603,Padre Bernardo,37207
GO,52,5215652,Palestina de Goiás,3113
GO,52,5215702,Palmeiras de Goiás,34375
GO,52,5215801,Palmelo,2266
GO,52,5215900,Palminópolis,3959
GO,52,5216007,Panamá,2432
GO,52,5216304,Paranaiguara,7356
GO,52,5216403,Paraúna,10727
GO,52,5216452,Perolândia,2999
GO,52,5216809,Petrolina de Goiás,9519
GO,52,5216908,Pilar de Goiás,2254
GO,52,5217104,Piracanjuba,25373
GO,52,5217203,Piranhas,11940
GO,52,5217302,Pirenópolis,28028
GO,52,5217401,Pires do Rio,33736
GO,52,5217609,Planaltina,112304
GO,52,5217708,Pontalina,18763
GO,52,5218003,Porangatu,45512
GO,52,5218052,Porteirão,4276
GO,52,5218102,Portelândia,3191
GO,52,5218300,Posse,36291
GO,52,5218391,Professor Jamil,3750
GO,52,5218508,Quirinópolis,50329
GO,52,5218607,Rialma,12665
GO,52,5218706,Rianápolis,3893
GO,52,5218789,Rio Quente,4033
GO,52,5218805,Rio Verde,241494
GO,52,5218904,Rubiataba,20186
GO,52,5219001,Sanclerlândia,8085
GO,52,5219100,Santa Bárbara de Goiás,6306
GO,52,5219209,Santa Cruz de Goiás,3004
GO,52,5219258,Santa Fé de Goiás,5047
GO,52,5219308,Santa Helena de Goiás,39601
GO,52,5219357,Santa Isabel,3543
GO,52,5219407,Santa Rita do Araguaia,5765
GO,52,5219456,Santa Rita do Novo Destino,2611
GO,52,5219506,Santa Rosa de Goiás,2828
GO,52,5219605,Santa Tereza de Goiás,3172
GO,52,5219704,Santa Terezinha de Goiás,10837
GO,52,5219712,Santo Antônio da Barra,4279
GO,52,5219738,Santo Antônio de Goiás,8066
GO,52,5219753,Santo Antônio do Descoberto,75221
GO,52,5219803,São Domingos,9457
GO,52,5219902,São Francisco de Goiás,6507
GO,52,5220009,São João d'Aliança,15026
GO,52,5220058,São João da Paraúna,1812
GO,52,5220108,São Luís de Montes Belos,35288
GO,52,5220157,São Luiz do Norte,4939
GO,52,5220207,São Miguel do Araguaia,22040
GO,52,5220264,São Miguel do Passa Quatro,4671
GO,52,5220280,São Patrício,2200
GO,52,5220405,São Simão,17181
GO,52,5220454,Senador Canedo,175042
GO,52,5220504,Serranópolis,8237
GO,52,5220603,Silvânia,23150
GO,52,5220686,Simolândia,5634
GO,52,5220702,Sítio d'Abadia,2978
GO,52,5221007,Taquaral de Goiás,4180
GO,52,5221080,Teresina de Goiás,2660
GO,52,5221197,Terezópolis de Goiás,8340
GO,52,5221304,Três Ranchos,2976
GO,52,5221403,Trindade,153560
GO,52,5221452,Trombas,3080
GO,52,5221502,Turvânia,4449
GO,52,5221551,Turvelândia,5171
GO,52,5221577,Uirapuru,2798
GO,52,5221601,Uruaçu,44533
GO,52,5221700,Uruana,13857
GO,52,5221809,Urutaí,3700
GO,52,5221858,Valparaíso de Goiás,218416
GO,52,5221908,Varjão,3770
GO,52,5222005,Vianópolis,15644
GO,52,5222054,Vicentinópolis,9175
GO,52,5222203,Vila Boa,4145
GO,52,5222302,Vila Propício,6028
MA,21,2100055,Açailândia,110611
MA,21,2100105,Afonso Cunha,6303
MA,21,2100154,Água Doce do Maranhão,12461
MA,21,2100204,Alcântara,18721
MA,21,2100303,Aldeias Altas,23776
MA,21,2100402,Altamira do Maranhão,6549
MA,21,2100436,Alto Alegre do Maranhão,24528
MA,21,2100477,Alto Alegre do Pindaré,26321
MA,21,2100501,Alto Parnaíba,11392
MA,21,2100550,Amapá do Maranhão,7380
MA,21,2100600,Amarante do Maranhão,38335
MA,21,2100709,Anajatuba,26250
MA,21,2100808,Anapurus,14113
MA,21,2100832,Apicum-Açu,18033
MA,21,2100873,Araguanã,11297
MA,21,2100907,Araioses,40231
MA,21,2100956,Arame,26089
MA,21,2101004,Arari,30555
MA,21,2101103,Axixá,12091
MA,21,2101202,Bacabal,107755
MA,21,2101251,Bacabeira,17459
MA,21,2101301,Bacuri,16591
MA,21,2101350,Bacurituba,5375
MA,21,2101400,Balsas,105974
MA,21,2101509,Barão de Grajaú,19493
MA,21,2101608,Barra do Corda,87757
MA,21,2101707,Barreirinhas,68234
MA,21,2101772,Bela Vista do Maranhão,12104
MA,21,2101731,Belágua,8751
MA,21,2101806,Benedito Leite,5599
MA,21,2101905,Bequimão,19968
MA,21,2101939,Bernardo do Mearim,5989
MA,21,2101970,Boa Vista do Gurupi,7781
MA,21,2102002,Bom Jardim,33936
MA,21,2102036,Bom Jesus das Selvas,29606
MA,21,2102077,Bom Lugar,12371
MA,21,2102101,Brejo,35354
MA,21,2102150,Brejo de Areia,9363
MA,21,2102200,Buriti,30866
MA,21,2102309,Buriti Bravo,22938
MA,21,2102325,Buriticupu,56733
MA,21,2102358,Buritirana,13125
MA,21,2102374,Cachoeira Grande,10032
MA,21,2102408,Cajapió,10336
MA,21,2102507,Cajari,16680
MA,21,2102556,Campestre do Maranhão,12536
MA,21,2102606,Cândido Mendes,20440
MA,21,2102705,Cantanhede,25059
MA,21,2102754,Capinzal do Norte,11681
MA,21,2102804,Carolina,24619
MA,21,2102903,Carutapera,24906
MA,21,2103000,Caxias,163546
MA,21,2103109,Cedral,10446
MA,21,2103125,Central do Maranhão,7220
MA,21,2103158,Centro do Guilherme,12693
MA,21,2103174,Centro Novo do Maranhão,16477
MA,21,2103208,Chapadinha,84395
MA,21,2103257,Cidelândia,13141
MA,21,2103307,Codó,118283
MA,21,2103406,Coelho Neto,42841
MA,21,2103505,Colinas,41788
MA,21,2103554,Conceição do Lago-Açu,15278
MA,21,2103604,Coroatá,61337
MA,21,2103703,Cururupu,32602
MA,21,2103752,Davinópolis,14828
MA,21,2103802,Dom Pedro,23594
MA,21,2103901,Duque Bacelar,10443
MA,21,2104008,Esperantinópolis,18734
MA,21,2104057,Estreito,34321
MA,21,2104073,Feira Nova do Maranhão,8237
MA,21,2104081,Fernando Falcão,11219
MA,21,2104099,Formosa da Serra Negra,18150
MA,21,2104107,Fortaleza dos Nogueiras,12963
MA,21,2104206,Fortuna,17347
MA,21,2104305,Godofredo Viana,10424
MA,21,2104404,Gonçalves Dias,17580
MA,21,2104503,Governador Archer,10476
MA,21,2104552,Governador Edison Lobão,18963
MA,21,2104602,Governador Eugênio Barros,14264
MA,21,2104628,Governador Luiz Rocha,7216
MA,21,2104651,Governador Newton Bello,10993
MA,21,2104677,Governador Nunes Freire,23526
MA,21,2104701,Graça Aranha,6160
MA,21,2104800,Grajaú,76837
MA,21,2104909,Guimarães,10439
MA,21,2105005,Humberto de Campos,26550
MA,21,2105104,Icatu,25332
MA,21,2105153,Igarapé do Meio,14383
MA,21,2105203,Igarapé Grande,10461
MA,21,2105302,Imperatriz,285806
MA,21,2105351,Itaipava do Grajaú,14142
MA,21,2105401,Itapecuru Mirim,62264
MA,21,2105427,Itinga do Maranhão,22896
MA,21,2105450,Jatobá,7593
MA,21,2105476,Jenipapo dos Vieiras,17529
MA,21,2105500,João Lisboa,25311
MA,21,2105609,Joselândia,15227
MA,21,2105658,Junco do Maranhão,5282
MA,21,2105708,Lago da Pedra,45865
MA,21,2105807,Lago do Junco,9687
MA,21,2105948,Lago dos Rodrigues,8962
MA,21,2105906,Lago Verde,15069
MA,21,2105922,Lagoa do Mato,10806
MA,21,2105963,Lagoa Grande do Maranhão,11731
MA,21,2105989,Lajeado Novo,7232
MA,21,2106003,Lima Campos,11559
MA,21,2106102,Loreto,11884
MA,21,2106201,Luís Domingues,7366
MA,21,2106300,Magalhães de Almeida,13933
MA,21,2106326,Maracaçumé,21730
MA,21,2106359,Marajá do Sena,7153
MA,21,2106375,Maranhãozinho,14092
MA,21,2106409,Mata Roma,17581
MA,21,2106508,Matinha,22540
MA,21,2106607,Matões,33327
MA,21,2106631,Matões do Norte,18021
MA,21,2106672,Milagres do Maranhão,9065
MA,21,2106706,Mirador,21536
MA,21,2106755,Miranda do Norte,24373
MA,21,2106805,Mirinzal,14298
MA,21,2106904,Monção,28563
MA,21,2107001,Montes Altos,9306
MA,21,2107100,Morros,19015
MA,21,2107209,Nina Rodrigues,14589
MA,21,2107258,Nova Colinas,5148
MA,21,2107308,Nova Iorque,4409
MA,21,2107357,Nova Olinda do Maranhão,14379
MA,21,2107407,Olho d'Água das Cunhãs,18288
MA,21,2107456,Olinda Nova do Maranhão,13921
MA,21,2107506,Paço do Lumiar,153158
MA,21,2107605,Palmeirândia,21657
MA,21,2107704,Paraibano,18589
MA,21,2107803,Parnarama,32232
MA,21,2107902,Passagem Franca,17591
MA,21,2108009,Pastos Bons,19266
MA,21,2108058,Paulino Neves,17578
MA,21,2108108,Paulo Ramos,20798
MA,21,2108207,Pedreiras,38252
MA,21,2108256,Pedro do Rosário,24955
MA,21,2108306,Penalva,33496
MA,21,2108405,Peri Mirim,11229
MA,21,2108454,Peritoró,20903
MA,21,2108504,Pindaré-Mirim,32542
MA,21,2108603,Pinheiro,88091
MA,21,2108702,Pio XII,22374
MA,21,2108801,Pirapemas,18132
MA,21,2108900,Poção de Pedras,17394
MA,21,2109007,Porto Franco,24571
MA,21,2109056,Porto Rico do Maranhão,6092
MA,21,2109106,Presidente Dutra,46606
MA,21,2109205,Presidente Juscelino,11616
MA,21,2109239,Presidente Médici,4717
MA,21,2109270,Presidente Sarney,17925
MA,21,2109304,Presidente Vargas,10791
MA,21,2109403,Primeira Cruz,13920
MA,21,2109452,Raposa,32156
MA,21,2109502,Riachão,22740
MA,21,2109551,Ribamar Fiquene,7601
MA,21,2109601,Rosário,39761
MA,21,2109700,Sambaíba,6234
MA,21,2109759,Santa Filomena do Maranhão,6833
MA,21,2109809,Santa Helena,43200
MA,21,2109908,Santa Inês,88249
MA,21,2110005,Santa Luzia,58839
MA,21,2110039,Santa Luzia do Paruá,24890
MA,21,2110104,Santa Quitéria do Maranhão,24495
MA,21,2110203,Santa Rita,38542
MA,21,2110237,Santana do Maranhão,10759
MA,21,2110278,Santo Amaro do Maranhão,14287
MA,21,2110302,Santo Antônio dos Lopes,14628
MA,21,2110401,São Benedito do Rio Preto,18810
MA,21,2110500,São Bento,48166
MA,21,2110609,São Bernardo,27910
MA,21,2110658,São Domingos do Azeitão,8236
MA,21,2110708,São Domingos do Maranhão,35247
MA,21,2110807,São Félix de Balsas,4491
MA,21,2110856,São Francisco do Brejão,9202
MA,21,2110906,São Francisco do Maranhão,12360
MA,21,2111003,São João Batista,18889
MA,21,2111029,São João do Carú,12360
MA,21,2111052,São João do Paraíso,10091
MA,21,2111078,São João do Soter,17253
MA,21,2111102,São João dos Patos,25910
MA,21,2111201,São José de Ribamar,259164
MA,21,2111250,São José dos Basílios,7094
MA,21,2111300,São Luís,1089215
MA,21,2111409,São Luís Gonzaga do Maranhão,18123
MA,21,2111508,São Mateus do Maranhão,40177
MA,21,2111532,São Pedro da Água Branca,14786
MA,21,2111573,São Pedro dos Crentes,5993
MA,21,2111607,São Raimundo das Mangabeiras,19158
MA,21,2111631,São Raimundo do Doca Bezerra,5761
MA,21,2111672,São Roberto,4577
MA,21,2111706,São Vicente Ferrer,19865
MA,21,2111722,Satubinha,8821
MA,21,2111748,Senador Alexandre Costa,10447
MA,21,2111763,Senador La Rocque,15044
MA,21,2111789,Serrano do Maranhão,10475
MA,21,2111805,Sítio Novo,17464
MA,21,2111904,Sucupira do Norte,10471
MA,21,2111953,Sucupira do Riachão,5081
MA,21,2112001,Tasso Fragoso,9130
MA,21,2112100,Timbiras,27328
MA,21,2112209,Timon,182711
MA,21,2112233,Trizidela do Vale,23097
MA,21,2112274,Tufilândia,5633
MA,21,2112308,Tuntum,37364
MA,21,2112407,Turiaçu,38993
MA,21,2112456,Turilândia,33219
MA,21,2112506,Tutóia,55076
MA,21,2112605,Urbano Santos,34143
MA,21,2112704,Vargem Grande,44444
MA,21,2112803,Viana,53176
MA,21,2112852,Vila Nova dos Martírios,10561
MA,21,2112902,Vitória do Mearim,31859
MA,21,2113009,Vitorino Freire,31920
MA,21,2114007,Zé Doca,41815
MG,31,3100104,Abadia dos Dourados,6345
MG,31,3100203,Abaeté,23173
MG,31,3100302,Abre Campo,14354
MG,31,3100401,Acaiaca,3998
MG,31,3100500,Açucena,8926
MG,31,3100609,Água Boa,12391
MG,31,3100708,Água Comprida,2171
MG,31,3100807,Aguanil,4509
MG,31,3100906,Águas Formosas,18850
MG,31,3101003,Águas Vermelhas,14567
MG,31,3101102,Aimorés,26212
MG,31,3101201,Aiuruoca,6389
MG,31,3101300,Alagoa,2820
MG,31,3101409,Albertina,3027
MG,31,3101508,Além Paraíba,31159
MG,31,3101607,Alfenas,82303
MG,31,3101631,Alfredo Vasconcelos,7236
MG,31,3101706,Almenara,42019
MG,31,3101805,Alpercata,7019
MG,31,3101904,Alpinópolis,18673
MG,31,3102001,Alterosa,14272
MG,31,3102050,Alto Caparaó,6014
MG,31,3153509,Alto Jequitibá,8606
MG,31,3102100,Alto Rio Doce,10931
MG,31,3102209,Alvarenga,3983
MG,31,3102308,Alvinópolis,15358
MG,31,3102407,Alvorada de Minas,4359
MG,31,3102506,Amparo do Serra,4574
MG,31,3102605,Andradas,42501
MG,31,3102803,Andrelândia,12163
MG,31,3102852,Angelândia,7849
MG,31,3102902,Antônio Carlos,11350
MG,31,3103009,Antônio Dias,9375
MG,31,3103108,Antônio Prado de Minas,1552
MG,31,3103207,Araçaí,2222
MG,31,3103306,Aracitaba,2095
MG,31,3103405,Araçuaí,35185
MG,31,3103504,Araguari,123432
MG,31,3103603,Arantina,2998
MG,31,3103702,Araponga,8218
MG,31,3103751,Araporã,9069
MG,31,3103801,Arapuá,2668
MG,31,3103900,Araújos,9634
MG,31,3104007,Araxá,118786
MG,31,3104106,Arceburgo,9335
MG,31,3104205,Arcos,43653
MG,31,3104304,Areado,14229
MG,31,3104403,Argirita,2715
MG,31,3104452,Aricanduva,4820
MG,31,3104502,Arinos,17586
MG,31,3104601,Astolfo Dutra,14633
MG,31,3104700,Ataléia,13936
MG,31,3104809,Augusto de Lima,4572
MG,31,3104908,Baependi,18782
MG,31,3105004,Baldim,7595
MG,31,3105103,Bambuí,24203
MG,31,3105202,Bandeira,4811
MG,31,3105301,Bandeira do Sul,6183
MG,31,3105400,Barão de Cocais,32264
MG,31,3105509,Barão de Monte Alto,4952
MG,31,3105608,Barbacena,129695
MG,31,3105707,Barra Longa,5717
MG,31,3105905,Barroso,20604
MG,31,3106002,Bela Vista de Minas,10427
MG,31,3106101,Belmiro Braga,3292
MG,31,3106200,Belo Horizonte,2415872
MG,31,3106309,Belo Oriente,24546
MG,31,3106408,Belo Vale,9012
MG,31,3106507,Berilo,9638
MG,31,3106655,Berizal,4270
MG,31,3106606,Bertópolis,4546
MG,31,3106705,Betim,431433
MG,31,3106804,Bias Fortes,3367
MG,31,3106903,Bicas,14358
MG,31,3107000,Biquinhas,2397
MG,31,3107109,Boa Esperança,41443
MG,31,3107208,Bocaina de Minas,5530
MG,31,3107307,Bocaiúva,49797
MG,31,3107406,Bom Despacho,54377
MG,31,3107505,Bom Jardim de Minas,6988
MG,31,3107604,Bom Jesus da Penha,4677
MG,31,3107703,Bom Jesus do Amparo,5786
MG,31,3107802,Bom Jesus do Galho,14719
MG,31,3107901,Bom Repouso,13312
MG,31,3108008,Bom Sucesso,17515
MG,31,3108107,Bonfim,7710
MG,31,3108206,Bonfinópolis de Minas,5600
MG,31,3108255,Bonito de Minas,10525
MG,31,3108305,Borda da Mata,17837
MG,31,3108404,Botelhos,15141
MG,31,3108503,Botumirim,5806
MG,31,3108701,Brás Pires,4296
MG,31,3108552,Brasilândia de Minas,15485
MG,31,3108602,Brasília de Minas,33262
MG,31,3108800,Braúnas,4445
MG,31,3108909,Brazópolis,14491
MG,31,3109006,Brumadinho,41090
MG,31,3109105,Bueno Brandão,11168
MG,31,3109204,Buenópolis,9171
MG,31,3109253,Bugre,4159
MG,31,3109303,Buritis,24779
MG,31,3109402,Buritizeiro,23908
MG,31,3109451,Cabeceira Grande,6811
MG,31,3109501,Cabo Verde,11269
MG,31,3109600,Cachoeira da Prata,3785
MG,31,3109709,Cachoeira de Minas,12302
MG,31,3102704,Cachoeira de Pajeú,9347
MG,31,3109808,Cachoeira Dourada,2337
MG,31,3109907,Caetanópolis,11906
MG,31,3110004,Caeté,39775
MG,31,3110103,Caiana,5484
MG,31,3110202,Cajuri,4191
MG,31,3110301,Caldas,14628
MG,31,3110400,Camacho,2851
MG,31,3110509,Camanducaia,27860
MG,31,3110608,Cambuí,31066
MG,31,3110707,Cambuquira,12551
MG,31,3110806,Campanário,2884
MG,31,3110905,Campanha,16372
MG,31,3111002,Campestre,21155
MG,31,3111101,Campina Verde,18188
MG,31,3111150,Campo Azul,3806
MG,31,3111200,Campo Belo,54027
MG,31,3111309,Campo do Meio,11625
MG,31,3111408,Campo Florido,8931
MG,31,3111507,Campos Altos,13076
MG,31,3111606,Campos Gerais,26749
MG,31,3111903,Cana Verde,5342
MG,31,3111705,Canaã,4839
MG,31,3111804,Canápolis,10716
MG,31,3112000,Candeias,14211
MG,31,3112059,Cantagalo,4029
MG,31,3112109,Caparaó,5138
MG,31,3112208,Capela Nova,4397
MG,31,3112307,Capelinha,41858
MG,31,3112406,Capetinga,6627
MG,31,3112505,Capim Branco,11210
MG,31,3112604,Capinópolis,14872
MG,31,3112653,Capitão Andrade,4634
MG,31,3112703,Capitão Enéas,14403
MG,31,3112802,Capitólio,10991
MG,31,3112901,Caputira,9128
MG,31,3113008,Caraí,19511
MG,31,3113107,Caranaíba,2942
MG,31,3113206,Carandaí,24403
MG,31,3113305,Carangola,32134
MG,31,3113404,Caratinga,90890
MG,31,3113503,Carbonita,8603
MG,31,3113602,Careaçu,7062
MG,31,3113701,Carlos Chagas,18783
MG,31,3113800,Carmésia,2693
MG,31,3113909,Carmo da Cachoeira,11767
MG,31,3114006,Carmo da Mata,11291
MG,31,3114105,Carmo de Minas,14125
MG,31,3114204,Carmo do Cajuru,24581
MG,31,3114303,Carmo do Paranaíba,29885
MG,31,3114402,Carmo do Rio Claro,21506
MG,31,3114501,Carmópolis de Minas,18561
MG,31,3114550,Carneirinho,9633
MG,31,3114600,Carrancas,4161
MG,31,3114709,Carvalhópolis,3419
MG,31,3114808,Carvalhos,4503
MG,31,3114907,Casa Grande,2260
MG,31,3115003,Cascalho Rico,2751
MG,31,3115102,Cássia,17491
MG,31,3115300,Cataguases,67732
MG,31,3115359,Catas Altas,5706
MG,31,3115409,Catas Altas da Noruega,3124
MG,31,3115458,Catuji,7248
MG,31,3115474,Catuti,4788
MG,31,3115508,Caxambu,21412
MG,31,3115607,Cedro do Abaeté,1084
MG,31,3115706,Central de Minas,6213
MG,31,3115805,Centralina,10447
MG,31,3115904,Chácara,3194
MG,31,3116001,Chalé,6289
MG,31,3116100,Chapada do Norte,9763
MG,31,3116159,Chapada Gaúcha,12904
MG,31,3116209,Chiador,2868
MG,31,3116308,Cipotânea,5549
MG,31,3116407,Claraval,4786
MG,31,3116506,Claro dos Poções,7230
MG,31,3116605,Cláudio,31936
MG,31,3116704,Coimbra,7293
MG,31,3116803,Coluna,8206
MG,31,3116902,Comendador Gomes,2804
MG,31,3117009,Comercinho,6540
MG,31,3117108,Conceição da Aparecida,10705
MG,31,3115201,Conceição da Barra de Minas,3576
MG,31,3117306,Conceição das Alagoas,30278
MG,31,3117207,Conceição das Pedras,2840
MG,31,3117405,Conceição de Ipanema,4503
MG,31,3117504,Conceição do Mato Dentro,24559
MG,31,3117603,Conceição do Pará,5584
MG,31,3117702,Conceição do Rio Verde,12765
MG,31,3117801,Conceição dos Ouros,11218
MG,31,3117836,Cônego Marinho,7433
MG,31,3117876,Confins,7758
MG,31,3117900,Congonhal,11444
MG,31,3118007,Congonhas,55272
MG,31,3118106,Congonhas do Norte,4924
MG,31,3118205,Conquista,6878
MG,31,3118304,Conselheiro Lafaiete,138946
MG,31,3118403,Conselheiro Pena,21052
MG,31,3118502,Consolação,1569
MG,31,3118601,Contagem,651718
MG,31,3118700,Coqueiral,9188
MG,31,3118809,Coração de Jesus,26138
MG,31,3118908,Cordisburgo,7535
MG,31,3119005,Cordislândia,3236
MG,31,3119104,Corinto,23988
MG,31,3119203,Coroaci,11240
MG,31,3119302,Coromandel,30114
MG,31,3119401,Coronel Fabriciano,108708
MG,31,3119500,Coronel Murta,8237
MG,31,3119609,Coronel Pacheco,2789
MG,31,3119708,Coronel Xavier Chaves,3599
MG,31,3119807,Córrego Danta,2956
MG,31,3119906,Córrego do Bom Jesus,4462
MG,31,3119955,Córrego Fundo,6333
MG,31,3120003,Córrego Novo,2900
MG,31,3120102,Couto de Magalhães de Minas,4351
MG,31,3120151,Crisólita,5256
MG,31,3120201,Cristais,12634
MG,31,3120300,Cristália,5133
MG,31,3120409,Cristiano Otoni,4719
MG,31,3120508,Cristina,10643
MG,31,3120607,Crucilândia,5674
MG,31,3120706,Cruzeiro da Fortaleza,3616
MG,31,3120805,Cruzília,15831
MG,31,3120839,Cuparaque,3958
MG,31,3120870,Curral de Dentro,7662
MG,31,3120904,Curvelo,84297
MG,31,3121001,Datas,5635
MG,31,3121100,Delfim Moreira,8133
MG,31,3121209,Delfinópolis,8851
MG,31,3121258,Delta,11143
MG,31,3121308,Descoberto,5070
MG,31,3121407,Desterro de Entre Rios,7941
MG,31,3121506,Desterro do Melo,3060
MG,31,3121605,Diamantina,49493
MG,31,3121704,Diogo de Vasconcelos,3581
MG,31,3121803,Dionísio,6689
MG,31,3121902,Divinésia,4481
MG,31,3122009,Divino,21428
MG,31,3122108,Divino das Laranjeiras,4147
MG,31,3122207,Divinolândia de Minas,6583
MG,31,3122306,Divinópolis,243583
MG,31,3122355,Divisa Alegre,6541
MG,31,3122405,Divisa Nova,6002
MG,31,3122454,Divisópolis,10659
MG,31,3122470,Dom Bosco,3763
MG,31,3122504,Dom Cavati,4967
MG,31,3122603,Dom Joaquim,5074
MG,31,3122702,Dom Silvério,5355
MG,31,3122801,Dom Viçoso,3184
MG,31,3122900,Dona Euzébia,6250
MG,31,3123007,Dores de Campos,10359
MG,31,3123106,Dores de Guanhães,5114
MG,31,3123205,Dores do Indaiá,12730
MG,31,3123304,Dores do Turvo,5192
MG,31,3123403,Doresópolis,1498
MG,31,3123502,Douradoquara,1869
MG,31,3123528,Durandé,8065
MG,31,3123601,Elói Mendes,27429
MG,31,3123700,Engenheiro Caldas,14501
MG,31,3123809,Engenheiro Navarro,6373
MG,31,3123858,Entre Folhas,5295
MG,31,3123908,Entre Rios de Minas,15157
MG,31,3124005,Ervália,21091
MG,31,3124104,Esmeraldas,93103
MG,31,3124203,Espera Feliz,24844
MG,31,3124302,Espinosa,31375
MG,31,3124401,Espírito Santo do Dourado,7132
MG,31,3124500,Estiva,11880
MG,31,3124609,Estrela Dalva,2189
MG,31,3124708,Estrela do Indaiá,2711
MG,31,3124807,Estrela do Sul,6897
MG,31,3124906,Eugenópolis,11096
MG,31,3125002,Ewbank da Câmara,3986
MG,31,3125101,Extrema,59336
MG,31,3125200,Fama,2676
MG,31,3125309,Faria Lemos,3230
MG,31,3125408,Felício dos Santos,5251
MG,31,3125606,Felisburgo,6575
MG,31,3125705,Felixlândia,14280
MG,31,3125804,Fernandes Tourinho,2814
MG,31,3125903,Ferros,9603
MG,31,3125952,Fervedouro,10705
MG,31,3126000,Florestal,8469
MG,31,3126109,Formiga,70897
MG,31,3126208,Formoso,8095
MG,31,3126307,Fortaleza de Minas,3453
MG,31,3126406,Fortuna de Minas,3230
MG,31,3126505,Francisco Badaró,7053
MG,31,3126604,Francisco Dumont,4547
MG,31,3126703,Francisco Sá,23753
MG,31,3126752,Franciscópolis,5023
MG,31,3126802,Frei Gaspar,5731
MG,31,3126901,Frei Inocêncio,8301
MG,31,3126950,Frei Lagonegro,3481
MG,31,3127008,Fronteira,14946
MG,31,3127057,Fronteira dos Vales,4389
MG,31,3127073,Fruta de Leite,4538
MG,31,3127107,Frutal,61275
MG,31,3127206,Funilândia,4934
MG,31,3127305,Galiléia,6244
MG,31,3127339,Gameleiras,4847
MG,31,3127354,Glaucilândia,2991
MG,31,3127370,Goiabeira,2859
MG,31,3127388,Goianá,4214
MG,31,3127404,Gonçalves,4922
MG,31,3127503,Gonzaga,5235
MG,31,3127602,Gouveia,11536
MG,31,3127701,Governador Valadares,266561
MG,31,3127800,Grão Mogol,14037
MG,31,3127909,Grupiara,1428
MG,31,3128006,Guanhães,33517
MG,31,3128105,Guapé,14076
MG,31,3128204,Guaraciaba,9901
MG,31,3128253,Guaraciama,5224
MG,31,3128303,Guaranésia,19646
MG,31,3128402,Guarani,7731
MG,31,3128501,Guarará,3091
MG,31,3128600,Guarda-Mor,6687
MG,31,3128709,Guaxupé,52744
MG,31,3128808,Guidoval,7285
MG,31,3128907,Guimarânia,8880
MG,31,3129004,Guiricema,7803
MG,31,3129103,Gurinhatã,5154
MG,31,3129202,Heliodora,6278
MG,31,3129301,Iapu,12583
MG,31,3129400,Ibertioga,5346
MG,31,3129509,Ibiá,22554
MG,31,3129608,Ibiaí,6172
MG,31,3129657,Ibiracatu,5113
MG,31,3129707,Ibiraci,10996
MG,31,3129806,Ibirité,179582
MG,31,3129905,Ibitiúra de Minas,3440
MG,31,3130002,Ibituruna,2733
MG,31,3130051,Icaraí de Minas,10914
MG,31,3130101,Igarapé,49120
MG,31,3130200,Igaratinga,11345
MG,31,3130309,Iguatama,6782
MG,31,3130408,Ijaci,7358
MG,31,3130507,Ilicínea,13248
MG,31,3130556,Imbé de Minas,7244
MG,31,3130606,Inconfidentes,7537
MG,31,3130655,Indaiabira,6328
MG,31,3130705,Indianópolis,6311
MG,31,3130804,Ingaí,2632
MG,31,3130903,Inhapim,22925
MG,31,3131000,Inhaúma,6465
MG,31,3131109,Inimutaba,7615
MG,31,3131158,Ipaba,17587
MG,31,3131208,Ipanema,20181
MG,31,3131307,Ipatinga,235311
MG,31,3131406,Ipiaçu,3807
MG,31,3131505,Ipuiúna,9283
MG,31,3131604,Iraí de Minas,7467
MG,31,3131703,Itabira,118053
MG,31,3131802,Itabirinha,10548
MG,31,3131901,Itabirito,56369
MG,31,3132008,Itacambira,4227
MG,31,3132107,Itacarambi,17502
MG,31,3132206,Itaguara,14415
MG,31,3132305,Itaipé,10482
MG,31,3132404,Itajubá,96855
MG,31,3132503,Itamarandiba,34210
MG,31,3132602,Itamarati de Minas,3710
MG,31,3132701,Itambacuri,21210
MG,31,3132800,Itambé do Mato Dentro,2168
MG,31,3132909,Itamogi,11092
MG,31,3133006,Itamonte,15245
MG,31,3133105,Itanhandu,15751
MG,31,3133204,Itanhomi,11264
MG,31,3133303,Itaobim,19263
MG,31,3133402,Itapagipe,14014
MG,31,3133501,Itapecerica,21456
MG,31,3133600,Itapeva,13561
MG,31,3133709,Itatiaiuçu,13779
MG,31,3133758,Itaú de Minas,14634
MG,31,3133808,Itaúna,103272
MG,31,3133907,Itaverava,5747
MG,31,3134004,Itinga,13954
MG,31,3134103,Itueta,6234
MG,31,3134202,Ituiutaba,106775
MG,31,3134301,Itumirim,6876
MG,31,3134400,Iturama,40259
MG,31,3134509,Itutinga,4366
MG,31,3134608,Jaboticatubas,21407
MG,31,3134707,Jacinto,11115
MG,31,3134806,Jacuí,7668
MG,31,3134905,Jacutinga,26888
MG,31,3135001,Jaguaraçu,3181
MG,31,3135050,Jaíba,39639
MG,31,3135076,Jampruca,4266
MG,31,3135100,Janaúba,73555
MG,31,3135209,Januária,67123
MG,31,3135308,Japaraíba,4706
MG,31,3135357,Japonvar,8385
MG,31,3135407,Jeceaba,6476
MG,31,3135456,Jenipapo de Minas,6072
MG,31,3135506,Jequeri,12636
MG,31,3135605,Jequitaí,6379
MG,31,3135704,Jequitibá,6142
MG,31,3135803,Jequitinhonha,24516
MG,31,3135902,Jesuânia,5320
MG,31,3136009,Joaíma,14035
MG,31,3136108,Joanésia,4246
MG,31,3136207,João Monlevade,83791
MG,31,3136306,João Pinheiro,48725
MG,31,3136405,Joaquim Felício,3868
MG,31,3136504,Jordânia,10541
MG,31,3136520,José Gonçalves de Minas,3963
MG,31,3136553,José Raydan,4349
MG,31,3136579,Josenópolis,3557
MG,31,3136652,Juatuba,33249
MG,31,3136702,Juiz de Fora,567730
MG,31,3136801,Juramento,3798
MG,31,3136900,Juruaia,11652
MG,31,3136959,Juvenília,5937
MG,31,3137007,Ladainha,14263
MG,31,3137106,Lagamar,6622
MG,31,3137205,Lagoa da Prata,53927
MG,31,3137304,Lagoa dos Patos,3237
MG,31,3137403,Lagoa Dourada,13152
MG,31,3137502,Lagoa Formosa,19614
MG,31,3137536,Lagoa Grande,9235
MG,31,3137601,Lagoa Santa,81299
MG,31,3137700,Lajinha,21502
MG,31,3137809,Lambari,21010
MG,31,3137908,Lamim,3213
MG,31,3138005,Laranjal,6018
MG,31,3138104,Lassance,7398
MG,31,3138203,Lavras,110682
MG,31,3138302,Leandro Ferreira,3272
MG,31,3138351,Leme do Prado,4364
MG,31,3138401,Leopoldina,52739
MG,31,3138500,Liberdade,4744
MG,31,3138609,Lima Duarte,17782
MG,31,3138625,Limeira do Oeste,9191
MG,31,3138658,Lontra,8963
MG,31,3138674,Luisburgo,7239
MG,31,3138682,Luislândia,6323
MG,31,3138708,Luminárias,5744
MG,31,3138807,Luz,18336
MG,31,3138906,Machacalis,6556
MG,31,3139003,Machado,38809
MG,31,3139102,Madre de Deus de Minas,5360
MG,31,3139201,Malacacheta,17691
MG,31,3139250,Mamonas,6082
MG,31,3139300,Manga,19148
MG,31,3139409,Manhuaçu,97328
MG,31,3139508,Manhumirim,20939
MG,31,3139607,Mantena,27350
MG,31,3139805,Mar de Espanha,13180
MG,31,3139706,Maravilhas,7532
MG,31,3139904,Maria da Fé,14567
MG,31,3140001,Mariana,64506
MG,31,3140100,Marilac,4323
MG,31,3140159,Mário Campos,16705
MG,31,3140209,Maripá de Minas,3567
MG,31,3140308,Marliéria,4796
MG,31,3140407,Marmelópolis,3314
MG,31,3140506,Martinho Campos,14546
MG,31,3140530,Martins Soares,8797
MG,31,3140555,Mata Verde,9532
MG,31,3140605,Materlândia,3949
MG,31,3140704,Mateus Leme,40814
MG,31,3171501,Mathias Lobato,3053
MG,31,3140803,Matias Barbosa,14547
MG,31,3140852,Matias Cardoso,8922
MG,31,3140902,Matipó,19115
MG,31,3141009,Mato Verde,12210
MG,31,3141108,Matozinhos,39529
MG,31,3141207,Matutina,3912
MG,31,3141306,Medeiros,4068
MG,31,3141405,Medina,20455
MG,31,3141504,Mendes Pimentel,5614
MG,31,3141603,Mercês,10615
MG,31,3141702,Mesquita,4984
MG,31,3141801,Minas Novas,23843
MG,31,3141900,Minduri,3811
MG,31,3142007,Mirabela,14071
MG,31,3142106,Miradouro,8961
MG,31,3142205,Miraí,13921
MG,31,3142254,Miravânia,3982
MG,31,3142304,Moeda,5314
MG,31,3142403,Moema,7812
MG,31,3142502,Monjolos,2187
MG,31,3142601,Monsenhor Paulo,8565
MG,31,3142700,Montalvânia,14068
MG,31,3142809,Monte Alegre de Minas,20708
MG,31,3142908,Monte Azul,20497
MG,31,3143005,Monte Belo,13347
MG,31,3143104,Monte Carmelo,49500
MG,31,3143153,Monte Formoso,4437
MG,31,3143203,Monte Santo de Minas,21294
MG,31,3143401,Monte Sião,25107
MG,31,3143302,Montes Claros,437601
MG,31,3143450,Montezuma,6951
MG,31,3143500,Morada Nova de Minas,9414
MG,31,3143609,Morro da Garça,2426
MG,31,3143708,Morro do Pilar,3161
MG,31,3143807,Munhoz,7930
MG,31,3143906,Muriaé,108447
MG,31,3144003,Mutum,28749
MG,31,3144102,Muzambinho,22620
MG,31,3144201,Nacip Raydan,2400
MG,31,3144300,Nanuque,35263
MG,31,3144359,Naque,6443
MG,31,3144375,Natalândia,3642
MG,31,3144409,Natércia,4805
MG,31,3144508,Nazareno,8407
MG,31,3144607,Nepomuceno,25757
MG,31,3144656,Ninheira,10965
MG,31,3144672,Nova Belém,3126
MG,31,3144706,Nova Era,17813
MG,31,3144805,Nova Lima,120959
MG,31,3144904,Nova Módica,3726
MG,31,3145000,Nova Ponte,15220
MG,31,3145059,Nova Porteirinha,6746
MG,31,3145109,Nova Resende,16919
MG,31,3145208,Nova Serrana,114791
MG,31,3136603,Nova União,6107
MG,31,3145307,Novo Cruzeiro,27268
MG,31,3145356,Novo Oriente de Minas,10503
MG,31,3145372,Novorizonte,4612
MG,31,3145406,Olaria,1986
MG,31,3145455,Olhos-d'Água,5530
MG,31,3145505,Olímpio Noronha,2618
MG,31,3145604,Oliveira,40576
MG,31,3145703,Oliveira Fortes,2058
MG,31,3145802,Onça de Pitangui,3024
MG,31,3145851,Oratórios,5102
MG,31,3145877,Orizânia,8828
MG,31,3145901,Ouro Branco,40638
MG,31,3146008,Ouro Fino,33285
MG,31,3146107,Ouro Preto,77914
MG,31,3146206,Ouro Verde de Minas,5847
MG,31,3146255,Padre Carvalho,5045
MG,31,3146305,Padre Paraíso,17463
MG,31,3146552,Pai Pedro,5616
MG,31,3146404,Paineiras,4253
MG,31,3146503,Pains,8353
MG,31,3146602,Paiva,1495
MG,31,3146701,Palma,5699
MG,31,3146750,Palmópolis,6342
MG,31,3146909,Papagaios,14202
MG,31,3147105,Pará de Minas,102844
MG,31,3147006,Paracatu,99005
MG,31,3147204,Paraguaçu,22452
MG,31,3147303,Paraisópolis,21076
MG,31,3147402,Paraopeba,24899
MG,31,3147600,Passa Quatro,15847
MG,31,3147709,Passa Tempo,8716
MG,31,3147808,Passa Vinte,2311
MG,31,3147501,Passabém,1609
MG,31,3147907,Passos,116951
MG,31,3147956,Patis,4825
MG,31,3148004,Patos de Minas,169173
MG,31,3148103,Patrocínio,94357
MG,31,3148202,Patrocínio do Muriaé,5754
MG,31,3148301,Paula Cândido,8757
MG,31,3148400,Paulistas,4402
MG,31,3148509,Pavão,8143
MG,31,3148608,Peçanha,17863
MG,31,3148707,Pedra Azul,25045
MG,31,3148756,Pedra Bonita,7599
MG,31,3148806,Pedra do Anta,3366
MG,31,3148905,Pedra do Indaiá,4247
MG,31,3149002,Pedra Dourada,2916
MG,31,3149101,Pedralva,10891
MG,31,3149150,Pedras de Maria da Cruz,10601
MG,31,3149200,Pedrinópolis,3398
MG,31,3149309,Pedro Leopoldo,65174
MG,31,3149408,Pedro Teixeira,1857
MG,31,3149507,Pequeri,3461
MG,31,3149606,Pequi,4265
MG,31,3149705,Perdigão,13118
MG,31,3149804,Perdizes,17992
MG,31,3149903,Perdões,22075
MG,31,3149952,Periquito,6624
MG,31,3150000,Pescador,3559
MG,31,3150109,Piau,2854
MG,31,3150158,Piedade de Caratinga,8966
MG,31,3150208,Piedade de Ponte Nova,4054
MG,31,3150307,Piedade do Rio Grande,4694
MG,31,3150406,Piedade dos Gerais,5199
MG,31,3150505,Pimenta,8817
MG,31,3150539,Pingo-d'Água,4864
MG,31,3150570,Pintópolis,7228
MG,31,3150604,Piracema,6905
MG,31,3150703,Pirajuba,5814
MG,31,3150802,Piranga,17358
MG,31,3150901,Piranguçu,6320
MG,31,3151008,Piranguinho,9518
MG,31,3151107,Pirapetinga,11454
MG,31,3151206,Pirapora,57713
MG,31,3151305,Piraúba,12006
MG,31,3151404,Pitangui,27834
MG,31,3151503,Piumhi,38007
MG,31,3151602,Planura,11533
MG,31,3151701,Poço Fundo,16824
MG,31,3151800,Poços de Caldas,172339
MG,31,3151909,Pocrane,8438
MG,31,3152006,Pompéu,32441
MG,31,3152105,Ponte Nova,59638
MG,31,3152131,Ponto Chique,3797
MG,31,3152170,Ponto dos Volantes,11059
MG,31,3152204,Porteirinha,38692
MG,31,3152303,Porto Firme,10840
MG,31,3152402,Poté,13649
MG,31,3152501,Pouso Alegre,162133
MG,31,3152600,Pouso Alto,6779
MG,31,3152709,Prados,9369
MG,31,3152808,Prata,29745
MG,31,3152907,Pratápolis,8534
MG,31,3153004,Pratinha,3691
MG,31,3153103,Presidente Bernardes,4847
MG,31,3153202,Presidente Juscelino,3471
MG,31,3153301,Presidente Kubitschek,3162
MG,31,3153400,Presidente Olegário,19192
MG,31,3153608,Prudente de Morais,12052
MG,31,3153707,Quartel Geral,3232
MG,31,3153806,Queluzito,1796
MG,31,3153905,Raposos,16796
MG,31,3154002,Raul Soares,23874
MG,31,3154101,Recreio,11383
MG,31,3154150,Reduto,8246
MG,31,3154200,Resende Costa,11544
MG,31,3154309,Resplendor,17629
MG,31,3154408,Ressaquinha,4640
MG,31,3154457,Riachinho,6830
MG,31,3154507,Riacho dos Machados,8858
MG,31,3154606,Ribeirão das Neves,346971
MG,31,3154705,Ribeirão Vermelho,4217
MG,31,3154804,Rio Acima,10698
MG,31,3154903,Rio Casca,12851
MG,31,3155108,Rio do Prado,4649
MG,31,3155009,Rio Doce,2545
MG,31,3155207,Rio Espera,5447
MG,31,3155306,Rio Manso,5746
MG,31,3155405,Rio Novo,8683
MG,31,3155504,Rio Paranaíba,15297
MG,31,3155603,Rio Pardo de Minas,29103
MG,31,3155702,Rio Piracicaba,15036
MG,31,3155801,Rio Pomba,17885
MG,31,3155900,Rio Preto,5235
MG,31,3156007,Rio Vermelho,12770
MG,31,3156106,Ritápolis,5122
MG,31,3156205,Rochedo de Minas,2374
MG,31,3156304,Rodeiro,9168
MG,31,3156403,Romaria,3430
MG,31,3156452,Rosário da Limeira,4926
MG,31,3156502,Rubelita,5460
MG,31,3156601,Rubim,10602
MG,31,3156700,Sabará,134576
MG,31,3156809,Sabinópolis,14309
MG,31,3156908,Sacramento,28076
MG,31,3157005,Salinas,41736
MG,31,3157104,Salto da Divisa,6126
MG,31,3157203,Santa Bárbara,31916
MG,31,3157252,Santa Bárbara do Leste,8785
MG,31,3157278,Santa Bárbara do Monte Verde,3218
MG,31,3157302,Santa Bárbara do Tugúrio,4245
MG,31,3157336,Santa Cruz de Minas,8339
MG,31,3157377,Santa Cruz de Salinas,3919
MG,31,3157401,Santa Cruz do Escalvado,4728
MG,31,3157500,Santa Efigênia de Minas,4038
MG,31,3157609,Santa Fé de Minas,3528
MG,31,3157658,Santa Helena de Minas,6056
MG,31,3157708,Santa Juliana,16820
MG,31,3157807,Santa Luzia,230382
MG,31,3157906,Santa Margarida,16989
MG,31,3158003,Santa Maria de Itabira,10718
MG,31,3158102,Santa Maria do Salto,4777
MG,31,3158201,Santa Maria do Suaçuí,12817
MG,31,3159209,Santa Rita de Caldas,8561
MG,31,3159407,Santa Rita de Ibitipoca,3331
MG,31,3159308,Santa Rita de Jacutinga,4826
MG,31,3159357,Santa Rita de Minas,6969
MG,31,3159506,Santa Rita do Itueto,5984
MG,31,3159605,Santa Rita do Sapucaí,42517
MG,31,3159704,Santa Rosa da Serra,3487
MG,31,3159803,Santa Vitória,21914
MG,31,3158300,Santana da Vargem,6756
MG,31,3158409,Santana de Cataguases,3548
MG,31,3158508,Santana de Pirapama,7030
MG,31,3158607,Santana do Deserto,3815
MG,31,3158706,Santana do Garambéu,2171
MG,31,3158805,Santana do Jacaré,4246
MG,31,3158904,Santana do Manhuaçu,9264
MG,31,3158953,Santana do Paraíso,49025
MG,31,3159001,Santana do Riacho,5654
MG,31,3159100,Santana dos Montes,3490
MG,31,3159902,Santo Antônio do Amparo,17657
MG,31,3160009,Santo Antônio do Aventureiro,3896
MG,31,3160108,Santo Antônio do Grama,4352
MG,31,3160207,Santo Antônio do Itambé,3969
MG,31,3160306,Santo Antônio do Jacinto,10324
MG,31,3160405,Santo Antônio do Monte,28456
MG,31,3160454,Santo Antônio do Retiro,6729
MG,31,3160504,Santo Antônio do Rio Abaixo,1856
MG,31,3160603,Santo Hipólito,2692
MG,31,3160702,Santos Dumont,43218
MG,31,3160801,São Bento Abade,4846
MG,31,3160900,São Brás do Suaçuí,4161
MG,31,3160959,São Domingos das Dores,5793
MG,31,3161007,São Domingos do Prata,17783
MG,31,3161056,São Félix de Minas,3244
MG,31,3161106,São Francisco,54223
MG,31,3161205,São Francisco de Paula,6281
MG,31,3161304,São Francisco de Sales,5858
MG,31,3161403,São Francisco do Glória,4848
MG,31,3161502,São Geraldo,10524
MG,31,3161601,São Geraldo da Piedade,3200
MG,31,3161650,São Geraldo do Baixio,3158
MG,31,3161700,São Gonçalo do Abaeté,7515
MG,31,3161809,São Gonçalo do Pará,12275
MG,31,3161908,São Gonçalo do Rio Abaixo,12475
MG,31,3125507,São Gonçalo do Rio Preto,3099
MG,31,3162005,São Gonçalo do Sapucaí,24497
MG,31,3162104,São Gotardo,43851
MG,31,3162203,São João Batista do Glória,7959
MG,31,3162252,São João da Lagoa,4962
MG,31,3162302,São João da Mata,3012
MG,31,3162401,São João da Ponte,24197
MG,31,3162450,São João das Missões,13547
MG,31,3162500,São João del Rei,94468
MG,31,3162559,São João do Manhuaçu,11676
MG,31,3162575,São João do Manteninha,5479
MG,31,3162609,São João do Oriente,7099
MG,31,3162658,São João do Pacuí,4050
MG,31,3162708,São João do Paraíso,24706
MG,31,3162807,São João Evangelista,15613
MG,31,3162906,São João Nepomuceno,26529
MG,31,3162922,São Joaquim de Bicas,37017
MG,31,3162948,São José da Barra,8145
MG,31,3162955,São José da Lapa,28087
MG,31,3163003,São José da Safira,3849
MG,31,3163102,São José da Varginha,4698
MG,31,3163201,São José do Alegre,4252
MG,31,3163300,São José do Divino,3482
MG,31,3163409,São José do Goiabal,5482
MG,31,3163508,São José do Jacuri,6282
MG,31,3163607,São José do Mantimento,2844
MG,31,3163706,São Lourenço,46868
MG,31,3163805,São Miguel do Anta,6410
MG,31,3163904,São Pedro da União,4973
MG,31,3164100,São Pedro do Suaçuí,5143
MG,31,3164001,São Pedro dos Ferros,7132
MG,31,3164209,São Romão,10562
MG,31,3164308,São Roque de Minas,7370
MG,31,3164407,São Sebastião da Bela Vista,6778
MG,31,3164431,São Sebastião da Vargem Alegre,3239
MG,31,3164472,São Sebastião do Anta,6415
MG,31,3164506,São Sebastião do Maranhão,10218
MG,31,3164605,São Sebastião do Oeste,9527
MG,31,3164704,São Sebastião do Paraíso,75179
MG,31,3164803,São Sebastião do Rio Preto,1229
MG,31,3164902,São Sebastião do Rio Verde,2385
MG,31,3165008,São Tiago,11559
MG,31,3165107,São Tomás de Aquino,6837
MG,31,3165206,São Tomé das Letras,7107
MG,31,3165305,São Vicente de Minas,6928
MG,31,3165404,Sapucaí-Mirim,6469
MG,31,3165503,Sardoá,5140
MG,31,3165537,Sarzedo,39974
MG,31,3165560,Sem-Peixe,2420
MG,31,3165578,Senador Amaral,6517
MG,31,3165602,Senador Cortes,2335
MG,31,3165701,Senador Firmino,7977
MG,31,3165800,Senador José Bento,2149
MG,31,3165909,Senador Modestino Gonçalves,4006
MG,31,3166006,Senhora de Oliveira,5577
MG,31,3166105,Senhora do Porto,3066
MG,31,3166204,Senhora dos Remédios,10657
MG,31,3166303,Sericita,7552
MG,31,3166402,Seritinga,1866
MG,31,3166501,Serra Azul de Minas,3808
MG,31,3166600,Serra da Saudade,856
MG,31,3166808,Serra do Salitre,12286
MG,31,3166709,Serra dos Aimorés,6859
MG,31,3166907,Serrania,7811
MG,31,3166956,Serranópolis de Minas,4497
MG,31,3167004,Serranos,2036
MG,31,3167103,Serro,22624
MG,31,3167202,Sete Lagoas,238909
MG,31,3165552,Setubinha,9985
MG,31,3167301,Silveirânia,2399
MG,31,3167400,Silvianópolis,6348
MG,31,3167509,Simão Pereira,3084
MG,31,3167608,Simonésia,20431
MG,31,3167707,Sobrália,5140
MG,31,3167806,Soledade de Minas,5733
MG,31,3167905,Tabuleiro,4097
MG,31,3168002,Taiobeiras,34537
MG,31,3168051,Taparuba,3508
MG,31,3168101,Tapira,4215
MG,31,3168200,Tapiraí,1698
MG,31,3168309,Taquaraçu de Minas,4394
MG,31,3168408,Tarumirim,15104
MG,31,3168507,Teixeiras,12691
MG,31,3168606,Teófilo Otoni,142851
MG,31,3168705,Timóteo,84172
MG,31,3168804,Tiradentes,8056
MG,31,3168903,Tiros,8231
MG,31,3169000,Tocantins,16603
MG,31,3169059,Tocos do Moji,3894
MG,31,3169109,Toledo,7625
MG,31,3169208,Tombos,8653
MG,31,3169307,Três Corações,78291
MG,31,3169356,Três Marias,29985
MG,31,3169406,Três Pontas,57209
MG,31,3169505,Tumiritinga,5955
MG,31,3169604,Tupaciguara,26583
MG,31,3169703,Turmalina,20769
MG,31,3169802,Turvolândia,5097
MG,31,3169901,Ubá,107423
MG,31,3170008,Ubaí,11985
MG,31,3170057,Ubaporanga,13485
MG,31,3170107,Uberaba,356781
MG,31,3170206,Uberlândia,761835
MG,31,3170305,Umburatiba,2742
MG,31,3170404,Unaí,91320
MG,31,3170438,União de Minas,3818
MG,31,3170479,Uruana de Minas,3365
MG,31,3170503,Urucânia,10899
MG,31,3170529,Urucuia,18515
MG,31,3170578,Vargem Alegre,5800
MG,31,3170602,Vargem Bonita,2207
MG,31,3170651,Vargem Grande do Rio Pardo,4724
MG,31,3170701,Varginha,143676
MG,31,3170750,Varjão de Minas,7305
MG,31,3170800,Várzea da Palma,34555
MG,31,3170909,Varzelândia,19210
MG,31,3171006,Vazante,20459
MG,31,3171030,Verdelândia,7737
MG,31,3171071,Veredinha,5240
MG,31,3171105,Veríssimo,3478
MG,31,3171154,Vermelho Novo,5048
MG,31,3171204,Vespasiano,138583
MG,31,3171303,Viçosa,79517
MG,31,3171402,Vieiras,3781
MG,31,3171600,Virgem da Lapa,11774
MG,31,3171709,Virgínia,9164
MG,31,3171808,Virginópolis,10511
MG,31,3171907,Virgolândia,4471
MG,31,3172004,Visconde do Rio Branco,40711
MG,31,3172103,Volta Grande,4441
MG,31,3172202,Wenceslau Braz,2377
MS,50,5000203,Água Clara,17901
MS,50,5000252,Alcinópolis,4649
MS,50,5000609,Amambai,41751
MS,50,5000708,Anastácio,24781
MS,50,5000807,Anaurilândia,7688
MS,50,5000856,Angélica,11308
MS,50,5000906,Antônio João,9717
MS,50,5001003,Aparecida do Taboado,29826
MS,50,5001102,Aquidauana,48689
MS,50,5001243,Aral Moreira,11125
MS,50,5001508,Bandeirantes,8342
MS,50,5001904,Bataguassu,24222
MS,50,5002001,Batayporã,10947
MS,50,5002100,Bela Vista,21881
MS,50,5002159,Bodoquena,8887
MS,50,5002209,Bonito,25034
MS,50,5002308,Brasilândia,11833
MS,50,5002407,Caarapó,32748
MS,50,5002605,Camapuã,13928
MS,50,5002704,Campo Grande,962883
MS,50,5002803,Caracol,5096
MS,50,5002902,Cassilândia,21565
MS,50,5002951,Chapadão do Sul,34606
MS,50,5003108,Corguinho,4892
MS,50,5003157,Coronel Sapucaia,14685
MS,50,5003207,Corumbá,98751
MS,50,5003256,Costa Rica,28740
MS,50,5003306,Coxim,33440
MS,50,5003454,Deodápolis,14317
MS,50,5003488,Dois Irmãos do Buriti,11521
MS,50,5003504,Douradina,5768
MS,50,5003702,Dourados,264017
MS,50,5003751,Eldorado,11622
MS,50,5003801,Fátima do Sul,21504
MS,50,5003900,Figueirão,3751
MS,50,5004007,Glória de Dourados,10817
MS,50,5004106,Guia Lopes da Laguna,10116
MS,50,5004304,Iguatemi,13960
MS,50,5004403,Inocência,8764
MS,50,5004502,Itaporã,25263
MS,50,5004601,Itaquiraí,20060
MS,50,5004700,Ivinhema,30001
MS,50,5004809,Japorã,8441
MS,50,5004908,Jaraguari,7480
MS,50,5005004,Jardim,24504
MS,50,5005103,Jateí,3596
MS,50,5005152,Juti,7067
MS,50,5005202,Ladário,22425
MS,50,5005251,Laguna Carapã,7037
MS,50,5005400,Maracaju,48073
MS,50,5005608,Miranda,26512
MS,50,5005681,Mundo Novo,20087
MS,50,5005707,Naviraí,53014
MS,50,5005806,Nioaque,13354
MS,50,5006002,Nova Alvorada do Sul,23409
MS,50,5006200,Nova Andradina,50848
MS,50,5006259,Novo Horizonte do Sul,4801
MS,50,5006275,Paraíso das Águas,5842
MS,50,5006309,Paranaíba,42638
MS,50,5006358,Paranhos,13368
MS,50,5006408,Pedro Gomes,6910
MS,50,5006606,Ponta Porã,98598
MS,50,5006903,Porto Murtinho,12721
MS,50,5007109,Ribas do Rio Pardo,24152
MS,50,5007208,Rio Brilhante,40419
MS,50,5007307,Rio Negro,4921
MS,50,5007406,Rio Verde de Mato Grosso,20454
MS,50,5007505,Rochedo,5451
MS,50,5007554,Santa Rita do Pardo,7165
MS,50,5007695,São Gabriel do Oeste,32207
MS,50,5007802,Selvíria,8716
MS,50,5007703,Sete Quedas,11322
MS,50,5007901,Sidrolândia,49735
MS,50,5007935,Sonora,14813
MS,50,5007950,Tacuru,11205
MS,50,5007976,Taquarussu,3740
MS,50,5008008,Terenos,18182
MS,50,5008305,Três Lagoas,143523
MS,50,5008404,Vicentina,6505
MT,51,5100102,Acorizal,4948
MT,51,5100201,Água Boa,32099
MT,51,5100250,Alta Floresta,62158
MT,51,5100300,Alto Araguaia,17751
MT,51,5100359,Alto Boa Vista,5920
MT,51,5100409,Alto Garças,13956
MT,51,5100508,Alto Paraguai,7525
MT,51,5100607,Alto Taquari,11877
MT,51,5100805,Apiacás,8693
MT,51,5101001,Araguaiana,4005
MT,51,5101209,Araguainha,997
MT,51,5101258,Araputanga,14805
MT,51,5101308,Arenápolis,10769
MT,51,5101407,Aripuanã,26558
MT,51,5101605,Barão de Melgaço,7137
MT,51,5101704,Barra do Bugres,29406
MT,51,5101803,Barra do Garças,73878
MT,51,5101837,Boa Esperança do Norte,5877
MT,51,5101852,Bom Jesus do Araguaia,7912
MT,51,5101902,Brasnorte,17645
MT,51,5102504,Cáceres,91767
MT,51,5102603,Campinápolis,15808
MT,51,5102637,Campo Novo do Parecis,51722
MT,51,5102678,Campo Verde,49053
MT,51,5102686,Campos de Júlio,9946
MT,51,5102694,Canabrava do Norte,4451
MT,51,5102702,Canarana,28324
MT,51,5102793,Carlinda,10260
MT,51,5102850,Castanheira,7392
MT,51,5103007,Chapada dos Guimarães,19458
MT,51,5103056,Cláudia,9301
MT,51,5103106,Cocalinho,6495
MT,51,5103205,Colíder,32054
MT,51,5103254,Colniza,26026
MT,51,5103304,Comodoro,18469
MT,51,5103353,Confresa,38460
MT,51,5103361,Conquista D'Oeste,3908
MT,51,5103379,Cotriguaçu,10030
MT,51,5103403,Cuiabá,691875
MT,51,5103437,Curvelândia,4970
MT,51,5103452,Denise,6675
MT,51,5103502,Diamantino,22623
MT,51,5103601,Dom Aquino,7890
MT,51,5103700,Feliz Natal,10523
MT,51,5103809,Figueirópolis D'Oeste,3056
MT,51,5103858,Gaúcha do Norte,9397
MT,51,5103908,General Carneiro,6319
MT,51,5103957,Glória D'Oeste,2878
MT,51,5104104,Guarantã do Norte,31209
MT,51,5104203,Guiratinga,10252
MT,51,5104500,Indiavaí,2172
MT,51,5104526,Ipiranga do Norte,8658
MT,51,5104542,Itanhangá,8257
MT,51,5104559,Itaúba,5201
MT,51,5104609,Itiquira,12587
MT,51,5104807,Jaciara,29803
MT,51,5104906,Jangada,7413
MT,51,5105002,Jauru,7881
MT,51,5105101,Juara,36089
MT,51,5105150,Juína,48396
MT,51,5105176,Juruena,10057
MT,51,5105200,Juscimeira,11622
MT,51,5105234,Lambari D'Oeste,4662
MT,51,5105259,Lucas do Rio Verde,95792
MT,51,5105309,Luciara,2616
MT,51,5105580,Marcelândia,11355
MT,51,5105606,Matupá,21959
MT,51,5105622,Mirassol d'Oeste,27637
MT,51,5105903,Nobres,15796
MT,51,5106000,Nortelândia,5890
MT,51,5106109,Nossa Senhora do Livramento,11658
MT,51,5106158,Nova Bandeirantes,14340
MT,51,5106208,Nova Brasilândia,3791
MT,51,5106216,Nova Canaã do Norte,11734
MT,51,5108808,Nova Guarita,4546
MT,51,5106182,Nova Lacerda,7072
MT,51,5108857,Nova Marilândia,3731
MT,51,5108907,Nova Maringá,5705
MT,51,5108956,Nova Monte Verde,8470
MT,51,5106224,Nova Mutum,63455
MT,51,5106174,Nova Nazaré,4575
MT,51,5106232,Nova Olímpia,16204
MT,51,5106190,Nova Santa Helena,4502
MT,51,5106240,Nova Ubiratã,9760
MT,51,5106257,Nova Xavantina,25915
MT,51,5106273,Novo Horizonte do Norte,3267
MT,51,5106265,Novo Mundo,6368
MT,51,5106315,Novo Santo Antônio,2041
MT,51,5106281,Novo São Joaquim,7239
MT,51,5106299,Paranaíta,12079
MT,51,5106307,Paranatinga,28870
MT,51,5106372,Pedra Preta,18946
MT,51,5106422,Peixoto de Azevedo,33754
MT,51,5106455,Planalto da Serra,3328
MT,51,5106505,Poconé,31203
MT,51,5106653,Pontal do Araguaia,7441
MT,51,5106703,Ponte Branca,2098
MT,51,5106752,Pontes e Lacerda,55762
MT,51,5106778,Porto Alegre do Norte,12649
MT,51,5106802,Porto dos Gaúchos,5705
MT,51,5106828,Porto Esperidião,10088
MT,51,5106851,Porto Estrela,3141
MT,51,5107008,Poxoréu,25103
MT,51,5107040,Primavera do Leste,96006
MT,51,5107065,Querência,31100
MT,51,5107156,Reserva do Cabaçal,2020
MT,51,5107180,Ribeirão Cascalheira,10541
MT,51,5107198,Ribeirãozinho,2733
MT,51,5107206,Rio Branco,4440
MT,51,5107578,Rondolândia,3518
MT,51,5107602,Rondonópolis,263708
MT,51,5107701,Rosário Oeste,15041
MT,51,5107750,Salto do Céu,3657
MT,51,5107248,Santa Carmem,5795
MT,51,5107743,Santa Cruz do Xingu,2904
MT,51,5107768,Santa Rita do Trivelato,3536
MT,51,5107776,Santa Terezinha,7737
MT,51,5107263,Santo Afonso,2416
MT,51,5107792,Santo Antônio do Leste,4244
MT,51,5107800,Santo Antônio do Leverger,16839
MT,51,5107859,São Félix do Araguaia,14604
MT,51,5107297,São José do Povo,2716
MT,51,5107305,São José do Rio Claro,14455
MT,51,5107354,São José do Xingu,6234
MT,51,5107107,São José dos Quatro Marcos,17721
MT,51,5107404,São Pedro da Cipa,4250
MT,51,5107875,Sapezal,32514
MT,51,5107883,Serra Nova Dourada,1941
MT,51,5107909,Sinop,223780
MT,51,5107925,Sorriso,124665
MT,51,5107941,Tabaporã,9895
MT,51,5107958,Tangará da Serra,114603
MT,51,5108006,Tapurah,15638
MT,51,5108055,Terra Nova do Norte,10591
MT,51,5108105,Tesouro,2935
MT,51,5108204,Torixoréu,4238
MT,51,5108303,União do Sul,3904
MT,51,5108352,Vale de São Domingos,2892
MT,51,5108402,Várzea Grande,318922
MT,51,5108501,Vera,10758
MT,51,5105507,Vila Bela da Santíssima Trindade,17592
MT,51,5108600,Vila Rica,19686
PA,15,1500107,Abaetetuba,172344
PA,15,1500131,Abel Figueiredo,6275
PA,15,1500206,Acará,63110
PA,15,1500305,Afuá,40473
PA,15,1500347,Água Azul do Norte,17596
PA,15,1500404,Alenquer,75882
PA,15,1500503,Almeirim,36442
PA,15,1500602,Altamira,138749
PA,15,1500701,Anajás,30247
PA,15,1500800,Ananindeua,509227
PA,15,1500859,Anapu,35638
PA,15,1500909,Augusto Corrêa,47912
PA,15,1500958,Aurora do Pará,24193
PA,15,1501006,Aveiro,19380
PA,15,1501105,Bagre,35147
PA,15,1501204,Baião,56850
PA,15,1501253,Bannach,4290
PA,15,1501303,Barcarena,139076
PA,15,1501402,Belém,1397315
PA,15,1501451,Belterra,19075
PA,15,1501501,Benevides,68962
PA,15,1501576,Bom Jesus do Tocantins,19129
PA,15,1501600,Bonito,12961
PA,15,1501709,Bragança,132489
PA,15,1501725,Brasil Novo,27130
PA,15,1501758,Brejo Grande do Araguaia,6966
PA,15,1501782,Breu Branco,47066
PA,15,1501808,Breves,116058
PA,15,1501907,Bujaru,25065
PA,15,1502004,Cachoeira do Arari,25467
PA,15,1501956,Cachoeira do Piriá,19223
PA,15,1502103,Cametá,144859
PA,15,1502152,Canaã dos Carajás,89524
PA,15,1502202,Capanema,75309
PA,15,1502301,Capitão Poço,60318
PA,15,1502400,Castanhal,209126
PA,15,1502509,Chaves,21501
PA,15,1502608,Colares,13625
PA,15,1502707,Conceição do Araguaia,47144
PA,15,1502756,Concórdia do Pará,28270
PA,15,1502764,Cumaru do Norte,15150
PA,15,1502772,Curionópolis,20975
PA,15,1502806,Curralinho,36814
PA,15,1502855,Curuá,14954
PA,15,1502905,Curuçá,44880
PA,15,1502939,Dom Eliseu,62823
PA,15,1502954,Eldorado do Carajás,29287
PA,15,1503002,Faro,9167
PA,15,1503044,Floresta do Araguaia,18595
PA,15,1503077,Garrafão do Norte,25558
PA,15,1503093,Goianésia do Pará,26703
PA,15,1503101,Gurupá,34137
PA,15,1503200,Igarapé-Açu,37925
PA,15,1503309,Igarapé-Miri,69446
PA,15,1503408,Inhangapi,10784
PA,15,1503457,Ipixuna do Pará,29264
PA,15,1503507,Irituia,32740
PA,15,1503606,Itaituba,135369
PA,15,1503705,Itupiranga,52201
PA,15,1503754,Jacareacanga,26579
PA,15,1503804,Jacundá,37726
PA,15,1503903,Juruti,54255
PA,15,1504000,Limoeiro do Ajuru,32088
PA,15,1504059,Mãe do Rio,37473
PA,15,1504109,Magalhães Barata,8439
PA,15,1504208,Marabá,290975
PA,15,1504307,Maracanã,27129
PA,15,1504406,Marapanim,28159
PA,15,1504422,Marituba,119437
PA,15,1504455,Medicilândia,28677
PA,15,1504505,Melgaço,30080
PA,15,1504604,Mocajuba,28903
PA,15,1504703,Moju,91760
PA,15,1504752,Mojuí dos Campos,25818
PA,15,1504802,Monte Alegre,64002
PA,15,1504901,Muaná,49648
PA,15,1504950,Nova Esperança do Piriá,21304
PA,15,1504976,Nova Ipixuna,14400
PA,15,1505007,Nova Timboteua,13175
PA,15,1505031,Novo Progresso,37054
PA,15,1505064,Novo Repartimento,63796
PA,15,1505106,Óbidos,55527
PA,15,1505205,Oeiras do Pará,36734
PA,15,1505304,Oriximiná,72889
PA,15,1505403,Ourém,18783
PA,15,1505437,Ourilândia do Norte,35252
PA,15,1505486,Pacajá,43741
PA,15,1505494,Palestina do Pará,7063
PA,15,1505502,Paragominas,113498
PA,15,1505536,Parauapebas,305771
PA,15,1505551,Pau D'Arco,7354
PA,15,1505601,Peixe-Boi,8686
PA,15,1505635,Piçarra,13366
PA,15,1505650,Placas,18510
PA,15,1505700,Ponta de Pedras,25736
PA,15,1505809,Portel,67580
PA,15,1505908,Porto de Moz,44121
PA,15,1506005,Prainha,38733
PA,15,1506104,Primavera,11379
PA,15,1506112,Quatipuru,11838
PA,15,1506138,Redenção,92694
PA,15,1506161,Rio Maria,19190
PA,15,1506187,Rondon do Pará,57031
PA,15,1506195,Rurópolis,37198
PA,15,1506203,Salinópolis,48663
PA,15,1506302,Salvaterra,25687
PA,15,1506351,Santa Bárbara do Pará,22530
PA,15,1506401,Santa Cruz do Arari,7626
PA,15,1506500,Santa Izabel do Pará,79195
PA,15,1506559,Santa Luzia do Pará,21295
PA,15,1506583,Santa Maria das Barreiras,17065
PA,15,1506609,Santa Maria do Pará,25815
PA,15,1506708,Santana do Araguaia,30455
PA,15,1506807,Santarém,360871
PA,15,1506906,Santarém Novo,6355
PA,15,1507003,Santo Antônio do Tauá,29234
PA,15,1507102,São Caetano de Odivelas,17258
PA,15,1507151,São Domingos do Araguaia,21555
PA,15,1507201,São Domingos do Capim,32554
PA,15,1507300,São Félix do Xingu,64651
PA,15,1507409,São Francisco do Pará,15429
PA,15,1507458,São Geraldo do Araguaia,24929
PA,15,1507466,São João da Ponta,4470
PA,15,1507474,São João de Pirabas,21477
PA,15,1507508,São João do Araguaia,14293
PA,15,1507607,São Miguel do Guamá,55970
PA,15,1507706,São Sebastião da Boa Vista,27651
PA,15,1507755,Sapucaia,6212
PA,15,1507805,Senador José Porfírio,24989
PA,15,1507904,Soure,25315
PA,15,1507953,Tailândia,75290
PA,15,1507961,Terra Alta,10837
PA,15,1507979,Terra Santa,19792
PA,15,1508001,Tomé-Açu,73058
PA,15,1508035,Tracuateua,30494
PA,15,1508050,Trairão,15550
PA,15,1508084,Tucumã,42883
PA,15,1508100,Tucuruí,96119
PA,15,1508126,Ulianópolis,39360
PA,15,1508159,Uruará,45962
PA,15,1508209,Vigia,54062
PA,15,1508308,Viseu,62189
PA,15,1508357,Vitória do Xingu,16552
PA,15,1508407,Xinguara,57768
PB,25,2500106,Água Branca,9580
PB,25,2500205,Aguiar,5026
PB,25,2500304,Alagoa Grande,26655
PB,25,2500403,Alagoa Nova,21823
PB,25,2500502,Alagoinha,14140
PB,25,2500536,Alcantil,5806
PB,25,2500577,Algodão de Jandaíra,3143
PB,25,2500601,Alhandra,23065
PB,25,2500734,Amparo,2328
PB,25,2500775,Aparecida,8257
PB,25,2500809,Araçagi,16991
PB,25,2500908,Arara,12482
PB,25,2501005,Araruna,17360
PB,25,2501104,Areia,23031
PB,25,2501153,Areia de Baraúnas,2027
PB,25,2501203,Areial,7434
PB,25,2501302,Aroeiras,19142
PB,25,2501351,Assunção,4383
PB,25,2501401,Baía da Traição,9741
PB,25,2501500,Bananeiras,24134
PB,25,2501534,Baraúna,5010
PB,25,2501609,Barra de Santa Rosa,13024
PB,25,2501575,Barra de Santana,8247
PB,25,2501708,Barra de São Miguel,6123
PB,25,2501807,Bayeux,83862
PB,25,2501906,Belém,16710
PB,25,2502003,Belém do Brejo do Cruz,6272
PB,25,2502052,Bernardino Batista,3677
PB,25,2502102,Boa Ventura,5246
PB,25,2502151,Boa Vista,6592
PB,25,2502201,Bom Jesus,2328
PB,25,2502300,Bom Sucesso,4720
PB,25,2502409,Bonito de Santa Fé,10433
PB,25,2502508,Boqueirão,18216
PB,25,2502706,Borborema,4185
PB,25,2502805,Brejo do Cruz,14095
PB,25,2502904,Brejo dos Santos,5816
PB,25,2503001,Caaporã,21942
PB,25,2503100,Cabaceiras,5537
PB,25,2503209,Cabedelo,70734
PB,25,2503308,Cachoeira dos Índios,9335
PB,25,2503407,Cacimba de Areia,3344
PB,25,2503506,Cacimba de Dentro,16332
PB,25,2503555,Cacimbas,7513
PB,25,2503605,Caiçara,6684
PB,25,2503704,Cajazeiras,66585
PB,25,2503753,Cajazeirinhas,2760
PB,25,2503803,Caldas Brandão,5942
PB,25,2503902,Camalaú,6327
PB,25,2504009,Campina Grande,443911
PB,25,2504033,Capim,7446
PB,25,2504074,Caraúbas,4067
PB,25,2504108,Carrapateira,2365
PB,25,2504157,Casserengue,7052
PB,25,2504207,Catingueira,4556
PB,25,2504306,Catolé do Rocha,32288
PB,25,2504355,Caturité,5544
PB,25,2504405,Conceição,18731
PB,25,2504504,Condado,6629
PB,25,2504603,Conde,30007
PB,25,2504702,Congo,5124
PB,25,2504801,Coremas,14987
PB,25,2504850,Coxixola,1888
PB,25,2504900,Cruz do Espírito Santo,17821
PB,25,2505006,Cubati,7842
PB,25,2505105,Cuité,20208
PB,25,2505238,Cuité de Mamanguape,6441
PB,25,2505204,Cuitegi,6890
PB,25,2505279,Curral de Cima,5415
PB,25,2505303,Curral Velho,2316
PB,25,2505352,Damião,5141
PB,25,2505402,Desterro,8314
PB,25,2505600,Diamante,6416
PB,25,2505709,Dona Inês,10638
PB,25,2505808,Duas Estradas,3360
PB,25,2505907,Emas,3036
PB,25,2506004,Esperança,32599
PB,25,2506103,Fagundes,11307
PB,25,2506202,Frei Martinho,2911
PB,25,2506251,Gado Bravo,8398
PB,25,2506301,Guarabira,60057
PB,25,2506400,Gurinhém,14141
PB,25,2506509,Gurjão,3352
PB,25,2506608,Ibiara,5713
PB,25,2502607,Igaracy,5719
PB,25,2506707,Imaculada,10497
PB,25,2506806,Ingá,18234
PB,25,2506905,Itabaiana,23558
PB,25,2507002,Itaporanga,24766
PB,25,2507101,Itapororoca,19165
PB,25,2507200,Itatuba,10840
PB,25,2507309,Jacaraú,14969
PB,25,2507408,Jericó,7728
PB,25,2507507,João Pessoa,897633
PB,25,2513653,Joca Claudino,2607
PB,25,2507606,Juarez Távora,8088
PB,25,2507705,Juazeirinho,17520
PB,25,2507804,Junco do Seridó,7019
PB,25,2507903,Juripiranga,10255
PB,25,2508000,Juru,9380
PB,25,2508109,Lagoa,4489
PB,25,2508208,Lagoa de Dentro,8123
PB,25,2508307,Lagoa Seca,29209
PB,25,2508406,Lastro,3316
PB,25,2508505,Livramento,7041
PB,25,2508554,Logradouro,5107
PB,25,2508604,Lucena,13088
PB,25,2508703,Mãe d'Água,3599
PB,25,2508802,Malta,6288
PB,25,2508901,Mamanguape,46966
PB,25,2509008,Manaíra,10699
PB,25,2509057,Marcação,9537
PB,25,2509107,Mari,22170
PB,25,2509156,Marizópolis,7001
PB,25,2509206,Massaranduba,14756
PB,25,2509305,Mataraca,8650
PB,25,2509339,Matinhas,4759
PB,25,2509370,Mato Grosso,2584
PB,25,2509396,Maturéia,6717
PB,25,2509404,Mogeiro,14435
PB,25,2509503,Montadas,6144
PB,25,2509602,Monte Horebe,4429
PB,25,2509701,Monteiro,33886
PB,25,2509800,Mulungu,8909
PB,25,2509909,Natuba,8935
PB,25,2510006,Nazarezinho,7394
PB,25,2510105,Nova Floresta,9840
PB,25,2510204,Nova Olinda,5897
PB,25,2510303,Nova Palmeira,4359
PB,25,2510402,Olho d'Água,6059
PB,25,2510501,Olivedos,3675
PB,25,2510600,Ouro Velho,3000
PB,25,2510659,Parari,1745
PB,25,2510709,Passagem,2580
PB,25,2510808,Patos,108104
PB,25,2510907,Paulista,12172
PB,25,2511004,Pedra Branca,3851
PB,25,2511103,Pedra Lavrada,6980
PB,25,2511202,Pedras de Fogo,31356
PB,25,2512721,Pedro Régis,5932
PB,25,2511301,Piancó,17088
PB,25,2511400,Picuí,18862
PB,25,2511509,Pilar,12889
PB,25,2511608,Pilões,6974
PB,25,2511707,Pilõezinhos,5539
PB,25,2511806,Pirpirituba,9411
PB,25,2511905,Pitimbu,17166
PB,25,2512002,Pocinhos,18038
PB,25,2512036,Poço Dantas,3934
PB,25,2512077,Poço de José de Moura,4126
PB,25,2512101,Pombal,33866
PB,25,2512200,Prata,4032
PB,25,2512309,Princesa Isabel,21674
PB,25,2512408,Puxinanã,14942
PB,25,2512507,Queimadas,50698
PB,25,2512606,Quixaba,1803
PB,25,2512705,Remígio,18399
PB,25,2512747,Riachão,2945
PB,25,2512754,Riachão do Bacamarte,4911
PB,25,2512762,Riachão do Poço,4989
PB,25,2512788,Riacho de Santo Antônio,2063
PB,25,2512804,Riacho dos Cavalos,8788
PB,25,2512903,Rio Tinto,25500
PB,25,2513000,Salgadinho,3435
PB,25,2513109,Salgado de São Félix,11741
PB,25,2513158,Santa Cecília,8113
PB,25,2513208,Santa Cruz,6013
PB,25,2513307,Santa Helena,6023
PB,25,2513356,Santa Inês,3256
PB,25,2513406,Santa Luzia,15418
PB,25,2513703,Santa Rita,160852
PB,25,2513802,Santa Teresinha,4492
PB,25,2513505,Santana de Mangueira,5090
PB,25,2513604,Santana dos Garrotes,6618
PB,25,2513851,Santo André,2708
PB,25,2513927,São Bentinho,4490
PB,25,2513901,São Bento,33845
PB,25,2513968,São Domingos,2624
PB,25,2513943,São Domingos do Cariri,2688
PB,25,2513984,São Francisco,3176
PB,25,2514008,São João do Cariri,4345
PB,25,2500700,São João do Rio do Peixe,18500
PB,25,2514107,São João do Tigre,4359
PB,25,2514206,São José da Lagoa Tapada,7251
PB,25,2514305,São José de Caiana,4966
PB,25,2514404,São José de Espinharas,4056
PB,25,2514503,São José de Piranhas,19561
PB,25,2514552,São José de Princesa,3323
PB,25,2514602,São José do Bonfim,3337
PB,25,2514651,São José do Brejo do Cruz,1750
PB,25,2514701,São José do Sabugi,4283
PB,25,2514800,São José dos Cordeiros,3462
PB,25,2514453,São José dos Ramos,6137
PB,25,2514909,São Mamede,7629
PB,25,2515005,São Miguel de Taipu,7307
PB,25,2515104,São Sebastião de Lagoa de Roça,11387
PB,25,2515203,São Sebastião do Umbuzeiro,3382
PB,25,2515401,São Vicente do Seridó,10652
PB,25,2515302,Sapé,53457
PB,25,2515500,Serra Branca,14131
PB,25,2515609,Serra da Raiz,3156
PB,25,2515708,Serra Grande,3056
PB,25,2515807,Serra Redonda,6975
PB,25,2515906,Serraria,4754
PB,25,2515930,Sertãozinho,5332
PB,25,2515971,Sobrado,8646
PB,25,2516003,Solânea,27748
PB,25,2516102,Soledade,14409
PB,25,2516151,Sossêgo,3476
PB,25,2516201,Sousa,70066
PB,25,2516300,Sumé,17852
PB,25,2516409,Tacima,7794
PB,25,2516508,Taperoá,14358
PB,25,2516607,Tavares,14473
PB,25,2516706,Teixeira,15129
PB,25,2516755,Tenório,3082
PB,25,2516805,Triunfo,10315
PB,25,2516904,Uiraúna,15431
PB,25,2517001,Umbuzeiro,9274
PB,25,2517100,Várzea,2777
PB,25,2517209,Vieirópolis,4967
PB,25,2505501,Vista Serrana,3772
PB,25,2517407,Zabelê,2323
PE,26,2600054,Abreu e Lima,104248
PE,26,2600104,Afogados da Ingazeira,42672
PE,26,2600203,Afrânio,19409
PE,26,2600302,Agrestina,24680
PE,26,2600401,Água Preta,26981
PE,26,2600500,Águas Belas,43822
PE,26,2600609,Alagoinha,14460
PE,26,2600708,Aliança,37349
PE,26,2600807,Altinho,21134
PE,26,2600906,Amaraji,18335
PE,26,2601003,Angelim,10591
PE,26,2601052,Araçoiaba,19996
PE,26,2601102,Araripina,90504
PE,26,2601201,Arcoverde,82487
PE,26,2601300,Barra de Guabiraba,12601
PE,26,2601409,Barreiros,42083
PE,26,2601508,Belém de Maria,10798
PE,26,2601607,Belém do São Francisco,18648
PE,26,2601706,Belo Jardim,84033
PE,26,2601805,Betânia,11961
PE,26,2601904,Bezerros,65007
PE,26,2602001,Bodocó,36145
PE,26,2602100,Bom Conselho,46202
PE,26,2602209,Bom Jardim,39289
PE,26,2602308,Bonito,39212
PE,26,2602407,Brejão,9417
PE,26,2602506,Brejinho,8033
PE,26,2602605,Brejo da Madre de Deus,51308
PE,26,2602704,Buenos Aires,13276
PE,26,2602803,Buíque,53489
PE,26,2602902,Cabo de Santo Agostinho,218049
PE,26,2603009,Cabrobó,31762
PE,26,2603108,Cachoeirinha,20673
PE,26,2603207,Caetés,30571
PE,26,2603306,Calçado,11453
PE,26,2603405,Calumbi,5354
PE,26,2603454,Camaragibe,156112
PE,26,2603504,Camocim de São Félix,18018
PE,26,2603603,Camutanga,7962
PE,26,2603702,Canhotinho,25103
PE,26,2603801,Capoeiras,18854
PE,26,2603900,Carnaíba,19533
PE,26,2603926,Carnaubeira da Penha,12712
PE,26,2604007,Carpina,83482
PE,26,2604106,Caruaru,405408
PE,26,2604155,Casinhas,13468
PE,26,2604205,Catende,33086
PE,26,2604304,Cedro,10843
PE,26,2604403,Chã de Alegria,13496
PE,26,2604502,Chã Grande,21258
PE,26,2604601,Condado,25416
PE,26,2604700,Correntes,17670
PE,26,2604809,Cortês,10426
PE,26,2604908,Cumaru,16215
PE,26,2605004,Cupira,24343
PE,26,2605103,Custódia,39609
PE,26,2605152,Dormentes,17850
PE,26,2605202,Escada,62174
PE,26,2605301,Exu,33486
PE,26,2605400,Feira Nova,22222
PE,26,2605459,Fernando de Noronha,3341
PE,26,2605509,Ferreiros,15955
PE,26,2605608,Flores,20776
PE,26,2605707,Floresta,31702
PE,26,2605806,Frei Miguelinho,14055
PE,26,2605905,Gameleira,17583
PE,26,2606002,Garanhuns,151803
PE,26,2606101,Glória do Goitá,30420
PE,26,2606200,Goiana,85497
PE,26,2606309,Granito,7217
PE,26,2606408,Gravatá,92429
PE,26,2606507,Iati,17570
PE,26,2606606,Ibimirim,28825
PE,26,2606705,Ibirajuba,7334
PE,26,2606804,Igarassu,123017
PE,26,2606903,Iguaracy,11347
PE,26,2607604,Ilha de Itamaracá,25658
PE,26,2607000,Inajá,27758
PE,26,2607109,Ingazeira,4975
PE,26,2607208,Ipojuca,106539
PE,26,2607307,Ipubi,30720
PE,26,2607406,Itacuruba,4491
PE,26,2607505,Itaíba,33995
PE,26,2607653,Itambé,36652
PE,26,2607703,Itapetim,14236
PE,26,2607752,Itapissuma,29669
PE,26,2607802,Itaquitinga,17142
PE,26,2607901,Jaboatão dos Guararapes,684293
PE,26,2607950,Jaqueira,10440
PE,26,2608008,Jataúba,16328
PE,26,2608057,Jatobá,14477
PE,26,2608107,João Alfredo,28842
PE,26,2608206,Joaquim Nabuco,13416
PE,26,2608255,Jucati,12023
PE,26,2608305,Jupi,16022
PE,26,2608404,Jurema,14002
PE,26,2608503,Lagoa de Itaenga,19863
PE,26,2608453,Lagoa do Carro,18804
PE,26,2608602,Lagoa do Ouro,12367
PE,26,2608701,Lagoa dos Gatos,14333
PE,26,2608750,Lagoa Grande,24951
PE,26,2608800,Lajedo,41960
PE,26,2608909,Limoeiro,59236
PE,26,2609006,Macaparana,24642
PE,26,2609105,Machados,11387
PE,26,2609154,Manari,27046
PE,26,2609204,Maraial,9322
PE,26,2609303,Mirandiba,14605
PE,26,2614303,Moreilândia,10839
PE,26,2609402,Moreno,57654
PE,26,2609501,Nazaré da Mata,32187
PE,26,2609600,Olinda,364717
PE,26,2609709,Orobó,22412
PE,26,2609808,Orocó,14129
PE,26,2609907,Ouricuri,68489
PE,26,2610004,Palmares,56475
PE,26,2610103,Palmeirina,7104
PE,26,2610202,Panelas,23337
PE,26,2610301,Paranatama,12778
PE,26,2610400,Parnamirim,18960
PE,26,2610509,Passira,29744
PE,26,2610608,Paudalho,59924
PE,26,2610707,Paulista,365144
PE,26,2610806,Pedra,23671
PE,26,2610905,Pesqueira,65481
PE,26,2611002,Petrolândia,36104
PE,26,2611101,Petrolina,418444
PE,26,2611200,Poção,10792
PE,26,2611309,Pombos,26942
PE,26,2611408,Primavera,14380
PE,26,2611507,Quipapá,17731
PE,26,2611533,Quixaba,6753
PE,26,2611606,Recife,1588376
PE,26,2611705,Riacho das Almas,21490
PE,26,2611804,Ribeirão,33843
PE,26,2611903,Rio Formoso,20388
PE,26,2612000,Sairé,11213
PE,26,2612109,Salgadinho,5478
PE,26,2612208,Salgueiro,65946
PE,26,2612307,Saloá,14125
PE,26,2612406,Sanharó,18812
PE,26,2612455,Santa Cruz,14342
PE,26,2612471,Santa Cruz da Baixa Verde,11934
PE,26,2612505,Santa Cruz do Capibaribe,104854
PE,26,2612554,Santa Filomena,12360
PE,26,2612604,Santa Maria da Boa Vista,42782
PE,26,2612703,Santa Maria do Cambucá,14586
PE,26,2612802,Santa Terezinha,10487
PE,26,2612901,São Benedito do Sul,13456
PE,26,2613008,São Bento do Una,51165
PE,26,2613107,São Caitano,39243
PE,26,2613206,São João,24895
PE,26,2613305,São Joaquim do Monte,20438
PE,26,2613404,São José da Coroa Grande,19511
PE,26,2613503,São José do Belmonte,36890
PE,26,2613602,São José do Egito,32508
PE,26,2613701,São Lourenço da Mata,118258
PE,26,2613800,São Vicente Férrer,17177
PE,26,2613909,Serra Talhada,98816
PE,26,2614006,Serrita,18764
PE,26,2614105,Sertânia,34271
PE,26,2614204,Sirinhaém,39171
PE,26,2614402,Solidão,5386
PE,26,2614501,Surubim,67821
PE,26,2614600,Tabira,29180
PE,26,2614709,Tacaimbó,14330
PE,26,2614808,Tacaratu,24898
PE,26,2614857,Tamandaré,24670
PE,26,2615003,Taquaritinga do Norte,25511
PE,26,2615102,Terezinha,6853
PE,26,2615201,Terra Nova,9231
PE,26,2615300,Timbaúba,47312
PE,26,2615409,Toritama,43921
PE,26,2615508,Tracunhaém,14439
PE,26,2615607,Trindade,32257
PE,26,2615706,Triunfo,15141
PE,26,2615805,Tupanatinga,28141
PE,26,2615904,Tuparetama,8261
PE,26,2616001,Venturosa,17563
PE,26,2616100,Verdejante,9483
PE,26,2616183,Vertente do Lério,7776
PE,26,2616209,Vertentes,23127
PE,26,2616308,Vicência,27151
PE,26,2616407,Vitória de Santo Antão,144243
PE,26,2616506,Xexéu,11699
PI,22,2200053,Acauã,6323
PI,22,2200103,Agricolândia,5016
PI,22,2200202,Água Branca,18095
PI,22,2200251,Alagoinha do Piauí,6876
PI,22,2200277,Alegrete do Piauí,4707
PI,22,2200301,Alto Longá,13729
PI,22,2200400,Altos,50094
PI,22,2200459,Alvorada do Gurguéia,5474
PI,22,2200509,Amarante,17594
PI,22,2200608,Angical do Piauí,6991
PI,22,2200707,Anísio de Abreu,9649
PI,22,2200806,Antônio Almeida,3234
PI,22,2200905,Aroazes,5413
PI,22,2200954,Aroeiras do Itaim,2777
PI,22,2201002,Arraial,4517
PI,22,2201051,Assunção do Piauí,7596
PI,22,2201101,Avelino Lopes,11118
PI,22,2201150,Baixa Grande do Ribeiro,13983
PI,22,2201176,Barra D'Alcântara,4099
PI,22,2201200,Barras,49703
PI,22,2201309,Barreiras do Piauí,3336
PI,22,2201408,Barro Duro,6731
PI,22,2201507,Batalha,27129
PI,22,2201556,Bela Vista do Piauí,4225
PI,22,2201572,Belém do Piauí,3515
PI,22,2201606,Beneditinos,10093
PI,22,2201705,Bertolínia,5715
PI,22,2201739,Betânia do Piauí,6596
PI,22,2201770,Boa Hora,7140
PI,22,2201804,Bocaina,4118
PI,22,2201903,Bom Jesus,30658
PI,22,2201919,Bom Princípio do Piauí,5805
PI,22,2201929,Bonfim do Piauí,6117
PI,22,2201945,Boqueirão do Piauí,6751
PI,22,2201960,Brasileira,8684
PI,22,2201988,Brejo do Piauí,3964
PI,22,2202000,Buriti dos Lopes,20130
PI,22,2202026,Buriti dos Montes,7517
PI,22,2202059,Cabeceiras do Piauí,10466
PI,22,2202075,Cajazeiras do Piauí,3135
PI,22,2202083,Cajueiro da Praia,8246
PI,22,2202091,Caldeirão Grande do Piauí,5602
PI,22,2202109,Campinas do Piauí,4964
PI,22,2202117,Campo Alegre do Fidalgo,4698
PI,22,2202133,Campo Grande do Piauí,6211
PI,22,2202174,Campo Largo do Piauí,7669
PI,22,2202208,Campo Maior,47119
PI,22,2202251,Canavieira,3404
PI,22,2202307,Canto do Buriti,19639
PI,22,2202406,Capitão de Campos,11362
PI,22,2202455,Capitão Gervásio Oliveira,4071
PI,22,2202505,Caracol,10546
PI,22,2202539,Caraúbas do Piauí,5581
PI,22,2202554,Caridade do Piauí,5176
PI,22,2202604,Castelo do Piauí,19669
PI,22,2202653,Caxingó,5682
PI,22,2202703,Cocal,29302
PI,22,2202711,Cocal de Telha,5046
PI,22,2202729,Cocal dos Alves,6596
PI,22,2202737,Coivaras,4249
PI,22,2202752,Colônia do Gurguéia,6294
PI,22,2202778,Colônia do Piauí,7067
PI,22,2202802,Conceição do Canindé,5078
PI,22,2202851,Coronel José Dias,4291
PI,22,2202901,Corrente,28381
PI,22,2203008,Cristalândia do Piauí,7431
PI,22,2203107,Cristino Castro,10801
PI,22,2203206,Curimatá,11581
PI,22,2203230,Currais,4977
PI,22,2203271,Curral Novo do Piauí,5191
PI,22,2203255,Curralinhos,4555
PI,22,2203305,Demerval Lobão,17139
PI,22,2203354,Dirceu Arcoverde,7259
PI,22,2203404,Dom Expedito Lopes,6410
PI,22,2203453,Dom Inocêncio,9332
PI,22,2203420,Domingos Mourão,4129
PI,22,2203503,Elesbão Veloso,13743
PI,22,2203602,Eliseu Martins,4421
PI,22,2203701,Esperantina,42710
PI,22,2203750,Fartura do Piauí,5426
PI,22,2203800,Flores do Piauí,4512
PI,22,2203859,Floresta do Piauí,2354
PI,22,2203909,Floriano,64393
PI,22,2204006,Francinópolis,4481
PI,22,2204105,Francisco Ayres,4548
PI,22,2204154,Francisco Macedo,2985
PI,22,2204204,Francisco Santos,8349
PI,22,2204303,Fronteiras,10344
PI,22,2204352,Geminiano,5604
PI,22,2204402,Gilbués,11193
PI,22,2204501,Guadalupe,10480
PI,22,2204550,Guaribas,4344
PI,22,2204600,Hugo Napoleão,3550
PI,22,2204659,Ilha Grande,9522
PI,22,2204709,Inhuma,15268
PI,22,2204808,Ipiranga do Piauí,9627
PI,22,2204907,Isaías Coelho,7867
PI,22,2205003,Itainópolis,10969
PI,22,2205102,Itaueira,10477
PI,22,2205151,Jacobina do Piauí,5711
PI,22,2205201,Jaicós,17789
PI,22,2205250,Jardim do Mulato,4235
PI,22,2205276,Jatobá do Piauí,4560
PI,22,2205300,Jerumenha,4606
PI,22,2205359,João Costa,3033
PI,22,2205409,Joaquim Pires,14265
PI,22,2205458,Joca Marques,5552
PI,22,2205508,José de Freitas,44689
PI,22,2205516,Juazeiro do Piauí,5308
PI,22,2205524,Júlio Borges,5501
PI,22,2205532,Jurema,4501
PI,22,2205557,Lagoa Alegre,8464
PI,22,2205573,Lagoa de São Francisco,6446
PI,22,2205565,Lagoa do Barro do Piauí,5171
PI,22,2205581,Lagoa do Piauí,5017
PI,22,2205599,Lagoa do Sítio,4559
PI,22,2205540,Lagoinha do Piauí,3044
PI,22,2205607,Landri Sales,5309
PI,22,2205706,Luís Correia,31901
PI,22,2205805,Luzilândia,26143
PI,22,2205854,Madeiro,8231
PI,22,2205904,Manoel Emídio,5315
PI,22,2205953,Marcolândia,8822
PI,22,2206001,Marcos Parente,4863
PI,22,2206050,Massapê do Piauí,5165
PI,22,2206100,Matias Olímpio,10886
PI,22,2206209,Miguel Alves,33074
PI,22,2206308,Miguel Leão,1355
PI,22,2206357,Milton Brandão,6681
PI,22,2206407,Monsenhor Gil,10513
PI,22,2206506,Monsenhor Hipólito,7762
PI,22,2206605,Monte Alegre do Piauí,10928
PI,22,2206654,Morro Cabeça no Tempo,4456
PI,22,2206670,Morro do Chapéu do Piauí,6548
PI,22,2206696,Murici dos Portelas,10210
PI,22,2206704,Nazaré do Piauí,6697
PI,22,2206720,Nazária,10821
PI,22,2206753,Nossa Senhora de Nazaré,5442
PI,22,2206803,Nossa Senhora dos Remédios,8751
PI,22,2207959,Nova Santa Rita,4142
PI,22,2206902,Novo Oriente do Piauí,6158
PI,22,2206951,Novo Santo Antônio,2888
PI,22,2207009,Oeiras,39687
PI,22,2207108,Olho D'Água do Piauí,2730
PI,22,2207207,Padre Marcos,6468
PI,22,2207306,Paes Landim,4176
PI,22,2207355,Pajeú do Piauí,3032
PI,22,2207405,Palmeira do Piauí,5047
PI,22,2207504,Palmeirais,13458
PI,22,2207553,Paquetá,3873
PI,22,2207603,Parnaguá,10282
PI,22,2207702,Parnaíba,170491
PI,22,2207751,Passagem Franca do Piauí,4222
PI,22,2207777,Patos do Piauí,5427
PI,22,2207793,Pau D'Arco do Piauí,3979
PI,22,2207801,Paulistana,21633
PI,22,2207850,Pavussu,3697
PI,22,2207900,Pedro II,39072
PI,22,2207934,Pedro Laurentino,2517
PI,22,2208007,Picos,86701
PI,22,2208106,Pimenteiras,11487
PI,22,2208205,Pio IX,17948
PI,22,2208304,Piracuruca,29721
PI,22,2208403,Piripiri,67887
PI,22,2208502,Porto,12323
PI,22,2208551,Porto Alegre do Piauí,2382
PI,22,2208601,Prata do Piauí,3096
PI,22,2208650,Queimada Nova,8948
PI,22,2208700,Redenção do Gurguéia,8565
PI,22,2208809,Regeneração,17400
PI,22,2208858,Riacho Frio,4238
PI,22,2208874,Ribeira do Piauí,4105
PI,22,2208908,Ribeiro Gonçalves,6182
PI,22,2209005,Rio Grande do Piauí,5845
PI,22,2209104,Santa Cruz do Piauí,5872
PI,22,2209153,Santa Cruz dos Milagres,3448
PI,22,2209203,Santa Filomena,6210
PI,22,2209302,Santa Luz,5418
PI,22,2209377,Santa Rosa do Piauí,4666
PI,22,2209351,Santana do Piauí,4159
PI,22,2209401,Santo Antônio de Lisboa,5930
PI,22,2209450,Santo Antônio dos Milagres,2169
PI,22,2209500,Santo Inácio do Piauí,3682
PI,22,2209559,São Braz do Piauí,4454
PI,22,2209609,São Félix do Piauí,2879
PI,22,2209658,São Francisco de Assis do Piauí,5713
PI,22,2209708,São Francisco do Piauí,5358
PI,22,2209757,São Gonçalo do Gurguéia,3026
PI,22,2209807,São Gonçalo do Piauí,4985
PI,22,2209856,São João da Canabrava,4359
PI,22,2209872,São João da Fronteira,5608
PI,22,2209906,São João da Serra,6232
PI,22,2209955,São João da Varjota,4430
PI,22,2209971,São João do Arraial,8494
PI,22,2210003,São João do Piauí,22137
PI,22,2210052,São José do Divino,5317
PI,22,2210102,São José do Peixe,3300
PI,22,2210201,São José do Piauí,6733
PI,22,2210300,São Julião,6131
PI,22,2210359,São Lourenço do Piauí,4497
PI,22,2210375,São Luis do Piauí,2277
PI,22,2210383,São Miguel da Baixa Grande,2299
PI,22,2210391,São Miguel do Fidalgo,2864
PI,22,2210409,São Miguel do Tapuio,17911
PI,22,2210508,São Pedro do Piauí,14055
PI,22,2210607,São Raimundo Nonato,41139
PI,22,2210623,Sebastião Barros,3210
PI,22,2210631,Sebastião Leal,4590
PI,22,2210656,Sigefredo Pacheco,9623
PI,22,2210706,Simões,14664
PI,22,2210805,Simplício Mendes,14437
PI,22,2210904,Socorro do Piauí,4165
PI,22,2210938,Sussuapara,6346
PI,22,2210953,Tamboril do Piauí,3040
PI,22,2210979,Tanque do Piauí,2319
PI,22,2211001,Teresina,905692
PI,22,2211100,União,47896
PI,22,2211209,Uruçuí,26779
PI,22,2211308,Valença do Piauí,23025
PI,22,2211357,Várzea Branca,5181
PI,22,2211407,Várzea Grande,4520
PI,22,2211506,Vera Mendes,3282
PI,22,2211605,Vila Nova do Piauí,2972
PI,22,2211704,Wall Ferraz,4195
PR,41,4100103,Abatiá,7233
PR,41,4100202,Adrianópolis,6319
PR,41,4100301,Agudos do Sul,10770
PR,41,4100400,Almirante Tamandaré,125861
PR,41,4100459,Altamira do Paraná,3496
PR,41,4128625,Alto Paraíso,3067
PR,41,4100608,Alto Paraná,14183
PR,41,4100707,Alto Piquiri,9771
PR,41,4100509,Altônia,18634
PR,41,4100806,Alvorada do Sul,10481
PR,41,4100905,Amaporã,4688
PR,41,4101002,Ampére,20337
PR,41,4101051,Anahy,2971
PR,41,4101101,Andirá,19989
PR,41,4101150,Ângulo,3357
PR,41,4101200,Antonina,18140
PR,41,4101309,Antônio Olinto,7048
PR,41,4101408,Apucarana,134910
PR,41,4101507,Arapongas,124838
PR,41,4101606,Arapoti,26325
PR,41,4101655,Arapuã,3573
PR,41,4101705,Araruna,14894
PR,41,4101804,Araucária,162247
PR,41,4101853,Ariranha do Ivaí,2351
PR,41,4101903,Assaí,13477
PR,41,4102000,Assis Chateaubriand,38357
PR,41,4102109,Astorga,26203
PR,41,4102208,Atalaia,4046
PR,41,4102307,Balsa Nova,13867
PR,41,4102406,Bandeirantes,31747
PR,41,4102505,Barbosa Ferraz,10580
PR,41,4102703,Barra do Jacaré,2872
PR,41,4102604,Barracão,9903
PR,41,4102752,Bela Vista da Caroba,4122
PR,41,4102802,Bela Vista do Paraíso,14982
PR,41,4102901,Bituruna,15650
PR,41,4103008,Boa Esperança,4595
PR,41,4103024,Boa Esperança do Iguaçu,2421
PR,41,4103040,Boa Ventura de São Roque,6241
PR,41,4103057,Boa Vista da Aparecida,8023
PR,41,4103107,Bocaiúva do Sul,13405
PR,41,4103156,Bom Jesus do Sul,4072
PR,41,4103206,Bom Sucesso,6674
PR,41,4103222,Bom Sucesso do Sul,3244
PR,41,4103305,Borrazópolis,7818
PR,41,4103354,Braganey,4745
PR,41,4103370,Brasilândia do Sul,3861
PR,41,4103404,Cafeara,2648
PR,41,4103453,Cafelândia,20145
PR,41,4103479,Cafezal do Sul,4580
PR,41,4103503,Califórnia,8963
PR,41,4103602,Cambará,23393
PR,41,4103701,Cambé,110923
PR,41,4103800,Cambira,10045
PR,41,4103909,Campina da Lagoa,16014
PR,41,4103958,Campina do Simão,3954
PR,41,4104006,Campina Grande do Sul,50600
PR,41,4104055,Campo Bonito,3997
PR,41,4104105,Campo do Tenente,7693
PR,41,4104204,Campo Largo,144504
PR,41,4104253,Campo Magro,31888
PR,41,4104303,Campo Mourão,104122
PR,41,4104402,Cândido de Abreu,15081
PR,41,4104428,Candói,15174
PR,41,4104451,Cantagalo,10672
PR,41,4104501,Capanema,21088
PR,41,4104600,Capitão Leônidas Marques,14776
PR,41,4104659,Carambeí,24469
PR,41,4104709,Carlópolis,17788
PR,41,4104808,Cascavel,368195
PR,41,4104907,Castro,75644
PR,41,4105003,Catanduvas,10621
PR,41,4105102,Centenário do Sul,10903
PR,41,4105201,Cerro Azul,16287
PR,41,4105300,Céu Azul,11255
PR,41,4105409,Chopinzinho,21604
PR,41,4105508,Cianorte,82988
PR,41,4105607,Cidade Gaúcha,11705
PR,41,4105706,Clevelândia,14833
PR,41,4105805,Colombo,241672
PR,41,4105904,Colorado,23313
PR,41,4106001,Congonhinhas,8445
PR,41,4106100,Conselheiro Mairinck,3474
PR,41,4106209,Contenda,20006
PR,41,4106308,Corbélia,17933
PR,41,4106407,Cornélio Procópio,45720
PR,41,4106456,Coronel Domingos Soares,5427
PR,41,4106506,Coronel Vivida,24010
PR,41,4106555,Corumbataí do Sul,3770
PR,41,4106803,Cruz Machado,15759
PR,41,4106571,Cruzeiro do Iguaçu,4129
PR,41,4106605,Cruzeiro do Oeste,24859
PR,41,4106704,Cruzeiro do Sul,4543
PR,41,4106852,Cruzmaltina,2870
PR,41,4106902,Curitiba,1830795
PR,41,4107009,Curiúva,13784
PR,41,4107157,Diamante D'Oeste,4513
PR,41,4107108,Diamante do Norte,5139
PR,41,4107124,Diamante do Sul,3147
PR,41,4107207,Dois Vizinhos,47589
PR,41,4107256,Douradina,9631
PR,41,4107306,Doutor Camargo,6517
PR,41,4128633,Doutor Ulysses,5744
PR,41,4107405,Enéas Marques,6146
PR,41,4107504,Engenheiro Beltrão,12347
PR,41,4107538,Entre Rios do Oeste,4770
PR,41,4107520,Esperança Nova,1852
PR,41,4107546,Espigão Alto do Iguaçu,4880
PR,41,4107553,Farol,2994
PR,41,4107603,Faxinal,16596
PR,41,4107652,Fazenda Rio Grande,165943
PR,41,4107702,Fênix,4488
PR,41,4107736,Fernandes Pinheiro,6400
PR,41,4107751,Figueira,8129
PR,41,4107850,Flor da Serra do Sul,4342
PR,41,4107801,Floraí,4805
PR,41,4107900,Floresta,11522
PR,41,4108007,Florestópolis,11653
PR,41,4108106,Flórida,2711
PR,41,4108205,Formosa do Oeste,7763
PR,41,4108304,Foz do Iguaçu,297352
PR,41,4108452,Foz do Jordão,4893
PR,41,4108320,Francisco Alves,8573
PR,41,4108403,Francisco Beltrão,102312
PR,41,4108502,General Carneiro,10691
PR,41,4108551,Godoy Moreira,2911
PR,41,4108601,Goioerê,30025
PR,41,4108650,Goioxim,6469
PR,41,4108700,Grandes Rios,5527
PR,41,4108809,Guaíra,33058
PR,41,4108908,Guairaçá,6762
PR,41,4108957,Guamiranga,7916
PR,41,4109005,Guapirama,4857
PR,41,4109104,Guaporema,2210
PR,41,4109203,Guaraci,4743
PR,41,4109302,Guaraniaçu,13770
PR,41,4109401,Guarapuava,189630
PR,41,4109500,Guaraqueçaba,7446
PR,41,4109609,Guaratuba,44913
PR,41,4109658,Honório Serpa,4803
PR,41,4109708,Ibaiti,29464
PR,41,4109757,Ibema,6343
PR,41,4109807,Ibiporã,53276
PR,41,4109906,Icaraíma,9149
PR,41,4110003,Iguaraçu,5693
PR,41,4110052,Iguatu,2156
PR,41,4110078,Imbaú,15068
PR,41,4110102,Imbituva,30849
PR,41,4110201,Inácio Martins,9555
PR,41,4110300,Inajá,2481
PR,41,4110409,Indianópolis,4544
PR,41,4110508,Ipiranga,14317
PR,41,4110607,Iporã,16102
PR,41,4110656,Iracema do Oeste,2328
PR,41,4110706,Irati,61004
PR,41,4110805,Iretama,10832
PR,41,4110904,Itaguajé,4530
PR,41,4110953,Itaipulândia,12116
PR,41,4111001,Itambaracá,5819
PR,41,4111100,Itambé,6228
PR,41,4111209,Itapejara d'Oeste,12869
PR,41,4111258,Itaperuçu,33310
PR,41,4111308,Itaúna do Sul,3607
PR,41,4111407,Ivaí,13476
PR,41,4111506,Ivaiporã,33566
PR,41,4111555,Ivaté,6788
PR,41,4111605,Ivatuba,2685
PR,41,4111704,Jaboti,5655
PR,41,4111803,Jacarezinho,41493
PR,41,4111902,Jaguapitã,15908
PR,41,4112009,Jaguariaíva,36384
PR,41,4112108,Jandaia do Sul,21930
PR,41,4112207,Janiópolis,5807
PR,41,4112306,Japira,5054
PR,41,4112405,Japurá,9393
PR,41,4112504,Jardim Alegre,12138
PR,41,4112603,Jardim Olinda,1349
PR,41,4112702,Jataizinho,11996
PR,41,4112751,Jesuítas,10954
PR,41,4112801,Joaquim Távora,12341
PR,41,4112900,Jundiaí do Sul,3372
PR,41,4112959,Juranda,7899
PR,41,4113007,Jussara,6786
PR,41,4113106,Kaloré,4666
PR,41,4113205,Lapa,45878
PR,41,4113254,Laranjal,5525
PR,41,4113304,Laranjeiras do Sul,33179
PR,41,4113403,Leópolis,3725
PR,41,4113429,Lidianópolis,3987
PR,41,4113452,Lindoeste,5217
PR,41,4113502,Loanda,23966
PR,41,4113601,Lobato,4707
PR,41,4113700,Londrina,581382
PR,41,4113734,Luiziana,6659
PR,41,4113759,Lunardelli,4864
PR,41,4113809,Lupionópolis,4929
PR,41,4113908,Mallet,13681
PR,41,4114005,Mamborê,13551
PR,41,4114104,Mandaguaçu,34521
PR,41,4114203,Mandaguari,38313
PR,41,4114302,Mandirituba,29104
PR,41,4114351,Manfrinópolis,2790
PR,41,4114401,Mangueirinha,16737
PR,41,4114500,Manoel Ribas,14675
PR,41,4114609,Marechal Cândido Rondon,58734
PR,41,4114708,Maria Helena,5926
PR,41,4114807,Marialva,44749
PR,41,4114906,Marilândia do Sul,8761
PR,41,4115002,Marilena,7450
PR,41,4115101,Mariluz,9910
PR,41,4115200,Maringá,429660
PR,41,4115309,Mariópolis,6506
PR,41,4115358,Maripá,6824
PR,41,4115408,Marmeleiro,16605
PR,41,4115457,Marquinho,4491
PR,41,4115507,Marumbi,4780
PR,41,4115606,Matelândia,19223
PR,41,4115705,Matinhos,42063
PR,41,4115739,Mato Rico,3249
PR,41,4115754,Mauá da Serra,9689
PR,41,4115804,Medianeira,57910
PR,41,4115853,Mercedes,6194
PR,41,4115903,Mirador,2248
PR,41,4116000,Miraselva,2017
PR,41,4116059,Missal,11423
PR,41,4116109,Moreira Sales,9949
PR,41,4116208,Morretes,19089
PR,41,4116307,Munhoz de Melo,4057
PR,41,4116406,Nossa Senhora das Graças,3669
PR,41,4116505,Nova Aliança do Ivaí,1322
PR,41,4116604,Nova América da Colina,3286
PR,41,4116703,Nova Aurora,14331
PR,41,4116802,Nova Cantu,6739
PR,41,4116901,Nova Esperança,27142
PR,41,4116950,Nova Esperança do Sudoeste,5783
PR,41,4117008,Nova Fátima,7140
PR,41,4117057,Nova Laranjeiras,12298
PR,41,4117107,Nova Londrina,13074
PR,41,4117206,Nova Olímpia,5982
PR,41,4117255,Nova Prata do Iguaçu,13340
PR,41,4117214,Nova Santa Bárbara,4308
PR,41,4117222,Nova Santa Rosa,8581
PR,41,4117271,Nova Tebas,6852
PR,41,4117297,Novo Itacolomi,3227
PR,41,4117305,Ortigueira,24706
PR,41,4117404,Ourizona,3193
PR,41,4117453,Ouro Verde do Oeste,7102
PR,41,4117503,Paiçandu,48695
PR,41,4117602,Palmas,50238
PR,41,4117701,Palmeira,34948
PR,41,4117800,Palmital,12879
PR,41,4117909,Palotina,37039
PR,41,4118006,Paraíso do Norte,13728
PR,41,4118105,Paranacity,9549
PR,41,4118204,Paranaguá,150104
PR,41,4118303,Paranapoema,2352
PR,41,4118402,Paranavaí,96209
PR,41,4118451,Pato Bragado,6004
PR,41,4118501,Pato Branco,97821
PR,41,4118600,Paula Freitas,5706
PR,41,4118709,Paulo Frontin,6414
PR,41,4118808,Peabiru,13494
PR,41,4118857,Perobal,7599
PR,41,4118907,Pérola,12389
PR,41,4119004,Pérola d'Oeste,6218
PR,41,4119103,Piên,14409
PR,41,4119152,Pinhais,131255
PR,41,4119251,Pinhal de São Bento,2805
PR,41,4119202,Pinhalão,6676
PR,41,4119301,Pinhão,30451
PR,41,4119400,Piraí do Sul,23977
PR,41,4119509,Piraquara,127433
PR,41,4119608,Pitanga,34527
PR,41,4119657,Pitangueiras,3141
PR,41,4119707,Planaltina do Paraná,4125
PR,41,4119806,Planalto,14722
PR,41,4119905,Ponta Grossa,375632
PR,41,4119954,Pontal do Paraná,33131
PR,41,4120002,Porecatu,11271
PR,41,4120101,Porto Amazonas,4072
PR,41,4120150,Porto Barreiro,3057
PR,41,4120200,Porto Rico,3370
PR,41,4120309,Porto Vitória,3515
PR,41,4120333,Prado Ferreira,3816
PR,41,4120358,Pranchita,5831
PR,41,4120408,Presidente Castelo Branco,4304
PR,41,4120507,Primeiro de Maio,10064
PR,41,4120606,Prudentópolis,50946
PR,41,4120655,Quarto Centenário,4127
PR,41,4120705,Quatiguá,8426
PR,41,4120804,Quatro Barras,25397
PR,41,4120853,Quatro Pontes,4672
PR,41,4120903,Quedas do Iguaçu,31423
PR,41,4121000,Querência do Norte,10625
PR,41,4121109,Quinta do Sol,5052
PR,41,4121208,Quitandinha,18882
PR,41,4121257,Ramilândia,4279
PR,41,4121307,Rancho Alegre,3472
PR,41,4121356,Rancho Alegre D'Oeste,2623
PR,41,4121406,Realeza,20097
PR,41,4121505,Rebouças,14825
PR,41,4121604,Renascença,6945
PR,41,4121703,Reserva,24878
PR,41,4121752,Reserva do Iguaçu,6493
PR,41,4121802,Ribeirão Claro,12856
PR,41,4121901,Ribeirão do Pinhal,13158
PR,41,4122008,Rio Azul,14174
PR,41,4122107,Rio Bom,3214
PR,41,4122156,Rio Bonito do Iguaçu,14297
PR,41,4122172,Rio Branco do Ivaí,3841
PR,41,4122206,Rio Branco do Sul,40308
PR,41,4122305,Rio Negro,31951
PR,41,4122404,Rolândia,75818
PR,41,4122503,Roncador,11339
PR,41,4122602,Rondon,9255
PR,41,4122651,Rosário do Ivaí,5484
PR,41,4122701,Sabáudia,9511
PR,41,4122800,Salgado Filho,4090
PR,41,4122909,Salto do Itararé,5214
PR,41,4123006,Salto do Lontra,15706
PR,41,4123105,Santa Amélia,3358
PR,41,4123204,Santa Cecília do Pavão,3357
PR,41,4123303,Santa Cruz de Monte Castelo,8840
PR,41,4123402,Santa Fé,11730
PR,41,4123501,Santa Helena,26461
PR,41,4123600,Santa Inês,1745
PR,41,4123709,Santa Isabel do Ivaí,9043
PR,41,4123808,Santa Izabel do Oeste,14462
PR,41,4123824,Santa Lúcia,3638
PR,41,4123857,Santa Maria do Oeste,9869
PR,41,4123907,Santa Mariana,10941
PR,41,4123956,Santa Mônica,3361
PR,41,4124020,Santa Tereza do Oeste,13938
PR,41,4124053,Santa Terezinha de Itaipu,25300
PR,41,4124004,Santana do Itararé,5646
PR,41,4124103,Santo Antônio da Platina,45628
PR,41,4124202,Santo Antônio do Caiuá,2474
PR,41,4124301,Santo Antônio do Paraíso,2088
PR,41,4124400,Santo Antônio do Sudoeste,24980
PR,41,4124509,Santo Inácio,6463
PR,41,4124608,São Carlos do Ivaí,6727
PR,41,4124707,São Jerônimo da Serra,10884
PR,41,4124806,São João,12297
PR,41,4124905,São João do Caiuá,5607
PR,41,4125001,São João do Ivaí,10639
PR,41,4125100,São João do Triunfo,13899
PR,41,4125209,São Jorge d'Oeste,9587
PR,41,4125308,São Jorge do Ivaí,5170
PR,41,4125357,São Jorge do Patrocínio,6690
PR,41,4125407,São José da Boa Vista,6023
PR,41,4125456,São José das Palmeiras,4031
PR,41,4125506,São José dos Pinhais,349880
PR,41,4125555,São Manoel do Paraná,2176
PR,41,4125605,São Mateus do Sul,43490
PR,41,4125704,São Miguel do Iguaçu,30416
PR,41,4125753,São Pedro do Iguaçu,5730
PR,41,4125803,São Pedro do Ivaí,8514
PR,41,4125902,São Pedro do Paraná,2726
PR,41,4126009,São Sebastião da Amoreira,8063
PR,41,4126108,São Tomé,5282
PR,41,4126207,Sapopema,6778
PR,41,4126256,Sarandi,128106
PR,41,4126272,Saudade do Iguaçu,6413
PR,41,4126306,Sengés,17256
PR,41,4126355,Serranópolis do Iguaçu,5161
PR,41,4126405,Sertaneja,5654
PR,41,4126504,Sertanópolis,16210
PR,41,4126603,Siqueira Campos,24031
PR,41,4126652,Sulina,3498
PR,41,4126678,Tamarana,10540
PR,41,4126702,Tamboara,4986
PR,41,4126801,Tapejara,16326
PR,41,4126900,Tapira,5807
PR,41,4127007,Teixeira Soares,9540
PR,41,4127106,Telêmaco Borba,77479
PR,41,4127205,Terra Boa,18168
PR,41,4127304,Terra Rica,14961
PR,41,4127403,Terra Roxa,18636
PR,41,4127502,Tibagi,20374
PR,41,4127601,Tijucas do Sul,18458
PR,41,4127700,Toledo,160701
PR,41,4127809,Tomazina,8523
PR,41,4127858,Três Barras do Paraná,11157
PR,41,4127882,Tunas do Paraná,6304
PR,41,4127908,Tuneiras do Oeste,8067
PR,41,4127957,Tupãssi,8208
PR,41,4127965,Turvo,14101
PR,41,4128005,Ubiratã,25732
PR,41,4128104,Umuarama,123059
PR,41,4128203,União da Vitória,56560
PR,41,4128302,Uniflor,2106
PR,41,4128401,Uraí,10308
PR,41,4128534,Ventania,9760
PR,41,4128559,Vera Cruz do Oeste,8178
PR,41,4128609,Verê,8077
PR,41,4128658,Virmond,3828
PR,41,4128708,Vitorino,10549
PR,41,4128500,Wenceslau Braz,19398
PR,41,4128807,Xambrê,5835
RJ,33,3300100,Angra dos Reis,179142
RJ,33,3300159,Aperibé,11426
RJ,33,3300209,Araruama,137906
RJ,33,3300225,Areal,12239
RJ,33,3300233,Armação dos Búzios,42527
RJ,33,3300258,Arraial do Cabo,32822
RJ,33,3300308,Barra do Piraí,98506
RJ,33,3300407,Barra Mansa,181679
RJ,33,3300456,Belford Roxo,518384
RJ,33,3300506,Bom Jardim,29758
RJ,33,3300605,Bom Jesus do Itabapoana,37176
RJ,33,3300704,Cabo Frio,238438
RJ,33,3300803,Cachoeiras de Macacu,59861
RJ,33,3300902,Cambuci,15069
RJ,33,3301009,Campos dos Goytacazes,519259
RJ,33,3301108,Cantagalo,19995
RJ,33,3300936,Carapebus,14329
RJ,33,3301157,Cardoso Moreira,13407
RJ,33,3301207,Carmo,17741
RJ,33,3301306,Casimiro de Abreu,48636
RJ,33,3300951,Comendador Levy Gasparian,9048
RJ,33,3301405,Conceição de Macabu,21770
RJ,33,3301504,Cordeiro,21448
RJ,33,3301603,Duas Barras,11355
RJ,33,3301702,Duque de Caxias,866225
RJ,33,3301801,Engenheiro Paulo de Frontin,12644
RJ,33,3301850,Guapimirim,54311
RJ,33,3301876,Iguaba Grande,29616
RJ,33,3301900,Itaboraí,240127
RJ,33,3302007,Itaguaí,124021
RJ,33,3302056,Italva,14518
RJ,33,3302106,Itaocara,23645
RJ,33,3302205,Itaperuna,107297
RJ,33,3302254,Itatiaia,32713
RJ,33,3302270,Japeri,102171
RJ,33,3302304,Laje do Muriaé,7584
RJ,33,3302403,Macaé,264439
RJ,33,3302452,Macuco,5602
RJ,33,3302502,Magé,244142
RJ,33,3302601,Mangaratiba,43660
RJ,33,3302700,Maricá,212470
RJ,33,3302809,Mendes,18048
RJ,33,3302858,Mesquita,178830
RJ,33,3302908,Miguel Pereira,28142
RJ,33,3303005,Miracema,28416
RJ,33,3303104,Natividade,15551
RJ,33,3303203,Nilópolis,155500
RJ,33,3303302,Niterói,516787
RJ,33,3303401,Nova Friburgo,203417
RJ,33,3303500,Nova Iguaçu,843220
RJ,33,3303609,Paracambi,43627
RJ,33,3303708,Paraíba do Sul,44479
RJ,33,3303807,Paraty,47668
RJ,33,3303856,Paty do Alferes,31370
RJ,33,3303906,Petrópolis,294926
RJ,33,3303955,Pinheiral,25096
RJ,33,3304003,Piraí,29066
RJ,33,3304102,Porciúncula,17832
RJ,33,3304110,Porto Real,21089
RJ,33,3304128,Quatis,14165
RJ,33,3304144,Queimados,149135
RJ,33,3304151,Quissamã,23142
RJ,33,3304201,Resende,137697
RJ,33,3304300,Rio Bonito,59126
RJ,33,3304409,Rio Claro,17951
RJ,33,3304508,Rio das Flores,9267
RJ,33,3304524,Rio das Ostras,168455
RJ,33,3304557,Rio de Janeiro,6730729
RJ,33,3304607,Santa Maria Madalena,10580
RJ,33,3304706,Santo Antônio de Pádua,43697
RJ,33,3304805,São Fidélis,41212
RJ,33,3304755,São Francisco de Itabapoana,47397
RJ,33,3304904,São Gonçalo,960196
RJ,33,3305000,São João da Barra,38740
RJ,33,3305109,São João de Meriti,466503
RJ,33,3305133,São José de Ubá,7318
RJ,33,3305158,São José do Vale do Rio Preto,22813
RJ,33,3305208,São Pedro da Aldeia,110677
RJ,33,3305307,São Sebastião do Alto,7993
RJ,33,3305406,Sapucaia,18291
RJ,33,3305505,Saquarema,95315
RJ,33,3305554,Seropédica,84794
RJ,33,3305604,Silva Jardim,22028
RJ,33,3305703,Sumidouro,15693
RJ,33,3305752,Tanguá,32865
RJ,33,3305802,Teresópolis,176735
RJ,33,3305901,Trajano de Moraes,10654
RJ,33,3306008,Três Rios,82319
RJ,33,3306107,Valença,71449
RJ,33,3306156,Varre-Sai,10563
RJ,33,3306206,Vassouras,35907
RJ,33,3306305,Volta Redonda,279971
RN,24,2400109,Acari,10855
RN,24,2400208,Açu,59099
RN,24,2400307,Afonso Bezerra,11158
RN,24,2400406,Água Nova,3029
RN,24,2400505,Alexandria,14058
RN,24,2400604,Almino Afonso,4802
RN,24,2400703,Alto do Rodrigues,12874
RN,24,2400802,Angicos,11985
RN,24,2400901,Antônio Martins,6730
RN,24,2401008,Apodi,37486
RN,24,2401107,Areia Branca,24607
RN,24,2401206,Arês,13681
RN,24,2401404,Baía Formosa,9115
RN,24,2401453,Baraúna,28415
RN,24,2401503,Barcelona,4108
RN,24,2401602,Bento Fernandes,4911
RN,24,2401651,Bodó,2360
RN,24,2401701,Bom Jesus,10308
RN,24,2401800,Brejinho,12638
RN,24,2401859,Caiçara do Norte,6479
RN,24,2401909,Caiçara do Rio do Vento,3360
RN,24,2402006,Caicó,63338
RN,24,2401305,Campo Grande,10071
RN,24,2402105,Campo Redondo,10510
RN,24,2402204,Canguaretama,30789
RN,24,2402303,Caraúbas,20182
RN,24,2402402,Carnaúba dos Dantas,8296
RN,24,2402501,Carnaubais,10026
RN,24,2402600,Ceará-Mirim,83543
RN,24,2402709,Cerro Corá,11334
RN,24,2402808,Coronel Ezequiel,5233
RN,24,2402907,Coronel João Pessoa,4297
RN,24,2403004,Cruzeta,8245
RN,24,2403103,Currais Novos,42922
RN,24,2403202,Doutor Severiano,7262
RN,24,2403301,Encanto,6289
RN,24,2403400,Equador,5461
RN,24,2403509,Espírito Santo,10951
RN,24,2403608,Extremoz,68584
RN,24,2403707,Felipe Guerra,6472
RN,24,2403756,Fernando Pedroza,3035
RN,24,2403806,Florânia,10556
RN,24,2403905,Francisco Dantas,2758
RN,24,2404002,Frutuoso Gomes,4230
RN,24,2404101,Galinhos,2159
RN,24,2404200,Goianinha,28422
RN,24,2404309,Governador Dix-Sept Rosado,12231
RN,24,2404408,Grossos,10281
RN,24,2404507,Guamaré,16076
RN,24,2404606,Ielmo Marinho,11889
RN,24,2404705,Ipanguaçu,14560
RN,24,2404804,Ipueira,2090
RN,24,2404853,Itajá,7551
RN,24,2404903,Itaú,5447
RN,24,2405009,Jaçanã,8053
RN,24,2405108,Jandaíra,6752
RN,24,2405207,Janduís,4813
RN,24,2405306,Januário Cicco,8843
RN,24,2405405,Japi,5219
RN,24,2405504,Jardim de Angicos,2488
RN,24,2405603,Jardim de Piranhas,14446
RN,24,2405702,Jardim do Seridó,11942
RN,24,2405801,João Câmara,34849
RN,24,2405900,João Dias,2073
RN,24,2406007,José da Penha,5966
RN,24,2406106,Jucurutu,18304
RN,24,2406155,Jundiá,3868
RN,24,2406205,Lagoa d'Anta,6756
RN,24,2406304,Lagoa de Pedras,7597
RN,24,2406403,Lagoa de Velhos,2631
RN,24,2406502,Lagoa Nova,16203
RN,24,2406601,Lagoa Salgada,8657
RN,24,2406700,Lajes,10094
RN,24,2406809,Lajes Pintadas,4950
RN,24,2406908,Lucrécia,3576
RN,24,2407005,Luís Gomes,9271
RN,24,2407104,Macaíba,87056
RN,24,2407203,Macau,28350
RN,24,2407252,Major Sales,4086
RN,24,2407302,Marcelino Vieira,8083
RN,24,2407401,Martins,8415
RN,24,2407500,Maxaranguape,10534
RN,24,2407609,Messias Targino,4410
RN,24,2407708,Montanhas,11785
RN,24,2407807,Monte Alegre,23953
RN,24,2407906,Monte das Gameleiras,2345
RN,24,2408003,Mossoró,278587
RN,24,2408102,Natal,784249
RN,24,2408201,Nísia Floresta,34325
RN,24,2408300,Nova Cruz,35523
RN,24,2408409,Olho d'Água do Borges,3736
RN,24,2408508,Ouro Branco,5084
RN,24,2408607,Paraná,4048
RN,24,2408706,Paraú,3650
RN,24,2408805,Parazinho,4945
RN,24,2408904,Parelhas,22242
RN,24,2403251,Parnamirim,271713
RN,24,2409100,Passa e Fica,11407
RN,24,2409209,Passagem,3233
RN,24,2409308,Patu,11215
RN,24,2409407,Pau dos Ferros,32123
RN,24,2409506,Pedra Grande,3736
RN,24,2409605,Pedra Preta,2495
RN,24,2409704,Pedro Avelino,6312
RN,24,2409803,Pedro Velho,14197
RN,24,2409902,Pendências,12499
RN,24,2410009,Pilões,2992
RN,24,2410108,Poço Branco,12565
RN,24,2410207,Portalegre,7859
RN,24,2410256,Porto do Mangue,5351
RN,24,2410405,Pureza,9752
RN,24,2410504,Rafael Fernandes,5682
RN,24,2410603,Rafael Godeiro,3005
RN,24,2410702,Riacho da Cruz,2724
RN,24,2410801,Riacho de Santana,4245
RN,24,2410900,Riachuelo,7646
RN,24,2408953,Rio do Fogo,10692
RN,24,2411007,Rodolfo Fernandes,4345
RN,24,2411106,Ruy Barbosa,3253
RN,24,2411205,Santa Cruz,39101
RN,24,2409332,Santa Maria,5000
RN,24,2411403,Santana do Matos,12722
RN,24,2411429,Santana do Seridó,2796
RN,24,2411502,Santo Antônio,22793
RN,24,2411601,São Bento do Norte,3442
RN,24,2411700,São Bento do Trairí,3890
RN,24,2411809,São Fernando,3606
RN,24,2411908,São Francisco do Oeste,4319
RN,24,2412005,São Gonçalo do Amarante,124495
RN,24,2412104,São João do Sabugi,6136
RN,24,2412203,São José de Mipibu,50053
RN,24,2412302,São José do Campestre,11298
RN,24,2412401,São José do Seridó,4733
RN,24,2412500,São Miguel,24422
RN,24,2412559,São Miguel do Gostoso,10636
RN,24,2412609,São Paulo do Potengi,17371
RN,24,2412708,São Pedro,5890
RN,24,2412807,São Rafael,7889
RN,24,2412906,São Tomé,10161
RN,24,2413003,São Vicente,6530
RN,24,2413102,Senador Elói de Souza,6027
RN,24,2413201,Senador Georgino Avelino,4202
RN,24,2410306,Serra Caiada,11203
RN,24,2413300,Serra de São Bento,5866
RN,24,2413359,Serra do Mel,13819
RN,24,2413409,Serra Negra do Norte,7800
RN,24,2413508,Serrinha,6608
RN,24,2413557,Serrinha dos Pintos,4810
RN,24,2413607,Severiano Melo,5616
RN,24,2413706,Sítio Novo,4746
RN,24,2413805,Taboleiro Grande,2409
RN,24,2413904,Taipu,11708
RN,24,2414001,Tangará,13583
RN,24,2414100,Tenente Ananias,10610
RN,24,2414159,Tenente Laurentino Cruz,6152
RN,24,2411056,Tibau,5748
RN,24,2414209,Tibau do Sul,18080
RN,24,2414308,Timbaúba dos Batistas,2424
RN,24,2414407,Touros,34767
RN,24,2414456,Triunfo Potiguar,3477
RN,24,2414506,Umarizal,10655
RN,24,2414605,Upanema,14048
RN,24,2414704,Várzea,5387
RN,24,2414753,Venha-Ver,3005
RN,24,2414803,Vera Cruz,11053
RN,24,2414902,Viçosa,1900
RN,24,2415008,Vila Flor,3304
RO,11,1100015,Alta Floresta D'Oeste,22787
RO,11,1100379,Alto Alegre dos Parecis,12237
RO,11,1100403,Alto Paraíso,17467
RO,11,1100346,Alvorada D'Oeste,13720
RO,11,1100023,Ariquemes,109170
RO,11,1100452,Buritis,30649
RO,11,1100031,Cabixi,5664
RO,11,1100601,Cacaulândia,4292
RO,11,1100049,Cacoal,98280
RO,11,1100700,Campo Novo de Rondônia,9095
RO,11,1100809,Candeias do Jamari,24313
RO,11,1100908,Castanheiras,3450
RO,11,1100056,Cerejeiras,16966
RO,11,1100924,Chupinguaia,10191
RO,11,1100064,Colorado do Oeste,16508
RO,11,1100072,Corumbiara,7968
RO,11,1100080,Costa Marques,13510
RO,11,1100940,Cujubim,15877
RO,11,1100098,Espigão D'Oeste,32842
RO,11,1101005,Governador Jorge Teixeira,8340
RO,11,1100106,Guajará-Mirim,43594
RO,11,1101104,Itapuã do Oeste,9228
RO,11,1100114,Jaru,55682
RO,11,1100122,Ji-Paraná,140101
RO,11,1100130,Machadinho D'Oeste,34149
RO,11,1101203,Ministro Andreazza,6519
RO,11,1101302,Mirante da Serra,9657
RO,11,1101401,Monte Negro,12168
RO,11,1100148,Nova Brasilândia D'Oeste,16374
RO,11,1100338,Nova Mamoré,28701
RO,11,1101435,Nova União,6541
RO,11,1100502,Novo Horizonte do Oeste,7972
RO,11,1100155,Ouro Preto do Oeste,38684
RO,11,1101450,Parecis,4372
RO,11,1100189,Pimenta Bueno,39220
RO,11,1101468,Pimenteiras do Oeste,2309
RO,11,1100205,Porto Velho,517709
RO,11,1100254,Presidente Médici,20443
RO,11,1101476,Primavera de Rondônia,3268
RO,11,1100262,Rio Crespo,3767
RO,11,1100288,Rolim de Moura,62959
RO,11,1100296,Santa Luzia D'Oeste,7837
RO,11,1101484,São Felipe D'Oeste,5588
RO,11,1101492,São Francisco do Guaporé,17557
RO,11,1100320,São Miguel do Guaporé,22305
RO,11,1101500,Seringueiras,12965
RO,11,1101559,Teixeirópolis,4521
RO,11,1101609,Theobroma,8459
RO,11,1101708,Urupá,11314
RO,11,1101757,Vale do Anari,8220
RO,11,1101807,Vale do Paraíso,6790
RO,11,1100304,Vilhena,109651
RR,14,1400050,Alto Alegre,23589
RR,14,1400027,Amajari,16112
RR,14,1400100,Boa Vista,485477
RR,14,1400159,Bonfim,15570
RR,14,1400175,Cantá,21102
RR,14,1400209,Caracaraí,22750
RR,14,1400233,Caroebe,12004
RR,14,1400282,Iracema,10937
RR,14,1400308,Mucajaí,20006
RR,14,1400407,Normandia,16323
RR,14,1400456,Pacaraima,23112
RR,14,1400472,Rorainópolis,37787
RR,14,1400506,São João da Baliza,9969
RR,14,1400605,São Luiz,7848
RR,14,1400704,Uiramutã,16186
RS,43,4300034,Aceguá,4251
RS,43,4300059,Água Santa,4003
RS,43,4300109,Agudo,16341
RS,43,4300208,Ajuricaba,6843
RS,43,4300307,Alecrim,6219
RS,43,4300406,Alegrete,74285
RS,43,4300455,Alegria,3705
RS,43,4300471,Almirante Tamandaré do Sul,2007
RS,43,4300505,Alpestre,7235
RS,43,4300554,Alto Alegre,1837
RS,43,4300570,Alto Feliz,3145
RS,43,4300604,Alvorada,194062
RS,43,4300638,Amaral Ferrador,5384
RS,43,4300646,Ametista do Sul,7826
RS,43,4300661,André da Rocha,1156
RS,43,4300703,Anta Gorda,6080
RS,43,4300802,Antônio Prado,13332
RS,43,4300851,Arambaré,4215
RS,43,4300877,Araricá,8831
RS,43,4300901,Aratiba,6618
RS,43,4301008,Arroio do Meio,22523
RS,43,4301073,Arroio do Padre,2650
RS,43,4301057,Arroio do Sal,11418
RS,43,4301206,Arroio do Tigre,12291
RS,43,4301107,Arroio dos Ratos,14934
RS,43,4301305,Arroio Grande,17879
RS,43,4301404,Arvorezinha,10547
RS,43,4301503,Augusto Pestana,7303
RS,43,4301552,Áurea,3458
RS,43,4301602,Bagé,121928
RS,43,4301636,Balneário Pinhal,15413
RS,43,4301651,Barão,6496
RS,43,4301701,Barão de Cotegipe,7320
RS,43,4301750,Barão do Triunfo,5972
RS,43,4301859,Barra do Guarita,3231
RS,43,4301875,Barra do Quaraí,4340
RS,43,4301909,Barra do Ribeiro,12473
RS,43,4301925,Barra do Rio Azul,1721
RS,43,4301958,Barra Funda,2557
RS,43,4301800,Barracão,4915
RS,43,4302006,Barros Cassal,9425
RS,43,4302055,Benjamin Constant do Sul,2118
RS,43,4302105,Bento Gonçalves,127977
RS,43,4302154,Boa Vista das Missões,1968
RS,43,4302204,Boa Vista do Buricá,7129
RS,43,4302220,Boa Vista do Cadeado,2269
RS,43,4302238,Boa Vista do Incra,2314
RS,43,4302253,Boa Vista do Sul,2815
RS,43,4302303,Bom Jesus,11429
RS,43,4302352,Bom Princípio,13665
RS,43,4302378,Bom Progresso,2132
RS,43,4302402,Bom Retiro do Sul,12587
RS,43,4302451,Boqueirão do Leão,6202
RS,43,4302501,Bossoroca,5978
RS,43,4302584,Bozano,2195
RS,43,4302600,Braga,3322
RS,43,4302659,Brochier,5083
RS,43,4302709,Butiá,19421
RS,43,4302808,Caçapava do Sul,33501
RS,43,4302907,Cacequi,11300
RS,43,4303004,Cachoeira do Sul,82222
RS,43,4303103,Cachoeirinha,141503
RS,43,4303202,Cacique Doble,4692
RS,43,4303301,Caibaté,4795
RS,43,4303400,Caiçara,4931
RS,43,4303509,Camaquã,63961
RS,43,4303558,Camargo,3060
RS,43,4303608,Cambará do Sul,6490
RS,43,4303673,Campestre da Serra,3311
RS,43,4303707,Campina das Missões,5999
RS,43,4303806,Campinas do Sul,5388
RS,43,4303905,Campo Bom,64719
RS,43,4304002,Campo Novo,5063
RS,43,4304101,Campos Borges,3695
RS,43,4304200,Candelária,29775
RS,43,4304309,Cândido Godói,6419
RS,43,4304358,Candiota,11012
RS,43,4304408,Canela,50715
RS,43,4304507,Canguçu,50968
RS,43,4304606,Canoas,359840
RS,43,4304614,Canudos do Vale,1686
RS,43,4304622,Capão Bonito do Sul,1769
RS,43,4304630,Capão da Canoa,66234
RS,43,4304655,Capão do Cipó,3187
RS,43,4304663,Capão do Leão,27416
RS,43,4304689,Capela de Santana,11424
RS,43,4304697,Capitão,2994
RS,43,4304671,Capivari do Sul,4080
RS,43,4304713,Caraá,7555
RS,43,4304705,Carazinho,63670
RS,43,4304804,Carlos Barbosa,31585
RS,43,4304853,Carlos Gomes,1384
RS,43,4304903,Casca,9698
RS,43,4304952,Caseiros,3064
RS,43,4305009,Catuípe,8834
RS,43,4305108,Caxias do Sul,479599
RS,43,4305116,Centenário,2777
RS,43,4305124,Cerrito,5910
RS,43,4305132,Cerro Branco,3859
RS,43,4305157,Cerro Grande,2428
RS,43,4305173,Cerro Grande do Sul,9333
RS,43,4305207,Cerro Largo,14014
RS,43,4305306,Chapada,9751
RS,43,4305355,Charqueadas,36110
RS,43,4305371,Charrua,2800
RS,43,4305405,Chiapetta,3991
RS,43,4305439,Chuí,6409
RS,43,4305447,Chuvisca,4682
RS,43,4305454,Cidreira,17583
RS,43,4305504,Ciríaco,4208
RS,43,4305587,Colinas,2474
RS,43,4305603,Colorado,3316
RS,43,4305702,Condor,6538
RS,43,4305801,Constantina,10631
RS,43,4305835,Coqueiro Baixo,1308
RS,43,4305850,Coqueiros do Sul,2248
RS,43,4305871,Coronel Barros,2896
RS,43,4305900,Coronel Bicaco,6214
RS,43,4305934,Coronel Pilar,1637
RS,43,4305959,Cotiporã,3926
RS,43,4305975,Coxilha,2718
RS,43,4306007,Crissiumal,13116
RS,43,4306056,Cristal,7455
RS,43,4306072,Cristal do Sul,2745
RS,43,4306106,Cruz Alta,60454
RS,43,4306130,Cruzaltense,1650
RS,43,4306205,Cruzeiro do Sul,12574
RS,43,4306304,David Canabarro,4400
RS,43,4306320,Derrubadas,2793
RS,43,4306353,Dezesseis de Novembro,2540
RS,43,4306379,Dilermando de Aguiar,2856
RS,43,4306403,Dois Irmãos,31804
RS,43,4306429,Dois Irmãos das Missões,2132
RS,43,4306452,Dois Lajeados,3156
RS,43,4306502,Dom Feliciano,13280
RS,43,4306601,Dom Pedrito,38080
RS,43,4306551,Dom Pedro de Alcântara,2617
RS,43,4306700,Dona Francisca,3133
RS,43,4306734,Doutor Maurício Cardoso,4534
RS,43,4306759,Doutor Ricardo,1924
RS,43,4306767,Eldorado do Sul,41012
RS,43,4306809,Encantado,23520
RS,43,4306908,Encruzilhada do Sul,24275
RS,43,4306924,Engenho Velho,1315
RS,43,4306957,Entre Rios do Sul,2727
RS,43,4306932,Entre-Ijuís,9367
RS,43,4306973,Erebango,3122
RS,43,4307005,Erechim,109609
RS,43,4307054,Ernestina,3097
RS,43,4307203,Erval Grande,5027
RS,43,4307302,Erval Seco,6892
RS,43,4307401,Esmeralda,3264
RS,43,4307450,Esperança do Sul,3293
RS,43,4307500,Espumoso,15478
RS,43,4307559,Estação,5685
RS,43,4307609,Estância Velha,49499
RS,43,4307708,Esteio,78144
RS,43,4307807,Estrela,33263
RS,43,4307815,Estrela Velha,3115
RS,43,4307831,Eugênio de Castro,2683
RS,43,4307864,Fagundes Varela,2620
RS,43,4307906,Farroupilha,72552
RS,43,4308003,Faxinal do Soturno,6846
RS,43,4308052,Faxinalzinho,2572
RS,43,4308078,Fazenda Vilanova,4405
RS,43,4308102,Feliz,13994
RS,43,4308201,Flores da Cunha,32015
RS,43,4308250,Floriano Peixoto,1690
RS,43,4308300,Fontoura Xavier,9710
RS,43,4308409,Formigueiro,6527
RS,43,4308433,Forquetinha,2441
RS,43,4308458,Fortaleza dos Valos,4569
RS,43,4308508,Frederico Westphalen,33726
RS,43,4308607,Garibaldi,35563
RS,43,4308656,Garruchos,2724
RS,43,4308706,Gaurama,5779
RS,43,4308805,General Câmara,7743
RS,43,4308854,Gentil,1784
RS,43,4308904,Getúlio Vargas,16955
RS,43,4309001,Giruá,16273
RS,43,4309050,Glorinha,7851
RS,43,4309100,Gramado,41705
RS,43,4309126,Gramado dos Loureiros,2047
RS,43,4309159,Gramado Xavier,3350
RS,43,4309209,Gravataí,275430
RS,43,4309258,Guabiju,1441
RS,43,4309308,Guaíba,95946
RS,43,4309407,Guaporé,26168
RS,43,4309506,Guarani das Missões,7547
RS,43,4309555,Harmonia,5535
RS,43,4307104,Herval,6302
RS,43,4309571,Herveiras,2604
RS,43,4309605,Horizontina,19252
RS,43,4309654,Hulha Negra,6102
RS,43,4309704,Humaitá,4772
RS,43,4309753,Ibarama,3787
RS,43,4309803,Ibiaçá,4617
RS,43,4309902,Ibiraiaras,6827
RS,43,4309951,Ibirapuitã,3789
RS,43,4310009,Ibirubá,22106
RS,43,4310108,Igrejinha,34776
RS,43,4310207,Ijuí,87848
RS,43,4310306,Ilópolis,4245
RS,43,4310330,Imbé,28027
RS,43,4310363,Imigrante,3149
RS,43,4310405,Independência,6557
RS,43,4310413,Inhacorá,2047
RS,43,4310439,Ipê,5490
RS,43,4310462,Ipiranga do Sul,1748
RS,43,4310504,Iraí,7619
RS,43,4310538,Itaara,5712
RS,43,4310553,Itacurubi,3038
RS,43,4310579,Itapuca,1963
RS,43,4310603,Itaqui,36811
RS,43,4310652,Itati,2696
RS,43,4310702,Itatiba do Sul,3240
RS,43,4310751,Ivorá,1962
RS,43,4310801,Ivoti,23566
RS,43,4310850,Jaboticaba,3847
RS,43,4310876,Jacuizinho,2066
RS,43,4310900,Jacutinga,3398
RS,43,4311007,Jaguarão,27396
RS,43,4311106,Jaguari,10771
RS,43,4311122,Jaquirana,3751
RS,43,4311130,Jari,3412
RS,43,4311155,Jóia,7294
RS,43,4311205,Júlio de Castilhos,18545
RS,43,4311239,Lagoa Bonita do Sul,2283
RS,43,4311270,Lagoa dos Três Cantos,1781
RS,43,4311304,Lagoa Vermelha,28622
RS,43,4311254,Lagoão,5421
RS,43,4311403,Lajeado,96879
RS,43,4311429,Lajeado do Bugre,2661
RS,43,4311502,Lavras do Sul,7290
RS,43,4311601,Liberato Salzano,4845
RS,43,4311627,Lindolfo Collor,6420
RS,43,4311643,Linha Nova,1721
RS,43,4311718,Maçambará,4485
RS,43,4311700,Machadinho,5867
RS,43,4311734,Mampituba,3203
RS,43,4311759,Manoel Viana,6915
RS,43,4311775,Maquiné,7593
RS,43,4311791,Maratá,2521
RS,43,4311809,Marau,46748
RS,43,4311908,Marcelino Ramos,4382
RS,43,4311981,Mariana Pimentel,4005
RS,43,4312005,Mariano Moro,1884
RS,43,4312054,Marques de Souza,4050
RS,43,4312104,Mata,4782
RS,43,4312138,Mato Castelhano,2611
RS,43,4312153,Mato Leitão,5001
RS,43,4312179,Mato Queimado,1833
RS,43,4312203,Maximiliano de Almeida,4251
RS,43,4312252,Minas do Leão,7661
RS,43,4312302,Miraguaí,4501
RS,43,4312351,Montauri,1530
RS,43,4312377,Monte Alegre dos Campos,3251
RS,43,4312385,Monte Belo do Sul,2608
RS,43,4312401,Montenegro,66352
RS,43,4312427,Mormaço,2815
RS,43,4312443,Morrinhos do Sul,3133
RS,43,4312450,Morro Redondo,6168
RS,43,4312476,Morro Reuter,6167
RS,43,4312500,Mostardas,12347
RS,43,4312609,Muçum,4692
RS,43,4312617,Muitos Capões,2937
RS,43,4312625,Muliterno,1754
RS,43,4312658,Não-Me-Toque,18335
RS,43,4312674,Nicolau Vergueiro,1982
RS,43,4312708,Nonoai,14074
RS,43,4312757,Nova Alvorada,3229
RS,43,4312807,Nova Araçá,5098
RS,43,4312906,Nova Bassano,9867
RS,43,4312955,Nova Boa Vista,2089
RS,43,4313003,Nova Bréscia,3104
RS,43,4313011,Nova Candelária,3138
RS,43,4313037,Nova Esperança do Sul,4976
RS,43,4313060,Nova Hartz,20558
RS,43,4313086,Nova Pádua,2389
RS,43,4313102,Nova Palma,5676
RS,43,4313201,Nova Petrópolis,23934
RS,43,4313300,Nova Prata,26637
RS,43,4313334,Nova Ramada,2198
RS,43,4313359,Nova Roma do Sul,3545
RS,43,4313375,Nova Santa Rita,30189
RS,43,4313490,Novo Barreiro,4375
RS,43,4313391,Novo Cabrais,3633
RS,43,4313409,Novo Hamburgo,235802
RS,43,4313425,Novo Machado,3239
RS,43,4313441,Novo Tiradentes,2187
RS,43,4313466,Novo Xingu,1677
RS,43,4313508,Osório,48999
RS,43,4313607,Paim Filho,3685
RS,43,4313656,Palmares do Sul,13189
RS,43,4313706,Palmeira das Missões,34227
RS,43,4313805,Palmitinho,8042
RS,43,4313904,Panambi,45102
RS,43,4313953,Pantano Grande,10443
RS,43,4314001,Paraí,7362
RS,43,4314027,Paraíso do Sul,6627
RS,43,4314035,Pareci Novo,4441
RS,43,4314050,Parobé,53569
RS,43,4314068,Passa Sete,4024
RS,43,4314076,Passo do Sobrado,6155
RS,43,4314100,Passo Fundo,214811
RS,43,4314134,Paulo Bento,2188
RS,43,4314159,Paverama,8146
RS,43,4314175,Pedras Altas,2099
RS,43,4314209,Pedro Osório,7631
RS,43,4314308,Pejuçara,3817
RS,43,4314407,Pelotas,336150
RS,43,4314423,Picada Café,5473
RS,43,4314456,Pinhal,3039
RS,43,4314464,Pinhal da Serra,2300
RS,43,4314472,Pinhal Grande,3861
RS,43,4314498,Pinheirinho do Vale,4638
RS,43,4314506,Pinheiro Machado,11395
RS,43,4314548,Pinto Bandeira,2785
RS,43,4314555,Pirapó,2255
RS,43,4314605,Piratini,17770
RS,43,4314704,Planalto,10624
RS,43,4314753,Poço das Antas,2224
RS,43,4314779,Pontão,3345
RS,43,4314787,Ponte Preta,1602
RS,43,4314803,Portão,35273
RS,43,4314902,Porto Alegre,1388794
RS,43,4315008,Porto Lucena,4414
RS,43,4315057,Porto Mauá,2173
RS,43,4315073,Porto Vera Cruz,1582
RS,43,4315107,Porto Xavier,10127
RS,43,4315131,Pouso Novo,1771
RS,43,4315149,Presidente Lucena,3166
RS,43,4315156,Progresso,5423
RS,43,4315172,Protásio Alves,2070
RS,43,4315206,Putinga,3809
RS,43,4315305,Quaraí,23995
RS,43,4315313,Quatro Irmãos,1577
RS,43,4315321,Quevedos,2553
RS,43,4315354,Quinze de Novembro,4003
RS,43,4315404,Redentora,9931
RS,43,4315453,Relvado,1826
RS,43,4315503,Restinga Sêca,15205
RS,43,4315552,Rio dos Índios,2866
RS,43,4315602,Rio Grande,198935
RS,43,4315701,Rio Pardo,35641
RS,43,4315750,Riozinho,4574
RS,43,4315800,Roca Sales,10646
RS,43,4315909,Rodeio Bonito,6831
RS,43,4315958,Rolador,2330
RS,43,4316006,Rolante,21752
RS,43,4316105,Ronda Alta,9969
RS,43,4316204,Rondinha,5078
RS,43,4316303,Roque Gonzales,6693
RS,43,4316402,Rosário do Sul,37674
RS,43,4316428,Sagrada Família,2528
RS,43,4316436,Saldanha Marinho,2619
RS,43,4316451,Salto do Jacuí,10357
RS,43,4316477,Salvador das Missões,2955
RS,43,4316501,Salvador do Sul,7184
RS,43,4316600,Sananduva,16770
RS,43,4317103,Sant'Ana do Livramento,87329
RS,43,4316709,Santa Bárbara do Sul,8269
RS,43,4316733,Santa Cecília do Sul,1710
RS,43,4316758,Santa Clara do Sul,7079
RS,43,4316808,Santa Cruz do Sul,138270
RS,43,4316972,Santa Margarida do Sul,2661
RS,43,4316907,Santa Maria,282395
RS,43,4316956,Santa Maria do Herval,6486
RS,43,4317202,Santa Rosa,79488
RS,43,4317251,Santa Tereza,1529
RS,43,4317301,Santa Vitória do Palmar,31965
RS,43,4317004,Santana da Boa Vista,7128
RS,43,4317400,Santiago,50336
RS,43,4317509,Santo Ângelo,79146
RS,43,4317608,Santo Antônio da Patrulha,44431
RS,43,4317707,Santo Antônio das Missões,10485
RS,43,4317558,Santo Antônio do Palma,2134
RS,43,4317756,Santo Antônio do Planalto,2138
RS,43,4317806,Santo Augusto,14196
RS,43,4317905,Santo Cristo,15667
RS,43,4317954,Santo Expedito do Sul,2395
RS,43,4318002,São Borja,61311
RS,43,4318051,São Domingos do Sul,2806
RS,43,4318101,São Francisco de Assis,17934
RS,43,4318200,São Francisco de Paula,22388
RS,43,4318309,São Gabriel,60090
RS,43,4318408,São Jerônimo,21412
RS,43,4318424,São João da Urtiga,4547
RS,43,4318432,São João do Polêsine,2708
RS,43,4318440,São Jorge,2976
RS,43,4318457,São José das Missões,2399
RS,43,4318465,São José do Herval,1931
RS,43,4318481,São José do Hortêncio,4555
RS,43,4318499,São José do Inhacorá,2466
RS,43,4318507,São José do Norte,26248
RS,43,4318606,São José do Ouro,6978
RS,43,4318614,São José do Sul,2443
RS,43,4318622,São José dos Ausentes,4295
RS,43,4318705,São Leopoldo,225737
RS,43,4318804,São Lourenço do Sul,43278
RS,43,4318903,São Luiz Gonzaga,35865
RS,43,4319000,São Marcos,21549
RS,43,4319109,São Martinho,5587
RS,43,4319125,São Martinho da Serra,2908
RS,43,4319158,São Miguel das Missões,7193
RS,43,4319208,São Nicolau,5243
RS,43,4319307,São Paulo das Missões,5943
RS,43,4319356,São Pedro da Serra,3618
RS,43,4319364,São Pedro das Missões,1790
RS,43,4319372,São Pedro do Butiá,3142
RS,43,4319406,São Pedro do Sul,15863
RS,43,4319505,São Sebastião do Caí,24898
RS,43,4319604,São Sepé,21551
RS,43,4319703,São Valentim,3320
RS,43,4319711,São Valentim do Sul,2255
RS,43,4319737,São Valério do Sul,2593
RS,43,4319752,São Vendelino,2309
RS,43,4319802,São Vicente do Sul,8257
RS,43,4319901,Sapiranga,77935
RS,43,4320008,Sapucaia do Sul,136572
RS,43,4320107,Sarandi,23374
RS,43,4320206,Seberi,12325
RS,43,4320230,Sede Nova,2750
RS,43,4320263,Segredo,6098
RS,43,4320305,Selbach,5222
RS,43,4320321,Senador Salgado Filho,2725
RS,43,4320354,Sentinela do Sul,5424
RS,43,4320404,Serafina Corrêa,17407
RS,43,4320453,Sério,2089
RS,43,4320503,Sertão,5630
RS,43,4320552,Sertão Santana,5989
RS,43,4320578,Sete de Setembro,1881
RS,43,4320602,Severiano de Almeida,3463
RS,43,4320651,Silveira Martins,2056
RS,43,4320677,Sinimbu,8685
RS,43,4320701,Sobradinho,14512
RS,43,4320800,Soledade,30939
RS,43,4320859,Tabaí,4569
RS,43,4320909,Tapejara,25256
RS,43,4321006,Tapera,10824
RS,43,4321105,Tapes,14920
RS,43,4321204,Taquara,54353
RS,43,4321303,Taquari,25963
RS,43,4321329,Taquaruçu do Sul,3192
RS,43,4321352,Tavares,5319
RS,43,4321402,Tenente Portela,14820
RS,43,4321436,Terra de Areia,10575
RS,43,4321451,Teutônia,34023
RS,43,4321469,Tio Hugo,3358
RS,43,4321477,Tiradentes do Sul,5188
RS,43,4321493,Toropi,2594
RS,43,4321501,Torres,43344
RS,43,4321600,Tramandaí,56430
RS,43,4321626,Travesseiro,2192
RS,43,4321634,Três Arroios,2636
RS,43,4321667,Três Cachoeiras,11224
RS,43,4321709,Três Coroas,24428
RS,43,4321808,Três de Maio,25466
RS,43,4321832,Três Forquilhas,2813
RS,43,4321857,Três Palmeiras,4829
RS,43,4321907,Três Passos,26304
RS,43,4321956,Trindade do Sul,7785
RS,43,4322004,Triunfo,28435
RS,43,4322103,Tucunduva,5646
RS,43,4322152,Tunas,3732
RS,43,4322186,Tupanci do Sul,1396
RS,43,4322202,Tupanciretã,20324
RS,43,4322251,Tupandi,5172
RS,43,4322301,Tuparendi,8535
RS,43,4322327,Turuçu,3488
RS,43,4322343,Ubiretama,2025
RS,43,4322350,União da Serra,1183
RS,43,4322376,Unistalda,2047
RS,43,4322400,Uruguaiana,120819
RS,43,4322509,Vacaria,66146
RS,43,4322533,Vale do Sol,10069
RS,43,4322541,Vale Real,6223
RS,43,4322525,Vale Verde,3213
RS,43,4322558,Vanini,2047
RS,43,4322608,Venâncio Aires,70842
RS,43,4322707,Vera Cruz,27670
RS,43,4322806,Veranópolis,24554
RS,43,4322855,Vespasiano Corrêa,1851
RS,43,4322905,Viadutos,4847
RS,43,4323002,Viamão,231996
RS,43,4323101,Vicente Dutra,4741
RS,43,4323200,Victor Graeff,2829
RS,43,4323309,Vila Flores,3741
RS,43,4323358,Vila Lângaro,2121
RS,43,4323408,Vila Maria,4515
RS,43,4323457,Vila Nova do Sul,3932
RS,43,4323507,Vista Alegre,2710
RS,43,4323606,Vista Alegre do Prata,1624
RS,43,4323705,Vista Gaúcha,2843
RS,43,4323754,Vitória das Missões,3316
RS,43,4323770,Westfália,3223
RS,43,4323804,Xangri-lá,16949
SC,42,4200051,Abdon Batista,2629
SC,42,4200101,Abelardo Luz,17767
SC,42,4200200,Agrolândia,11646
SC,42,4200309,Agronômica,6511
SC,42,4200408,Água Doce,6587
SC,42,4200507,Águas de Chapecó,6123
SC,42,4200556,Águas Frias,3000
SC,42,4200606,Águas Mornas,7193
SC,42,4200705,Alfredo Wagner,10963
SC,42,4200754,Alto Bela Vista,1847
SC,42,4200804,Anchieta,5955
SC,42,4200903,Angelina,5484
SC,42,4201000,Anita Garibaldi,8339
SC,42,4201109,Anitápolis,3761
SC,42,4201208,Antônio Carlos,12464
SC,42,4201257,Apiúna,10041
SC,42,4201273,Arabutã,4505
SC,42,4201307,Araquari,52079
SC,42,4201406,Araranguá,76611
SC,42,4201505,Armazém,9289
SC,42,4201604,Arroio Trinta,3634
SC,42,4201653,Arvoredo,2623
SC,42,4201703,Ascurra,8720
SC,42,4201802,Atalanta,3265
SC,42,4201901,Aurora,7241
SC,42,4201950,Balneário Arroio do Silva,17786
SC,42,4202057,Balneário Barra do Sul,16953
SC,42,4202008,Balneário Camboriú,151674
SC,42,4202073,Balneário Gaivota,17986
SC,42,4212809,Balneário Piçarras,30593
SC,42,4220000,Balneário Rincão,17697
SC,42,4202081,Bandeirante,3265
SC,42,4202099,Barra Bonita,1642
SC,42,4202107,Barra Velha,52860
SC,42,4202131,Bela Vista do Toldo,5939
SC,42,4202156,Belmonte,2712
SC,42,4202206,Benedito Novo,10757
SC,42,4202305,Biguaçu,83756
SC,42,4202404,Blumenau,385558
SC,42,4202438,Bocaina do Sul,3639
SC,42,4202503,Bom Jardim da Serra,3995
SC,42,4202537,Bom Jesus,2896
SC,42,4202578,Bom Jesus do Oeste,2240
SC,42,4202602,Bom Retiro,8422
SC,42,4202453,Bombinhas,28738
SC,42,4202701,Botuverá,5705
SC,42,4202800,Braço do Norte,35985
SC,42,4202859,Braço do Trombudo,4256
SC,42,4202875,Brunópolis,2433
SC,42,4202909,Brusque,155307
SC,42,4203006,Caçador,76298
SC,42,4203105,Caibi,6441
SC,42,4203154,Calmon,3519
SC,42,4203204,Camboriú,117324
SC,42,4203303,Campo Alegre,12886
SC,42,4203402,Campo Belo do Sul,7324
SC,42,4203501,Campo Erê,9864
SC,42,4203600,Campos Novos,39049
SC,42,4203709,Canelinha,13618
SC,42,4203808,Canoinhas,56948
SC,42,4203253,Capão Alto,2636
SC,42,4203907,Capinzal,24414
SC,42,4203956,Capivari de Baixo,25015
SC,42,4204004,Catanduvas,11033
SC,42,4204103,Caxambu do Sul,4752
SC,42,4204152,Celso Ramos,2864
SC,42,4204178,Cerro Negro,3303
SC,42,4204194,Chapadão do Lageado,3053
SC,42,4204202,Chapecó,282648
SC,42,4204251,Cocal do Sul,18106
SC,42,4204301,Concórdia,87206
SC,42,4204350,Cordilheira Alta,5192
SC,42,4204400,Coronel Freitas,10604
SC,42,4204459,Coronel Martins,1993
SC,42,4204558,Correia Pinto,16253
SC,42,4204509,Corupá,15912
SC,42,4204608,Criciúma,227438
SC,42,4204707,Cunha Porã,11242
SC,42,4204756,Cunhataí,2026
SC,42,4204806,Curitibanos,41741
SC,42,4204905,Descanso,8652
SC,42,4205001,Dionísio Cerqueira,15316
SC,42,4205100,Dona Emma,4435
SC,42,4205159,Doutor Pedrinho,3729
SC,42,4205175,Entre Rios,3561
SC,42,4205191,Ermo,2354
SC,42,4205209,Erval Velho,5137
SC,42,4205308,Faxinal dos Guedes,11537
SC,42,4205357,Flor do Sertão,1868
SC,42,4205407,Florianópolis,587486
SC,42,4205431,Formosa do Sul,2752
SC,42,4205456,Forquilhinha,34771
SC,42,4205506,Fraiburgo,34065
SC,42,4205555,Frei Rogério,2437
SC,42,4205605,Galvão,3168
SC,42,4205704,Garopaba,34070
SC,42,4205803,Garuva,19970
SC,42,4205902,Gaspar,78344
SC,42,4206009,Governador Celso Ramos,18280
SC,42,4206108,Grão-Pará,6403
SC,42,4206207,Gravatal,13158
SC,42,4206306,Guabiruba,26645
SC,42,4206405,Guaraciaba,11071
SC,42,4206504,Guaramirim,51009
SC,42,4206603,Guarujá do Sul,4893
SC,42,4206652,Guatambú,9611
SC,42,4206702,Herval d'Oeste,22222
SC,42,4206751,Ibiam,2061
SC,42,4206801,Ibicaré,3295
SC,42,4206900,Ibirama,20900
SC,42,4207007,Içara,63489
SC,42,4207106,Ilhota,18627
SC,42,4207205,Imaruí,12150
SC,42,4207304,Imbituba,57256
SC,42,4207403,Imbuia,6166
SC,42,4207502,Indaial,77888
SC,42,4207577,Iomerê,2967
SC,42,4207601,Ipira,4622
SC,42,4207650,Iporã do Oeste,9759
SC,42,4207684,Ipuaçu,8133
SC,42,4207700,Ipumirim,8121
SC,42,4207759,Iraceminha,3981
SC,42,4207809,Irani,10560
SC,42,4207858,Irati,2098
SC,42,4207908,Irineópolis,10427
SC,42,4208005,Itá,7370
SC,42,4208104,Itaiópolis,22906
SC,42,4208203,Itajaí,294850
SC,42,4208302,Itapema,86116
SC,42,4208401,Itapiranga,17268
SC,42,4208450,Itapoá,36033
SC,42,4208500,Ituporanga,28461
SC,42,4208609,Jaborá,4461
SC,42,4208708,Jacinto Machado,10818
SC,42,4208807,Jaguaruna,21570
SC,42,4208906,Jaraguá do Sul,199519
SC,42,4208955,Jardinópolis,1810
SC,42,4209003,Joaçaba,31809
SC,42,4209102,Joinville,664541
SC,42,4209151,José Boiteux,6415
SC,42,4209177,Jupiá,2713
SC,42,4209201,Lacerdópolis,2302
SC,42,4209300,Lages,172458
SC,42,4209409,Laguna,44060
SC,42,4209458,Lajeado Grande,1791
SC,42,4209508,Laurentino,8605
SC,42,4209607,Lauro Müller,14628
SC,42,4209706,Lebon Régis,11575
SC,42,4209805,Leoberto Leal,3379
SC,42,4209854,Lindóia do Sul,4604
SC,42,4209904,Lontras,13829
SC,42,4210001,Luiz Alves,12246
SC,42,4210035,Luzerna,5951
SC,42,4210050,Macieira,1796
SC,42,4210100,Mafra,57262
SC,42,4210209,Major Gercino,3253
SC,42,4210308,Major Vieira,7543
SC,42,4210407,Maracajá,8344
SC,42,4210506,Maravilha,30743
SC,42,4210555,Marema,2218
SC,42,4210605,Massaranduba,18122
SC,42,4210704,Matos Costa,2789
SC,42,4210803,Meleiro,7128
SC,42,4210852,Mirim Doce,2554
SC,42,4210902,Modelo,4159
SC,42,4211009,Mondaí,10206
SC,42,4211058,Monte Carlo,9218
SC,42,4211108,Monte Castelo,7747
SC,42,4211207,Morro da Fumaça,19490
SC,42,4211256,Morro Grande,3097
SC,42,4211306,Navegantes,96046
SC,42,4211405,Nova Erechim,5490
SC,42,4211454,Nova Itaberaba,4672
SC,42,4211504,Nova Trento,14395
SC,42,4211603,Nova Veneza,14004
SC,42,4211652,Novo Horizonte,2661
SC,42,4211702,Orleans,24686
SC,42,4211751,Otacílio Costa,17873
SC,42,4211801,Ouro,7062
SC,42,4211850,Ouro Verde,2195
SC,42,4211876,Paial,2007
SC,42,4211892,Painel,2216
SC,42,4211900,Palhoça,253469
SC,42,4212007,Palma Sola,7696
SC,42,4212056,Palmeira,2658
SC,42,4212106,Palmitos,15781
SC,42,4212205,Papanduva,19769
SC,42,4212239,Paraíso,4394
SC,42,4212254,Passo de Torres,14859
SC,42,4212270,Passos Maia,3997
SC,42,4212304,Paulo Lopes,9879
SC,42,4212403,Pedras Grandes,4355
SC,42,4212502,Penha,36995
SC,42,4212601,Peritiba,3040
SC,42,4212650,Pescaria Brava,10615
SC,42,4212700,Petrolândia,6996
SC,42,4212908,Pinhalzinho,23897
SC,42,4213005,Pinheiro Preto,3631
SC,42,4213104,Piratuba,6144
SC,42,4213153,Planalto Alegre,3081
SC,42,4213203,Pomerode,37003
SC,42,4213302,Ponte Alta,4390
SC,42,4213351,Ponte Alta do Norte,3241
SC,42,4213401,Ponte Serrada,10732
SC,42,4213500,Porto Belo,31557
SC,42,4213609,Porto União,33694
SC,42,4213708,Pouso Redondo,18051
SC,42,4213807,Praia Grande,8696
SC,42,4213906,Presidente Castello Branco,1707
SC,42,4214003,Presidente Getúlio,21764
SC,42,4214102,Presidente Nereu,2347
SC,42,4214151,Princesa,3073
SC,42,4214201,Quilombo,11433
SC,42,4214300,Rancho Queimado,3484
SC,42,4214409,Rio das Antas,6399
SC,42,4214508,Rio do Campo,6638
SC,42,4214607,Rio do Oeste,8071
SC,42,4214805,Rio do Sul,77451
SC,42,4214706,Rio dos Cedros,11218
SC,42,4214904,Rio Fortuna,5044
SC,42,4215000,Rio Negrinho,40132
SC,42,4215059,Rio Rufino,2429
SC,42,4215075,Riqueza,4828
SC,42,4215109,Rodeio,13491
SC,42,4215208,Romelândia,4684
SC,42,4215307,Salete,7656
SC,42,4215356,Saltinho,3604
SC,42,4215406,Salto Veloso,4495
SC,42,4215455,Sangão,13797
SC,42,4215505,Santa Cecília,15749
SC,42,4215554,Santa Helena,2476
SC,42,4215604,Santa Rosa de Lima,2131
SC,42,4215653,Santa Rosa do Sul,10450
SC,42,4215679,Santa Terezinha,8015
SC,42,4215687,Santa Terezinha do Progresso,2534
SC,42,4215695,Santiago do Sul,1732
SC,42,4215703,Santo Amaro da Imperatriz,30099
SC,42,4215802,São Bento do Sul,87661
SC,42,4215752,São Bernardino,2715
SC,42,4215901,São Bonifácio,2982
SC,42,4216008,São Carlos,10462
SC,42,4216057,São Cristóvão do Sul,6489
SC,42,4216107,São Domingos,9343
SC,42,4216206,São Francisco do Sul,56726
SC,42,4216305,São João Batista,35336
SC,42,4216354,São João do Itaperiú,4827
SC,42,4216255,São João do Oeste,6467
SC,42,4216404,São João do Sul,9278
SC,42,4216503,São Joaquim,26982
SC,42,4216602,São José,295658
SC,42,4216701,São José do Cedro,14538
SC,42,4216800,São José do Cerrito,8706
SC,42,4216909,São Lourenço do Oeste,26056
SC,42,4217006,São Ludgero,14444
SC,42,4217105,São Martinho,3520
SC,42,4217154,São Miguel da Boa Vista,1777
SC,42,4217204,São Miguel do Oeste,47724
SC,42,4217253,São Pedro de Alcântara,6175
SC,42,4217303,Saudades,10799
SC,42,4217402,Schroeder,21710
SC,42,4217501,Seara,19399
SC,42,4217550,Serra Alta,3370
SC,42,4217600,Siderópolis,14156
SC,42,4217709,Sombrio,31722
SC,42,4217758,Sul Brasil,2900
SC,42,4217808,Taió,18909
SC,42,4217907,Tangará,8144
SC,42,4217956,Tigrinhos,2535
SC,42,4218004,Tijucas,58695
SC,42,4218103,Timbé do Sul,5503
SC,42,4218202,Timbó,49768
SC,42,4218251,Timbó Grande,7521
SC,42,4218301,Três Barras,20525
SC,42,4218350,Treviso,3920
SC,42,4218400,Treze de Maio,7633
SC,42,4218509,Treze Tílias,9531
SC,42,4218608,Trombudo Central,7599
SC,42,4218707,Tubarão,116725
SC,42,4218756,Tunápolis,5081
SC,42,4218806,Turvo,13604
SC,42,4218855,União do Oeste,2791
SC,42,4218905,Urubici,11064
SC,42,4218954,Urupema,2751
SC,42,4219002,Urussanga,21464
SC,42,4219101,Vargeão,3726
SC,42,4219150,Vargem,2613
SC,42,4219176,Vargem Bonita,4597
SC,42,4219200,Vidal Ramos,6266
SC,42,4219309,Videira,59074
SC,42,4219358,Vitor Meireles,5507
SC,42,4219408,Witmarsum,4513
SC,42,4219507,Xanxerê,54891
SC,42,4219606,Xavantina,3583
SC,42,4219705,Xaxim,34485
SC,42,4219853,Zortéa,4257
SE,28,2800100,Amparo do São Francisco,2202
SE,28,2800209,Aquidabã,20556
SE,28,2800308,Aracaju,630932
SE,28,2800407,Arauá,10464
SE,28,2800506,Areia Branca,18626
SE,28,2800605,Barra dos Coqueiros,45175
SE,28,2800670,Boquim,25007
SE,28,2800704,Brejo Grande,8025
SE,28,2801009,Campo do Brito,18719
SE,28,2801108,Canhoba,3850
SE,28,2801207,Canindé de São Francisco,33641
SE,28,2801306,Capela,32783
SE,28,2801405,Carira,20314
SE,28,2801504,Carmópolis,14203
SE,28,2801603,Cedro de São João,5474
SE,28,2801702,Cristinápolis,17594
SE,28,2801900,Cumbe,3872
SE,28,2802007,Divina Pastora,4436
SE,28,2802106,Estância,67060
SE,28,2802205,Feira Nova,6358
SE,28,2802304,Frei Paulo,14921
SE,28,2802403,Gararu,11294
SE,28,2802502,General Maynard,3118
SE,28,2802601,Gracho Cardoso,5910
SE,28,2802700,Ilha das Flores,8499
SE,28,2802809,Indiaroba,16991
SE,28,2802908,Itabaiana,109250
SE,28,2803005,Itabaianinha,42230
SE,28,2803104,Itabi,4816
SE,28,2803203,Itaporanga d'Ajuda,36074
SE,28,2803302,Japaratuba,16451
SE,28,2803401,Japoatã,13723
SE,28,2803500,Lagarto,105957
SE,28,2803609,Laranjeiras,24047
SE,28,2803708,Macambira,7048
SE,28,2803807,Malhada dos Bois,3674
SE,28,2803906,Malhador,11712
SE,28,2804003,Maruim,15956
SE,28,2804102,Moita Bonita,11297
SE,28,2804201,Monte Alegre de Sergipe,14781
SE,28,2804300,Muribeca,8059
SE,28,2804409,Neópolis,16473
SE,28,2804458,Nossa Senhora Aparecida,9534
SE,28,2804508,Nossa Senhora da Glória,43686
SE,28,2804607,Nossa Senhora das Dores,25569
SE,28,2804706,Nossa Senhora de Lourdes,6409
SE,28,2804805,Nossa Senhora do Socorro,204081
SE,28,2804904,Pacatuba,12690
SE,28,2805000,Pedra Mole,2811
SE,28,2805109,Pedrinhas,7355
SE,28,2805208,Pinhão,5759
SE,28,2805307,Pirambu,8021
SE,28,2805406,Poço Redondo,29238
SE,28,2805505,Poço Verde,22217
SE,28,2805604,Porto da Folha,27348
SE,28,2805703,Propriá,27213
SE,28,2805802,Riachão do Dantas,18541
SE,28,2805901,Riachuelo,8853
SE,28,2806008,Ribeirópolis,17365
SE,28,2806107,Rosário do Catete,9507
SE,28,2806206,Salgado,20825
SE,28,2806305,Santa Luzia do Itanhy,14003
SE,28,2806503,Santa Rosa de Lima,4049
SE,28,2806404,Santana do São Francisco,7549
SE,28,2806602,Santo Amaro das Brotas,11289
SE,28,2806701,São Cristóvão,101213
SE,28,2806800,São Domingos,10559
SE,28,2806909,São Francisco,3330
SE,28,2807006,São Miguel do Aleixo,3471
SE,28,2807105,Simão Dias,44503
SE,28,2807204,Siriri,7981
SE,28,2807303,Telha,3389
SE,28,2807402,Tobias Barreto,52783
SE,28,2807501,Tomar do Geru,12094
SE,28,2807600,Umbaúba,24618
SP,35,3500105,Adamantina,35673
SP,35,3500204,Adolfo,4505
SP,35,3500303,Aguaí,32886
SP,35,3500402,Águas da Prata,7463
SP,35,3500501,Águas de Lindóia,18257
SP,35,3500550,Águas de Santa Bárbara,7460
SP,35,3500600,Águas de São Pedro,2928
SP,35,3500709,Agudos,38988
SP,35,3500758,Alambari,6373
SP,35,3500808,Alfredo Marcondes,4574
SP,35,3500907,Altair,3467
SP,35,3501004,Altinópolis,17197
SP,35,3501103,Alto Alegre,3874
SP,35,3501152,Alumínio,17607
SP,35,3501202,Álvares Florence,3979
SP,35,3501301,Álvares Machado,28386
SP,35,3501400,Álvaro de Carvalho,4901
SP,35,3501509,Alvinlândia,2919
SP,35,3501608,Americana,247571
SP,35,3501707,Américo Brasiliense,33708
SP,35,3501806,Américo de Campos,5981
SP,35,3501905,Amparo,69792
SP,35,3502002,Analândia,4694
SP,35,3502101,Andradina,61625
SP,35,3502200,Angatuba,24573
SP,35,3502309,Anhembi,5766
SP,35,3502408,Anhumas,4118
SP,35,3502507,Aparecida,33141
SP,35,3502606,Aparecida d'Oeste,4112
SP,35,3502705,Apiaí,24857
SP,35,3502754,Araçariguama,22314
SP,35,3502804,Araçatuba,208415
SP,35,3502903,Araçoiaba da Serra,33832
SP,35,3503000,Aramina,5535
SP,35,3503109,Arandu,7076
SP,35,3503158,Arapeí,2355
SP,35,3503208,Araraquara,253474
SP,35,3503307,Araras,135744
SP,35,3503356,Arco-Íris,2089
SP,35,3503406,Arealva,8290
SP,35,3503505,Areias,3617
SP,35,3503604,Areiópolis,10242
SP,35,3503703,Ariranha,7621
SP,35,3503802,Artur Nogueira,53467
SP,35,3503901,Arujá,90273
SP,35,3503950,Aspásia,1875
SP,35,3504008,Assis,104858
SP,35,3504107,Atibaia,167161
SP,35,3504206,Auriflama,13856
SP,35,3504305,Avaí,4503
SP,35,3504404,Avanhandava,11436
SP,35,3504503,Avaré,96450
SP,35,3504602,Bady Bassitt,29346
SP,35,3504701,Balbinos,3969
SP,35,3504800,Bálsamo,9902
SP,35,3504909,Bananal,10097
SP,35,3505005,Barão de Antonina,3632
SP,35,3505104,Barbosa,5627
SP,35,3505203,Bariri,32406
SP,35,3505302,Barra Bonita,35129
SP,35,3505351,Barra do Chapéu,5254
SP,35,3505401,Barra do Turvo,6894
SP,35,3505500,Barretos,126957
SP,35,3505609,Barrinha,33304
SP,35,3505708,Barueri,333737
SP,35,3505807,Bastos,21936
SP,35,3505906,Batatais,59939
SP,35,3506003,Bauru,392947
SP,35,3506102,Bebedouro,78257
SP,35,3506201,Bento de Abreu,2640
SP,35,3506300,Bernardino de Campos,11881
SP,35,3506359,Bertioga,67436
SP,35,3506409,Bilac,7464
SP,35,3506508,Birigui,123340
SP,35,3506607,Biritiba Mirim,30564
SP,35,3506706,Boa Esperança do Sul,13113
SP,35,3506805,Bocaina,11480
SP,35,3506904,Bofete,10710
SP,35,3507001,Boituva,63850
SP,35,3507100,Bom Jesus dos Perdões,22579
SP,35,3507159,Bom Sucesso de Itararé,3609
SP,35,3507209,Borá,932
SP,35,3507308,Boracéia,4838
SP,35,3507407,Borborema,14405
SP,35,3507456,Borebi,2801
SP,35,3507506,Botucatu,151053
SP,35,3507605,Bragança Paulista,185688
SP,35,3507704,Braúna,5477
SP,35,3507753,Brejo Alegre,2605
SP,35,3507803,Brodowski,26314
SP,35,3507902,Brotas,24501
SP,35,3508009,Buri,20731
SP,35,3508108,Buritama,17658
SP,35,3508207,Buritizal,4458
SP,35,3508306,Cabrália Paulista,4360
SP,35,3508405,Cabreúva,48654
SP,35,3508504,Caçapava,100071
SP,35,3508603,Cachoeira Paulista,32534
SP,35,3508702,Caconde,17228
SP,35,3508801,Cafelândia,16907
SP,35,3508900,Caiabu,3726
SP,35,3509007,Caieiras,98549
SP,35,3509106,Caiuá,5599
SP,35,3509205,Cajamar,98365
SP,35,3509254,Cajati,29262
SP,35,3509304,Cajobi,9210
SP,35,3509403,Cajuru,24233
SP,35,3509452,Campina do Monte Alegre,6090
SP,35,3509502,Campinas,1187974
SP,35,3509601,Campo Limpo Paulista,79781
SP,35,3509700,Campos do Jordão,47956
SP,35,3509809,Campos Novos Paulista,5003
SP,35,3509908,Cananéia,12491
SP,35,3509957,Canas,5068
SP,35,3510005,Cândido Mota,30157
SP,35,3510104,Cândido Rodrigues,2959
SP,35,3510153,Canitar,6589
SP,35,3510203,Capão Bonito,47409
SP,35,3510302,Capela do Alto,23777
SP,35,3510401,Capivari,51369
SP,35,3510500,Caraguatatuba,142248
SP,35,3510609,Carapicuíba,398236
SP,35,3510708,Cardoso,11476
SP,35,3510807,Casa Branca,28779
SP,35,3510906,Cássia dos Coqueiros,2861
SP,35,3511003,Castilho,20485
SP,35,3511102,Catanduva,119275
SP,35,3511201,Catiguá,7101
SP,35,3511300,Cedral,13314
SP,35,3511409,Cerqueira César,22210
SP,35,3511508,Cerquilho,46391
SP,35,3511607,Cesário Lange,19707
SP,35,3511706,Charqueada,15814
SP,35,3557204,Chavantes,12415
SP,35,3511904,Clementina,7084
SP,35,3512001,Colina,18880
SP,35,3512100,Colômbia,6802
SP,35,3512209,Conchal,29132
SP,35,3512308,Conchas,15345
SP,35,3512407,Cordeirópolis,25286
SP,35,3512506,Coroados,5504
SP,35,3512605,Coronel Macedo,4271
SP,35,3512704,Corumbataí,4296
SP,35,3512803,Cosmópolis,61167
SP,35,3512902,Cosmorama,9019
SP,35,3513009,Cotia,289493
SP,35,3513108,Cravinhos,34307
SP,35,3513207,Cristais Paulista,9600
SP,35,3513306,Cruzália,2123
SP,35,3513405,Cruzeiro,76444
SP,35,3513504,Cubatão,114870
SP,35,3513603,Cunha,22460
SP,35,3513702,Descalvado,32663
SP,35,3513801,Diadema,403579
SP,35,3513850,Dirce Reis,1639
SP,35,3513900,Divinolândia,11305
SP,35,3514007,Dobrada,8986
SP,35,3514106,Dois Córregos,24847
SP,35,3514205,Dolcinópolis,2254
SP,35,3514304,Dourado,8169
SP,35,3514403,Dracena,46735
SP,35,3514502,Duartina,12532
SP,35,3514601,Dumont,9764
SP,35,3514700,Echaporã,6291
SP,35,3514809,Eldorado,13109
SP,35,3514908,Elias Fausto,18168
SP,35,3514924,Elisiário,3190
SP,35,3514957,Embaúba,2349
SP,35,3515004,Embu das Artes,259788
SP,35,3515103,Embu-Guaçu,68913
SP,35,3515129,Emilianópolis,3061
SP,35,3515152,Engenheiro Coelho,20261
SP,35,3515186,Espírito Santo do Pinhal,40610
SP,35,3515194,Espírito Santo do Turvo,4214
SP,35,3557303,Estiva Gerbi,11609
SP,35,3515202,Estrela d'Oeste,9696
SP,35,3515301,Estrela do Norte,2751
SP,35,3515350,Euclides da Cunha Paulista,7883
SP,35,3515400,Fartura,17029
SP,35,3515608,Fernando Prestes,6080
SP,35,3515509,Fernandópolis,73508
SP,35,3515657,Fernão,1692
SP,35,3515707,Ferraz de Vasconcelos,186479
SP,35,3515806,Flora Rica,1483
SP,35,3515905,Floreal,2747
SP,35,3516002,Flórida Paulista,13175
SP,35,3516101,Florínea,4022
SP,35,3516200,Franca,365494
SP,35,3516309,Francisco Morato,171476
SP,35,3516408,Franco da Rocha,150241
SP,35,3516507,Gabriel Monteiro,2813
SP,35,3516606,Gália,6413
SP,35,3516705,Garça,43081
SP,35,3516804,Gastão Vidigal,3203
SP,35,3516853,Gavião Peixoto,4806
SP,35,3516903,General Salgado,10437
SP,35,3517000,Getulina,10337
SP,35,3517109,Glicério,4158
SP,35,3517208,Guaiçara,11478
SP,35,3517307,Guaimbê,5609
SP,35,3517406,Guaíra,40489
SP,35,3517505,Guapiaçu,22445
SP,35,3517604,Guapiara,17225
SP,35,3517703,Guará,18748
SP,35,3517802,Guaraçaí,7453
SP,35,3517901,Guaraci,10554
SP,35,3518008,Guarani d'Oeste,1999
SP,35,3518107,Guarantã,6532
SP,35,3518206,Guararapes,31888
SP,35,3518305,Guararema,32620
SP,35,3518404,Guaratinguetá,121916
SP,35,3518503,Guareí,15285
SP,35,3518602,Guariba,38678
SP,35,3518701,Guarujá,294871
SP,35,3518800,Guarulhos,1349100
SP,35,3518859,Guatapará,7474
SP,35,3518909,Guzolândia,4259
SP,35,3519006,Herculândia,9316
SP,35,3519055,Holambra,15718
SP,35,3519071,Hortolândia,248842
SP,35,3519105,Iacanga,10648
SP,35,3519204,Iacri,6197
SP,35,3519253,Iaras,8313
SP,35,3519303,Ibaté,33160
SP,35,3519402,Ibirá,11952
SP,35,3519501,Ibirarema,6450
SP,35,3519600,Ibitinga,62143
SP,35,3519709,Ibiúna,77801
SP,35,3519808,Icém,7982
SP,35,3519907,Iepê,7739
SP,35,3520004,Igaraçu do Tietê,23421
SP,35,3520103,Igarapava,26696
SP,35,3520202,Igaratá,10984
SP,35,3520301,Iguape,29891
SP,35,3520426,Ilha Comprida,14104
SP,35,3520442,Ilha Solteira,26257
SP,35,3520400,Ilhabela,36559
SP,35,3520509,Indaiatuba,269657
SP,35,3520608,Indiana,5200
SP,35,3520707,Indiaporã,4113
SP,35,3520806,Inúbia Paulista,3671
SP,35,3520905,Ipaussu,13935
SP,35,3521002,Iperó,38277
SP,35,3521101,Ipeúna,7027
SP,35,3521150,Ipiguá,7115
SP,35,3521200,Iporanga,4083
SP,35,3521309,Ipuã,14701
SP,35,3521408,Iracemápolis,22500
SP,35,3521507,Irapuã,6932
SP,35,3521606,Irapuru,7120
SP,35,3521705,Itaberá,18263
SP,35,3521804,Itaí,25979
SP,35,3521903,Itajobi,17502
SP,35,3522000,Itaju,3715
SP,35,3522109,Itanhaém,118495
SP,35,3522158,Itaoca,3497
SP,35,3522208,Itapecerica da Serra,163003
SP,35,3522307,Itapetininga,164256
SP,35,3522406,Itapeva,92393
SP,35,3522505,Itapevi,242995
SP,35,3522604,Itapira,74038
SP,35,3522653,Itapirapuã Paulista,4420
SP,35,3522703,Itápolis,40445
SP,35,3522802,Itaporanga,14245
SP,35,3522901,Itapuí,14035
SP,35,3523008,Itapura,4002
SP,35,3523107,Itaquaquecetuba,382983
SP,35,3523206,Itararé,45213
SP,35,3523305,Itariri,15916
SP,35,3523404,Itatiba,127112
SP,35,3523503,Itatinga,19462
SP,35,3523602,Itirapina,16454
SP,35,3523701,Itirapuã,5857
SP,35,3523800,Itobi,8227
SP,35,3523909,Itu,175047
SP,35,3524006,Itupeva,74994
SP,35,3524105,Ituverava,38413
SP,35,3524204,Jaborandi,6280
SP,35,3524303,Jaboticabal,73473
SP,35,3524402,Jacareí,250952
SP,35,3524501,Jaci,7944
SP,35,3524600,Jacupiranga,16216
SP,35,3524709,Jaguariúna,62309
SP,35,3524808,Jales,50078
SP,35,3524907,Jambeiro,6611
SP,35,3525003,Jandira,121550
SP,35,3525102,Jardinópolis,47125
SP,35,3525201,Jarinu,40007
SP,35,3525300,Jaú,137409
SP,35,3525409,Jeriquara,4000
SP,35,3525508,Joanópolis,13131
SP,35,3525607,João Ramalho,4464
SP,35,3525706,José Bonifácio,37992
SP,35,3525805,Júlio Mesquita,4302
SP,35,3525854,Jumirim,3132
SP,35,3525904,Jundiaí,463039
SP,35,3526001,Junqueirópolis,20939
SP,35,3526100,Juquiá,17184
SP,35,3526209,Juquitiba,27969
SP,35,3526308,Lagoinha,5183
SP,35,3526407,Laranjal Paulista,27044
SP,35,3526506,Lavínia,9940
SP,35,3526605,Lavrinhas,7348
SP,35,3526704,Leme,101537
SP,35,3526803,Lençóis Paulista,68568
SP,35,3526902,Limeira,301292
SP,35,3527009,Lindóia,7158
SP,35,3527108,Lins,76844
SP,35,3527207,Lorena,87468
SP,35,3527256,Lourdes,1962
SP,35,3527306,Louveira,54865
SP,35,3527405,Lucélia,20378
SP,35,3527504,Lucianópolis,2423
SP,35,3527603,Luís Antônio,12564
SP,35,3527702,Luiziânia,4740
SP,35,3527801,Lupércio,4004
SP,35,3527900,Lutécia,2697
SP,35,3528007,Macatuba,17140
SP,35,3528106,Macaubal,7581
SP,35,3528205,Macedônia,4058
SP,35,3528304,Magda,3211
SP,35,3528403,Mairinque,51888
SP,35,3528502,Mairiporã,97835
SP,35,3528601,Manduri,10122
SP,35,3528700,Marabá Paulista,4619
SP,35,3528809,Maracaí,12804
SP,35,3528858,Marapoama,3415
SP,35,3528908,Mariápolis,3526
SP,35,3529005,Marília,247348
SP,35,3529104,Marinópolis,1862
SP,35,3529203,Martinópolis,25240
SP,35,3529302,Matão,81075
SP,35,3529401,Mauá,429014
SP,35,3529500,Mendonça,6420
SP,35,3529609,Meridiano,4721
SP,35,3529658,Mesópolis,1990
SP,35,3529708,Miguelópolis,19621
SP,35,3529807,Mineiros do Tietê,11322
SP,35,3530003,Mira Estrela,3209
SP,35,3529906,Miracatu,18610
SP,35,3530102,Mirandópolis,28754
SP,35,3530201,Mirante do Paranapanema,16031
SP,35,3530300,Mirassol,65811
SP,35,3530409,Mirassolândia,4783
SP,35,3530508,Mococa,69372
SP,35,3530607,Mogi das Cruzes,470302
SP,35,3530706,Mogi Guaçu,160318
SP,35,3530805,Mogi Mirim,95742
SP,35,3530904,Mombuca,3830
SP,35,3531001,Monções,1947
SP,35,3531100,Mongaguá,64845
SP,35,3531209,Monte Alegre do Sul,8923
SP,35,3531308,Monte Alto,48758
SP,35,3531407,Monte Aprazível,22668
SP,35,3531506,Monte Azul Paulista,18337
SP,35,3531605,Monte Castelo,4306
SP,35,3531803,Monte Mor,67832
SP,35,3531704,Monteiro Lobato,4205
SP,35,3531902,Morro Agudo,28521
SP,35,3532009,Morungaba,14147
SP,35,3532058,Motuca,4071
SP,35,3532108,Murutinga do Sul,3748
SP,35,3532157,Nantes,2697
SP,35,3532207,Narandiba,5956
SP,35,3532306,Natividade da Serra,7155
SP,35,3532405,Nazaré Paulista,18675
SP,35,3532504,Neves Paulista,9953
SP,35,3532603,Nhandeara,9915
SP,35,3532702,Nipoã,4876
SP,35,3532801,Nova Aliança,6885
SP,35,3532827,Nova Campina,8630
SP,35,3532843,Nova Canaã Paulista,2055
SP,35,3532868,Nova Castilho,1072
SP,35,3532900,Nova Europa,9459
SP,35,3533007,Nova Granada,19733
SP,35,3533106,Nova Guataporanga,2188
SP,35,3533205,Nova Independência,4847
SP,35,3533304,Nova Luzitânia,2817
SP,35,3533403,Nova Odessa,64596
SP,35,3533254,Novais,4463
SP,35,3533502,Novo Horizonte,39494
SP,35,3533601,Nuporanga,7570
SP,35,3533700,Ocauçu,4418
SP,35,3533809,Óleo,2535
SP,35,3533908,Olímpia,56874
SP,35,3534005,Onda Verde,4942
SP,35,3534104,Oriente,6180
SP,35,3534203,Orindiúva,6157
SP,35,3534302,Orlândia,39144
SP,35,3534401,Osasco,759524
SP,35,3534500,Oscar Bressane,2502
SP,35,3534609,Osvaldo Cruz,32112
SP,35,3534708,Ourinhos,106911
SP,35,3534807,Ouro Verde,7900
SP,35,3534757,Ouroeste,10660
SP,35,3534906,Pacaembu,15273
SP,35,3535002,Palestina,11704
SP,35,3535101,Palmares Paulista,9666
SP,35,3535200,Palmeira d'Oeste,8971
SP,35,3535309,Palmital,19714
SP,35,3535408,Panorama,15227
SP,35,3535507,Paraguaçu Paulista,42049
SP,35,3535606,Paraibuna,17959
SP,35,3535705,Paraíso,6218
SP,35,3535804,Paranapanema,19853
SP,35,3535903,Paranapuã,4118
SP,35,3536000,Parapuã,10720
SP,35,3536109,Pardinho,7435
SP,35,3536208,Pariquera-Açu,19603
SP,35,3536257,Parisi,3030
SP,35,3536307,Patrocínio Paulista,14888
SP,35,3536406,Paulicéia,8255
SP,35,3536505,Paulínia,116674
SP,35,3536570,Paulistânia,2156
SP,35,3536604,Paulo de Faria,7390
SP,35,3536703,Pederneiras,46337
SP,35,3536802,Pedra Bela,6745
SP,35,3536901,Pedranópolis,2856
SP,35,3537008,Pedregulho,15737
SP,35,3537107,Pedreira,44385
SP,35,3537156,Pedrinhas Paulista,2833
SP,35,3537206,Pedro de Toledo,11617
SP,35,3537305,Penápolis,63426
SP,35,3537404,Pereira Barreto,24360
SP,35,3537503,Pereiras,9013
SP,35,3537602,Peruíbe,70629
SP,35,3537701,Piacatu,5631
SP,35,3537800,Piedade,54266
SP,35,3537909,Pilar do Sul,28459
SP,35,3538006,Pindamonhangaba,172681
SP,35,3538105,Pindorama,14704
SP,35,3538204,Pinhalzinho,15676
SP,35,3538303,Piquerobi,3287
SP,35,3538501,Piquete,12516
SP,35,3538600,Piracaia,26795
SP,35,3538709,Piracicaba,440835
SP,35,3538808,Piraju,30294
SP,35,3538907,Pirajuí,22734
SP,35,3539004,Pirangi,11085
SP,35,3539103,Pirapora do Bom Jesus,18925
SP,35,3539202,Pirapozinho,26097
SP,35,3539301,Pirassununga,75594
SP,35,3539400,Piratininga,15657
SP,35,3539509,Pitangueiras,34361
SP,35,3539608,Planalto,4451
SP,35,3539707,Platina,3055
SP,35,3539806,Poá,106355
SP,35,3539905,Poloni,5702
SP,35,3540002,Pompéia,20520
SP,35,3540101,Pongaí,3440
SP,35,3540200,Pontal,38286
SP,35,3540259,Pontalinda,4198
SP,35,3540309,Pontes Gestal,2411
SP,35,3540408,Populina,4182
SP,35,3540507,Porangaba,10850
SP,35,3540606,Porto Feliz,58605
SP,35,3540705,Porto Ferreira,53966
SP,35,3540754,Potim,20801
SP,35,3540804,Potirendaba,19097
SP,35,3540853,Pracinha,2589
SP,35,3540903,Pradópolis,17299
SP,35,3541000,Praia Grande,368539
SP,35,3541059,Pratânia,5264
SP,35,3541109,Presidente Alves,3830
SP,35,3541208,Presidente Bernardes,14803
SP,35,3541307,Presidente Epitácio,40322
SP,35,3541406,Presidente Prudente,234706
SP,35,3541505,Presidente Venceslau,35810
SP,35,3541604,Promissão,35973
SP,35,3541653,Quadra,3477
SP,35,3541703,Quatá,13412
SP,35,3541802,Queiroz,3366
SP,35,3541901,Queluz,9074
SP,35,3542008,Quintana,7260
SP,35,3542107,Rafard,9145
SP,35,3542206,Rancharia,29387
SP,35,3542305,Redenção da Serra,4637
SP,35,3542404,Regente Feijó,20620
SP,35,3542503,Reginópolis,7820
SP,35,3542602,Registro,61927
SP,35,3542701,Restinga,6486
SP,35,3542800,Ribeira,3158
SP,35,3542909,Ribeirão Bonito,11040
SP,35,3543006,Ribeirão Branco,18942
SP,35,3543105,Ribeirão Corrente,4717
SP,35,3543204,Ribeirão do Sul,4776
SP,35,3543238,Ribeirão dos Índios,2040
SP,35,3543253,Ribeirão Grande,7571
SP,35,3543303,Ribeirão Pires,118954
SP,35,3543402,Ribeirão Preto,731639
SP,35,3543600,Rifaina,4179
SP,35,3543709,Rincão,9101
SP,35,3543808,Rinópolis,9334
SP,35,3543907,Rio Claro,210323
SP,35,3544004,Rio das Pedras,32329
SP,35,3544103,Rio Grande da Serra,45324
SP,35,3544202,Riolândia,10444
SP,35,3543501,Riversul,5628
SP,35,3544251,Rosana,17434
SP,35,3544301,Roseira,11137
SP,35,3544400,Rubiácea,2740
SP,35,3544509,Rubinéia,3998
SP,35,3544608,Sabino,5182
SP,35,3544707,Sagres,2522
SP,35,3544806,Sales,6645
SP,35,3544905,Sales Oliveira,11683
SP,35,3545001,Salesópolis,15381
SP,35,3545100,Salmourão,4883
SP,35,3545159,Saltinho,8407
SP,35,3545209,Salto,141111
SP,35,3545308,Salto de Pirapora,45262
SP,35,3545407,Salto Grande,9221
SP,35,3545506,Sandovalina,3697
SP,35,3545605,Santa Adélia,14193
SP,35,3545704,Santa Albertina,6566
SP,35,3545803,Santa Bárbara d'Oeste,189456
SP,35,3546009,Santa Branca,14219
SP,35,3546108,Santa Clara d'Oeste,2694
SP,35,3546207,Santa Cruz da Conceição,4375
SP,35,3546256,Santa Cruz da Esperança,2168
SP,35,3546306,Santa Cruz das Palmeiras,29489
SP,35,3546405,Santa Cruz do Rio Pardo,47759
SP,35,3546504,Santa Ernestina,6274
SP,35,3546603,Santa Fé do Sul,36288
SP,35,3546702,Santa Gertrudes,23192
SP,35,3546801,Santa Isabel,54691
SP,35,3546900,Santa Lúcia,7144
SP,35,3547007,Santa Maria da Serra,5308
SP,35,3547106,Santa Mercedes,3017
SP,35,3547403,Santa Rita d'Oeste,2796
SP,35,3547502,Santa Rita do Passa Quatro,24996
SP,35,3547601,Santa Rosa de Viterbo,23710
SP,35,3547650,Santa Salete,1692
SP,35,3547205,Santana da Ponte Pensa,1699
SP,35,3547304,Santana de Parnaíba,163787
SP,35,3547700,Santo Anastácio,17960
SP,35,3547809,Santo André,782048
SP,35,3547908,Santo Antônio da Alegria,6933
SP,35,3548005,Santo Antônio de Posse,23867
SP,35,3548054,Santo Antônio do Aracanguá,8593
SP,35,3548104,Santo Antônio do Jardim,6243
SP,35,3548203,Santo Antônio do Pinhal,7314
SP,35,3548302,Santo Expedito,3069
SP,35,3548401,Santópolis do Aguapeí,3921
SP,35,3548500,Santos,429547
SP,35,3548609,São Bento do Sapucaí,11989
SP,35,3548708,São Bernardo do Campo,841154
SP,35,3548807,São Caetano do Sul,172693
SP,35,3548906,São Carlos,266427
SP,35,3549003,São Francisco,2623
SP,35,3549102,São João da Boa Vista,96080
SP,35,3549201,São João das Duas Pontes,2623
SP,35,3549250,São João de Iracema,1882
SP,35,3549300,São João do Pau d'Alho,2293
SP,35,3549409,São Joaquim da Barra,49885
SP,35,3549508,São José da Bela Vista,7664
SP,35,3549607,São José do Barreiro,3888
SP,35,3549706,São José do Rio Pardo,53427
SP,35,3549805,São José do Rio Preto,504166
SP,35,3549904,São José dos Campos,727078
SP,35,3549953,São Lourenço da Serra,16479
SP,35,3550001,São Luiz do Paraitinga,10487
SP,35,3550100,São Manuel,38131
SP,35,3550209,São Miguel Arcanjo,32924
SP,35,3550308,São Paulo,11904961
SP,35,3550407,São Pedro,39855
SP,35,3550506,São Pedro do Turvo,7333
SP,35,3550605,São Roque,81366
SP,35,3550704,São Sebastião,84280
SP,35,3550803,São Sebastião da Grama,10428
SP,35,3550902,São Simão,13560
SP,35,3551009,São Vicente,338326
SP,35,3551108,Sarapuí,10677
SP,35,3551207,Sarutaiá,3772
SP,35,3551306,Sebastianópolis do Sul,3191
SP,35,3551405,Serra Azul,13108
SP,35,3551603,Serra Negra,31047
SP,35,3551504,Serrana,45580
SP,35,3551702,Sertãozinho,132176
SP,35,3551801,Sete Barras,12903
SP,35,3551900,Severínia,14693
SP,35,3552007,Silveiras,6329
SP,35,3552106,Socorro,41527
SP,35,3552205,Sorocaba,762172
SP,35,3552304,Sud Mennucci,7464
SP,35,3552403,Sumaré,291116
SP,35,3552551,Suzanápolis,3465
SP,35,3552502,Suzano,320261
SP,35,3552601,Tabapuã,11498
SP,35,3552700,Tabatinga,14997
SP,35,3552809,Taboão da Serra,285307
SP,35,3552908,Taciba,6418
SP,35,3553005,Taguaí,13068
SP,35,3553104,Taiaçu,5744
SP,35,3553203,Taiúva,6770
SP,35,3553302,Tambaú,21650
SP,35,3553401,Tanabi,26071
SP,35,3553500,Tapiraí,8122
SP,35,3553609,Tapiratiba,11903
SP,35,3553658,Taquaral,2649
SP,35,3553708,Taquaritinga,53264
SP,35,3553807,Taquarituba,24932
SP,35,3553856,Taquarivaí,7170
SP,35,3553906,Tarabai,6633
SP,35,3553955,Tarumã,15315
SP,35,3554003,Tatuí,129130
SP,35,3554102,Taubaté,322397
SP,35,3554201,Tejupá,4119
SP,35,3554300,Teodoro Sampaio,22598
SP,35,3554409,Terra Roxa,7965
SP,35,3554508,Tietê,38723
SP,35,3554607,Timburi,2484
SP,35,3554656,Torre de Pedra,2056
SP,35,3554706,Torrinha,9484
SP,35,3554755,Trabiju,1724
SP,35,3554805,Tremembé,53426
SP,35,3554904,Três Fronteiras,7060
SP,35,3554953,Tuiuti,6976
SP,35,3555000,Tupã,65433
SP,35,3555109,Tupi Paulista,16259
SP,35,3555208,Turiúba,1835
SP,35,3555307,Turmalina,1662
SP,35,3555356,Ubarana,5458
SP,35,3555406,Ubatuba,97096
SP,35,3555505,Ubirajara,5289
SP,35,3555604,Uchoa,10670
SP,35,3555703,União Paulista,1628
SP,35,3555802,Urânia,8973
SP,35,3555901,Uru,1424
SP,35,3556008,Urupês,14073
SP,35,3556107,Valentim Gentil,14634
SP,35,3556206,Valinhos,132258
SP,35,3556305,Valparaíso,24779
SP,35,3556354,Vargem,10863
SP,35,3556404,Vargem Grande do Sul,41256
SP,35,3556453,Vargem Grande Paulista,52352
SP,35,3556503,Várzea Paulista,119655
SP,35,3556602,Vera Cruz,10274
SP,35,3556701,Vinhedo,79089
SP,35,3556800,Viradouro,17685
SP,35,3556909,Vista Alegre do Alto,8368
SP,35,3556958,Vitória Brasil,1828
SP,35,3557006,Votorantim,133510
SP,35,3557105,Votuporanga,100568
SP,35,3557154,Zacarias,2773
TO,17,1700251,Abreulândia,2682
TO,17,1700301,Aguiarnópolis,4502
TO,17,1700350,Aliança do Tocantins,5196
TO,17,1700400,Almas,6483
TO,17,1700707,Alvorada,9128
TO,17,1701002,Ananás,10700
TO,17,1701051,Angico,2903
TO,17,1701101,Aparecida do Rio Negro,5110
TO,17,1701309,Aragominas,5330
TO,17,1701903,Araguacema,6022
TO,17,1702000,Araguaçu,8242
TO,17,1702109,Araguaína,183024
TO,17,1702158,Araguanã,4300
TO,17,1702208,Araguatins,33286
TO,17,1702307,Arapoema,5488
TO,17,1702406,Arraias,10511
TO,17,1702554,Augustinópolis,18237
TO,17,1702703,Aurora do Tocantins,3418
TO,17,1702901,Axixá do Tocantins,10732
TO,17,1703008,Babaçulândia,7636
TO,17,1703057,Bandeirantes do Tocantins,3555
TO,17,1703073,Barra do Ouro,4667
TO,17,1703107,Barrolândia,4890
TO,17,1703206,Bernardo Sayão,4307
TO,17,1703305,Bom Jesus do Tocantins,4201
TO,17,1703602,Brasilândia do Tocantins,2013
TO,17,1703701,Brejinho de Nazaré,4774
TO,17,1703800,Buriti do Tocantins,10696
TO,17,1703826,Cachoeirinha,1982
TO,17,1703842,Campos Lindos,8990
TO,17,1703867,Cariri do Tocantins,4166
TO,17,1703883,Carmolândia,2242
TO,17,1703891,Carrasco Bonito,3344
TO,17,1703909,Caseara,5028
TO,17,1704105,Centenário,2111
TO,17,1705102,Chapada da Natividade,3176
TO,17,1704600,Chapada de Areia,1574
TO,17,1705508,Colinas do Tocantins,36209
TO,17,1716703,Colméia,9155
TO,17,1705557,Combinado,4906
TO,17,1705607,Conceição do Tocantins,3942
TO,17,1706001,Couto Magalhães,5540
TO,17,1706100,Cristalândia,6392
TO,17,1706258,Crixás do Tocantins,1494
TO,17,1706506,Darcinópolis,6093
TO,17,1707009,Dianópolis,17966
TO,17,1707108,Divinópolis do Tocantins,7343
TO,17,1707207,Dois Irmãos do Tocantins,6352
TO,17,1707306,Dueré,4304
TO,17,1707405,Esperantina,7385
TO,17,1707553,Fátima,3503
TO,17,1707652,Figueirópolis,5334
TO,17,1707702,Filadélfia,7784
TO,17,1708205,Formoso do Araguaia,19473
TO,17,1708304,Goianorte,4832
TO,17,1709005,Goiatins,12851
TO,17,1709302,Guaraí,25831
TO,17,1709500,Gurupi,90209
TO,17,1709807,Ipueiras,1626
TO,17,1710508,Itacajá,6959
TO,17,1710706,Itaguatins,5160
TO,17,1710904,Itapiratins,3685
TO,17,1711100,Itaporã do Tocantins,2464
TO,17,1711506,Jaú do Tocantins,3396
TO,17,1711803,Juarina,2308
TO,17,1711902,Lagoa da Confusão,16629
TO,17,1711951,Lagoa do Tocantins,3613
TO,17,1712009,Lajeado,3559
TO,17,1712157,Lavandeira,1676
TO,17,1712405,Lizarda,2950
TO,17,1712454,Luzinópolis,2811
TO,17,1712504,Marianópolis do Tocantins,4793
TO,17,1712702,Mateiros,2922
TO,17,1712801,Maurilândia do Tocantins,3171
TO,17,1713205,Miracema do Tocantins,18679
TO,17,1713304,Miranorte,13073
TO,17,1713601,Monte do Carmo,5667
TO,17,1713700,Monte Santo do Tocantins,2521
TO,17,1713957,Muricilândia,3501
TO,17,1714203,Natividade,8956
TO,17,1714302,Nazaré,4672
TO,17,1714880,Nova Olinda,10600
TO,17,1715002,Nova Rosalândia,3382
TO,17,1715101,Novo Acordo,4118
TO,17,1715150,Novo Alegre,1817
TO,17,1715259,Novo Jardim,2251
TO,17,1715507,Oliveira de Fátima,1220
TO,17,1721000,Palmas,328499
TO,17,1715705,Palmeirante,4905
TO,17,1713809,Palmeiras do Tocantins,4850
TO,17,1715754,Palmeirópolis,7104
TO,17,1716109,Paraíso do Tocantins,55704
TO,17,1716208,Paranã,10877
TO,17,1716307,Pau D'Arco,4057
TO,17,1716505,Pedro Afonso,14895
TO,17,1716604,Peixe,9384
TO,17,1716653,Pequizeiro,5035
TO,17,1717008,Pindorama do Tocantins,4599
TO,17,1717206,Piraquê,2229
TO,17,1717503,Pium,7408
TO,17,1717800,Ponte Alta do Bom Jesus,4280
TO,17,1717909,Ponte Alta do Tocantins,7874
TO,17,1718006,Porto Alegre do Tocantins,2960
TO,17,1718204,Porto Nacional,69551
TO,17,1718303,Praia Norte,9552
TO,17,1718402,Presidente Kennedy,3016
TO,17,1718451,Pugmil,2223
TO,17,1718501,Recursolândia,3454
TO,17,1718550,Riachinho,4029
TO,17,1718659,Rio da Conceição,1827
TO,17,1718709,Rio dos Bois,2845
TO,17,1718758,Rio Sono,4718
TO,17,1718808,Sampaio,4397
TO,17,1718840,Sandolândia,3900
TO,17,1718865,Santa Fé do Araguaia,7533
TO,17,1718881,Santa Maria do Tocantins,2716
TO,17,1718899,Santa Rita do Tocantins,2299
TO,17,1718907,Santa Rosa do Tocantins,4799
TO,17,1719004,Santa Tereza do Tocantins,2907
TO,17,1720002,Santa Terezinha do Tocantins,2461
TO,17,1720101,São Bento do Tocantins,6004
TO,17,1720150,São Félix do Tocantins,1897
TO,17,1720200,São Miguel do Tocantins,14116
TO,17,1720259,São Salvador do Tocantins,2356
TO,17,1720309,São Sebastião do Tocantins,4182
TO,17,1720499,São Valério,4554
TO,17,1720655,Silvanópolis,5259
TO,17,1720804,Sítio Novo do Tocantins,11446
TO,17,1720853,Sucupira,1591
TO,17,1708254,Tabocão,3741
TO,17,1720903,Taguatinga,14199
TO,17,1720937,Taipas do Tocantins,2092
TO,17,1720978,Talismã,2505
TO,17,1721109,Tocantínia,7802
TO,17,1721208,Tocantinópolis,23225
TO,17,1721257,Tupirama,2024
TO,17,1721307,Tupiratins,1886
TO,17,1722081,Wanderlândia,10734
TO,17,1722107,Xambioá,10636
