uf,codigo_uf,codigo_municipio,municipio,populacao
AC,12,1200013,Acrelândia,12707
AC,12,1200054,Assis Brasil,8157
AC,12,1200104,Brasiléia,25786
AC,12,1200138,Bujari,11962
AC,12,1200179,Capixaba,9737
AC,12,1200203,Cruzeiro do Sul,94345
AC,12,1200252,Epitaciolândia,18697
AC,12,1200302,Feijó,35035
AC,12,1200328,Jordão,11105
AC,12,1200336,Mâncio Lima,19172
AC,12,1200344,Manoel Urbano,12246
AC,12,1200351,Marechal Thaumaturgo,16825
AC,12,1200385,Plácido de Castro,16313
AC,12,1200807,Porto Acre,16218
AC,12,1200393,Porto Walter,10706
AC,12,1200401,Rio Branco,364368
AC,12,1200427,Rodrigues Alves,16072
AC,12,1200435,Santa Rosa do Purus,7672
AC,12,1200500,Sena Madureira,39746
AC,12,1200450,Senador Guiomard,21658
AC,12,1200609,Tarauacá,43072
AC,12,1200708,Xapuri,18181
AL,27,2700102,Água Branca,19011
AL,27,2700201,Anadia,13960
AL,27,2700300,Arapiraca,235085
AL,27,2700409,Atalaia,37356
AL,27,2700508,Barra de Santo Antônio,16405
AL,27,2700607,Barra de São Miguel,7952
AL,27,2700706,Batalha,16016
AL,27,2700805,Belém,4589
AL,27,2700904,Belo Monte,5935
AL,27,2701001,Boca da Mata,21175
AL,27,2701100,Branquinha,9474
AL,27,2701209,Cacimbinhas,10387
AL,27,2701308,Cajueiro,16035
AL,27,2701357,Campestre,6656
AL,27,2701407,Campo Alegre,32020
AL,27,2701506,Campo Grande,8138
AL,27,2701605,Canapi,15434
AL,27,2701704,Capela,15023
AL,27,2701803,Carneiros,8992
AL,27,2701902,Chã Preta,5908
AL,27,2702009,Coité do Nóia,10791
AL,27,2702108,Colônia Leopoldina,15673
AL,27,2702207,Coqueiro Seco,5579
AL,27,2702306,Coruripe,49951
AL,27,2702355,Craíbas,25330
AL,27,2702405,Delmiro Gouveia,51215
AL,27,2702504,Dois Riachos,9754
AL,27,2702553,Estrela de Alagoas,15322
AL,27,2702603,Feira Grande,22701
AL,27,2702702,Feliz Deserto,3947
AL,27,2702801,Flexeiras,9520
AL,27,2702900,Girau do Ponciano,35899
AL,27,2703007,Ibateguara,13699
AL,27,2703106,Igaci,23996
AL,27,2703205,Igreja Nova,21227
AL,27,2703304,Inhapi,15158
AL,27,2703403,Jacaré dos Homens,5071
AL,27,2703502,Jacuípe,5340
AL,27,2703601,Japaratinga,9307
AL,27,2703700,Jaramataia,4992
AL,27,2703759,Jequiá da Praia,9480
AL,27,2703809,Joaquim Gomes,17080
AL,27,2703908,Jundiá,4088
AL,27,2704005,Junqueiro,23902
AL,27,2704104,Lagoa da Canoa,18480
AL,27,2704203,Limoeiro de Anadia,24698
AL,27,2704302,Maceió,960667
AL,27,2704401,Major Isidoro,18081
AL,27,2704906,Mar Vermelho,3155
AL,27,2704500,Maragogi,32540
AL,27,2704609,Maravilha,9515
AL,27,2704708,Marechal Deodoro,61177
AL,27,2704807,Maribondo,13677
AL,27,2705002,Mata Grande,21627
AL,27,2705101,Matriz de Camaragibe,23871
AL,27,2705200,Messias,15418
AL,27,2705309,Minador do Negrão,4838
AL,27,2705408,Monteirópolis,7201
AL,27,2705507,Murici,25221
AL,27,2705606,Novo Lino,10011
AL,27,2705705,Olho d'Água das Flores,20702
AL,27,2705804,Olho d'Água do Casado,8345
AL,27,2705903,Olho d'Água Grande,4333
AL,27,2706000,Olivença,10744
AL,27,2706109,Ouro Branco,11382
AL,27,2706208,Palestina,4328
AL,27,2706307,Palmeira dos Índios,68534
AL,27,2706406,Pão de Açúcar,23721
AL,27,2706422,Pariconha,10573
AL,27,2706448,Paripueira,13991
AL,27,2706505,Passo de Camaragibe,13870
AL,27,2706604,Paulo Jacinto,6570
AL,27,2706703,Penedo,58654
AL,27,2706802,Piaçabuçu,15834
AL,27,2706901,Pilar,35433
AL,27,2707008,Pindoba,2734
AL,27,2707107,Piranhas,22589
AL,27,2707206,Poço das Trincheiras,12480
AL,27,2707305,Porto Calvo,23708
AL,27,2707404,Porto de Pedras,9373
AL,27,2707503,Porto Real do Colégio,20048
AL,27,2707602,Quebrangulo,11069
AL,27,2707701,Rio Largo,93729
AL,27,2707800,Roteiro,6482
AL,27,2707909,Santa Luzia do Norte,6946
AL,27,2708006,Santana do Ipanema,46258
AL,27,2708105,Santana do Mundaú,11307
AL,27,2708204,São Brás,6463
AL,27,2708303,São José da Laje,20742
AL,27,2708402,São José da Tapera,30359
AL,27,2708501,São Luís do Quitunde,30922
AL,27,2708600,São Miguel dos Campos,51978
AL,27,2708709,São Miguel dos Milagres,8711
AL,27,2708808,São Sebastião,31788
AL,27,2708907,Satuba,24087
AL,27,2708956,Senador Rui Palmeira,12300
AL,27,2709004,Tanque d'Arca,5746
AL,27,2709103,Taquarana,19004
AL,27,2709152,Teotônio Vilela,37999
AL,27,2709202,Traipu,23486
AL,27,2709301,União dos Palmares,59093
AL,27,2709400,Viçosa,24089
AM,13,1300029,Alvarães,15916
AM,13,1300060,Amaturá,10814
AM,13,1300086,Anamã,9927
AM,13,1300102,Anori,17052
AM,13,1300144,Apuí,21403
AM,13,1300201,Atalaia do Norte,15440
AM,13,1300300,Autazes,41672
AM,13,1300409,Barcelos,18399
AM,13,1300508,Barreirinha,30990
AM,13,1300607,Benjamin Constant,37436
AM,13,1300631,Beruri,20807
AM,13,1300680,Boa Vista do Ramos,24018
AM,13,1300706,Boca do Acre,35964
AM,13,1300805,Borba,33209
AM,13,1300839,Caapiranga,13851
AM,13,1300904,Canutama,17362
AM,13,1301001,Carauari,29176
AM,13,1301100,Careiro,30819
AM,13,1301159,Careiro da Várzea,19615
AM,13,1301209,Coari,71130
AM,13,1301308,Codajás,24071
AM,13,1301407,Eirunepé,33173
AM,13,1301506,Envira,17034
AM,13,1301605,Fonte Boa,27692
AM,13,1301654,Guajará,13809
AM,13,1301704,Humaitá,59504
AM,13,1301803,Ipixuna,24387
AM,13,1301852,Iranduba,59767
AM,13,1301902,Itacoatiara,103826
AM,13,1301951,Itamarati,10783
AM,13,1302009,Itapiranga,10183
AM,13,1302108,Japurá,9281
AM,13,1302207,Juruá,10501
AM,13,1302306,Jutaí,25048
AM,13,1302405,Lábrea,47003
AM,13,1302504,Manacapuru,102736
AM,13,1302553,Manaquiri,17333
AM,13,1302603,Manaus,2054731
AM,13,1302702,Manicoré,59225
AM,13,1302801,Maraã,15706
AM,13,1302900,Maués,61167
AM,13,1303007,Nhamundá,20249
AM,13,1303106,Nova Olinda do Norte,27088
AM,13,1303205,Novo Airão,15819
AM,13,1303304,Novo Aripuanã,24251
AM,13,1303403,Parintins,96251
AM,13,1303502,Pauini,20351
AM,13,1303536,Presidente Figueiredo,30762
AM,13,1303569,Rio Preto da Eva,24807
AM,13,1303601,Santa Isabel do Rio Negro,14305
AM,13,1303700,Santo Antônio do Içá,28233
AM,13,1303809,São Gabriel da Cachoeira,51921
AM,13,1303908,São Paulo de Olivença,32727
AM,13,1303957,São Sebastião do Uatumã,11697
AM,13,1304005,Silves,11572
AM,13,1304062,Tabatinga,66837
AM,13,1304104,Tapauá,21914
AM,13,1304203,Tefé,74142
AM,13,1304237,Tonantins,20180
AM,13,1304260,Uarini,14597
AM,13,1304302,Urucará,18582
AM,13,1304401,Urucurituba,24017
AP,16,1600105,Amapá,7944
AP,16,1600204,Calçoene,10613
AP,16,1600212,Cutias,4388
AP,16,1600238,Ferreira Gomes,6689
AP,16,1600253,Itaubal,5477
AP,16,1600279,Laranjal do Jari,35038
AP,16,1600303,Macapá,478448
AP,16,1600402,Mazagão,22105
AP,16,1600501,Oiapoque,27778
AP,16,1600154,Pedra Branca do Amapari,12365
AP,16,1600535,Porto Grande,17923
AP,16,1600550,Pracuúba,3803
AP,16,1600600,Santana,114995
AP,16,1600055,Serra do Navio,4744
AP,16,1600709,Tartarugalzinho,10511
AP,16,1600808,Vitória do Jari,11447
BA,29,2900108,Abaíra,7290
BA,29,2900207,Abaré,18766
BA,29,2900306,Acajutiba,13715
BA,29,2900355,Adustina,14166
BA,29,2900405,Água Fria,17398
BA,29,2900603,Aiquara,4566
BA,29,2900702,Alagoinhas,157864
BA,29,2900801,Alcobaça,23633
BA,29,2900900,Almadina,5195
BA,29,2901007,Amargosa,36260
BA,29,2901106,Amélia Rodrigues,23639
BA,29,2901155,América Dourada,15104
BA,29,2901205,Anagé,25452
BA,29,2901304,Andaraí,13406
BA,29,2901353,Andorinha,15011
BA,29,2901403,Angical,14973
BA,29,2901502,Anguera,11019
BA,29,2901601,Antas,14453
BA,29,2901700,Antônio Cardoso,11268
BA,29,2901809,Antônio Gonçalves,11921
BA,29,2901908,Aporá,16909
BA,29,2901957,Apuarema,6900
BA,29,2902054,Araçás,12605
BA,29,2902005,Aracatu,13819
BA,29,2902104,Araci,51377
BA,29,2902203,Aramari,9781
BA,29,2902252,Arataca,8219
BA,29,2902302,Aratuípe,10006
BA,29,2902401,Aurelino Leal,11782
BA,29,2902500,Baianópolis,13618
BA,29,2902609,Baixa Grande,17880
BA,29,2902658,Banzaê,11869
BA,29,2902708,Barra,50543
BA,29,2902807,Barra da Estiva,26031
BA,29,2902906,Barra do Choça,40025
BA,29,2903003,Barra do Mendes,13852
BA,29,2903102,Barra do Rocha,6682
BA,29,2903201,Barreiras,165413
BA,29,2903235,Barro Alto,13761
BA,29,2903300,Barro Preto,5820
BA,29,2903276,Barrocas,15396
BA,29,2903409,Belmonte,20565
BA,29,2903508,Belo Campo,18399
BA,29,2903607,Biritinga,15151
BA,29,2903706,Boa Nova,14160
BA,29,2903805,Boa Vista do Tupim,19320
BA,29,2903904,Bom Jesus da Lapa,74040
BA,29,2903953,Bom Jesus da Serra,9572
BA,29,2904001,Boninal,13653
BA,29,2904050,Bonito,15837
BA,29,2904100,Boquira,20588
BA,29,2904209,Botuporã,11040
BA,29,2904308,Brejões,12914
BA,29,2904407,Brejolândia,9114
BA,29,2904506,Brotas de Macaúbas,12467
BA,29,2904605,Brumado,70268
BA,29,2904704,Buerarema,16880
BA,29,2904753,Buritirama,19514
BA,29,2904803,Caatiba,6915
BA,29,2904852,Cabaceiras do Paraguaçu,19432
BA,29,2904902,Cachoeira,31982
BA,29,2905008,Caculé,22412
BA,29,2905107,Caém,10360
BA,29,2905156,Caetanos,13242
BA,29,2905206,Caetité,52099
BA,29,2905305,Cafarnaum,17975
BA,29,2905404,Cairu,17591
BA,29,2905503,Caldeirão Grande,13063
BA,29,2905602,Camacan,22460
BA,29,2905701,Camaçari,334195
BA,29,2905800,Camamu,30480
BA,29,2905909,Campo Alegre de Lourdes,30659
BA,29,2906006,Campo Formoso,68571
BA,29,2906105,Canápolis,10225
BA,29,2906204,Canarana,23491
BA,29,2906303,Canavieiras,33080
BA,29,2906402,Candeal,7785
BA,29,2906501,Candeias,77026
BA,29,2906600,Candiba,13007
BA,29,2906709,Cândido Sales,25278
BA,29,2906808,Cansanção,39475
BA,29,2906824,Canudos,15906
BA,29,2906857,Capela do Alto Alegre,10754
BA,29,2906873,Capim Grosso,33344
BA,29,2906899,Caraíbas,9938
BA,29,2906907,Caravelas,21612
BA,29,2907004,Cardeal da Silva,8376
BA,29,2907103,Carinhanha,28869
BA,29,2907202,Casa Nova,71572
BA,29,2907301,Castro Alves,24700
BA,29,2907400,Catolândia,3480
BA,29,2907509,Catu,48137
BA,29,2907558,Caturama,8847
BA,29,2907608,Central,16223
BA,29,2907707,Chorrochó,10587
BA,29,2907806,Cícero Dantas,30836
BA,29,2907905,Cipó,17246
BA,29,2908002,Coaraci,17949
BA,29,2908101,Cocos,19156
BA,29,2908200,Conceição da Feira,22936
BA,29,2908309,Conceição do Almeida,15401
BA,29,2908408,Conceição do Coité,70202
BA,29,2908507,Conceição do Jacuípe,34994
BA,29,2908606,Conde,24433
BA,29,2908705,Condeúba,17059
BA,29,2908804,Contendas do Sincorá,4750
BA,29,2908903,Coração de Maria,28340
BA,29,2909000,Cordeiros,7555
BA,29,2909109,Coribe,14158
BA,29,2909208,Coronel João Sá,17000
BA,29,2909307,Correntina,32709
BA,29,2909406,Cotegipe,13059
BA,29,2909505,Cravolândia,4445
BA,29,2909604,Crisópolis,19720
BA,29,2909703,Cristópolis,14002
BA,29,2909802,Cruz das Almas,60633
BA,29,2909901,Curaçá,33603
BA,29,2910008,Dário Meira,10025
BA,29,2910057,Dias d'Ávila,69211
BA,29,2910107,Dom Basílio,11905
BA,29,2910206,Dom Macedo Costa,4418
BA,29,2910305,Elísio Medrado,7782
BA,29,2910404,Encruzilhada,19111
BA,29,2910503,Entre Rios,38880
BA,29,2900504,Érico Cardoso,10581
BA,29,2910602,Esplanada,34033
BA,29,2910701,Euclides da Cunha,65187
BA,29,2910727,Eunápolis,112477
BA,29,2910750,Fátima,17899
BA,29,2910776,Feira da Mata,5618
BA,29,2910800,Feira de Santana,652592
BA,29,2910859,Filadélfia,17892
BA,29,2910909,Firmino Alves,5925
BA,29,2911006,Floresta Azul,11068
BA,29,2911105,Formosa do Rio Preto,25185
BA,29,2911204,Gandu,29776
BA,29,2911253,Gavião,4357
BA,29,2911303,Gentio do Ouro,11896
BA,29,2911402,Glória,16698
BA,29,2911501,Gongogi,5549
BA,29,2911600,Governador Mangabeira,20604
BA,29,2911659,Guajeru,8054
BA,29,2911709,Guanambi,87580
BA,29,2911808,Guaratinga,20338
BA,29,2911857,Heliópolis,12301
BA,29,2911907,Iaçu,25178
BA,29,2912004,Ibiassucê,10426
BA,29,2912103,Ibicaraí,21688
BA,29,2912202,Ibicoara,20874
BA,29,2912301,Ibicuí,13791
BA,29,2912400,Ibipeba,18540
BA,29,2912509,Ibipitanga,13905
BA,29,2912608,Ibiquera,3722
BA,29,2912707,Ibirapitanga,27341
BA,29,2912806,Ibirapuã,8331
BA,29,2912905,Ibirataia,19613
BA,29,2913002,Ibitiara,14622
BA,29,2913101,Ibititá,17954
BA,29,2913200,Ibotirama,26611
BA,29,2913309,Ichu,6192
BA,29,2913408,Igaporã,17022
BA,29,2913457,Igrapiúna,13077
BA,29,2913507,Iguaí,25114
BA,29,2913606,Ilhéus,197163
BA,29,2913705,Inhambupe,33771
BA,29,2913804,Ipecaetá,16230
BA,29,2913903,Ipiaú,43078
BA,29,2914000,Ipirá,58094
BA,29,2914109,Ipupiara,9925
BA,29,2914208,Irajuba,6100
BA,29,2914307,Iramaia,10755
BA,29,2914406,Iraquara,25590
BA,29,2914505,Irará,27984
BA,29,2914604,Irecê,76491
BA,29,2914653,Itabela,27691
BA,29,2914703,Itaberaba,67605
BA,29,2914802,Itabuna,185500
BA,29,2914901,Itacaré,28214
BA,29,2915007,Itaeté,14031
BA,29,2915106,Itagi,13925
BA,29,2915205,Itagibá,15556
BA,29,2915304,Itagimirim,7037
BA,29,2915353,Itaguaçu da Bahia,13116
BA,29,2915403,Itaju do Colônia,6033
BA,29,2915502,Itajuípe,19913
BA,29,2915601,Itamaraju,60831
BA,29,2915700,Itamari,7050
BA,29,2915809,Itambé,26420
BA,29,2915908,Itanagra,5814
BA,29,2916005,Itanhém,19025
BA,29,2916104,Itaparica,19738
BA,29,2916203,Itapé,10327
BA,29,2916302,Itapebi,9779
BA,29,2916401,Itapetinga,68704
BA,29,2916500,Itapicuru,32793
BA,29,2916609,Itapitanga,10320
BA,29,2916708,Itaquara,8175
BA,29,2916807,Itarantim,17035
BA,29,2916856,Itatim,15749
BA,29,2916906,Itiruçu,11016
BA,29,2917003,Itiúba,33671
BA,29,2917102,Itororó,17729
BA,29,2917201,Ituaçu,18992
BA,29,2917300,Ituberá,21974
BA,29,2917334,Iuiu,11101
BA,29,2917359,Jaborandi,9269
BA,29,2917409,Jacaraci,14625
BA,29,2917508,Jacobina,88296
BA,29,2917607,Jaguaquara,46026
BA,29,2917706,Jaguarari,32495
BA,29,2917805,Jaguaripe,20237
BA,29,2917904,Jandaíra,9112
BA,29,2918001,Jequié,156408
BA,29,2918100,Jeremoabo,37519
BA,29,2918209,Jiquiriçá,13623
BA,29,2918308,Jitaúna,14614
BA,29,2918357,João Dourado,26186
BA,29,2918407,Juazeiro,244406
BA,29,2918456,Jucuruçu,9971
BA,29,2918506,Jussara,16922
BA,29,2918555,Jussari,5902
BA,29,2918605,Jussiape,7381
BA,29,2918704,Lafaiete Coutinho,4044
BA,29,2918753,Lagoa Real,13990
BA,29,2918803,Laje,23198
BA,29,2918902,Lajedão,4550
BA,29,2919009,Lajedinho,4102
BA,29,2919058,Lajedo do Tabocal,7486
BA,29,2919108,Lamarão,9062
BA,29,2919157,Lapão,25713
BA,29,2919207,Lauro de Freitas,220437
BA,29,2919306,Lençóis,11022
BA,29,2919405,Licínio de Almeida,11848
BA,29,2919504,Livramento de Nossa Senhora,43898
BA,29,2919553,Luís Eduardo Magalhães,108271
BA,29,2919603,Macajuba,10463
BA,29,2919702,Macarani,21556
BA,29,2919801,Macaúbas,41631
BA,29,2919900,Macururé,7600
BA,29,2919926,Madre de Deus,18767
BA,29,2919959,Maetinga,6968
BA,29,2920007,Maiquinique,9452
BA,29,2920106,Mairi,16122
BA,29,2920205,Malhada,15426
BA,29,2920304,Malhada de Pedras,8673
BA,29,2920403,Manoel Vitorino,13327
BA,29,2920452,Mansidão,13902
BA,29,2920502,Maracás,27747
BA,29,2920601,Maragogipe,38394
BA,29,2920700,Maraú,24713
BA,29,2920809,Marcionílio Souza,9256
BA,29,2920908,Mascote,11991
BA,29,2921005,Mata de São João,48698
BA,29,2921054,Matina,10338
BA,29,2921104,Medeiros Neto,23096
BA,29,2921203,Miguel Calmon,27817
BA,29,2921302,Milagres,11076
BA,29,2921401,Mirangaba,15050
BA,29,2921450,Mirante,10072
BA,29,2921500,Monte Santo,47758
BA,29,2921609,Morpará,8303
BA,29,2921708,Morro do Chapéu,33389
BA,29,2921807,Mortugaba,11131
BA,29,2921906,Mucugê,12988
BA,29,2922003,Mucuri,38082
BA,29,2922052,Mulungu do Morro,13166
BA,29,2922102,Mundo Novo,20564
BA,29,2922201,Muniz Ferreira,7165
BA,29,2922250,Muquém do São Francisco,11029
BA,29,2922300,Muritiba,28558
BA,29,2922409,Mutuípe,20028
BA,29,2922508,Nazaré,28181
BA,29,2922607,Nilo Peçanha,12032
BA,29,2922656,Nordestina,18536
BA,29,2922706,Nova Canaã,15959
BA,29,2922730,Nova Fátima,7958
BA,29,2922755,Nova Ibiá,8325
BA,29,2922805,Nova Itarana,7820
BA,29,2922854,Nova Redenção,7525
BA,29,2922904,Nova Soure,24206
BA,29,2923001,Nova Viçosa,41089
BA,29,2923035,Novo Horizonte,11163
BA,29,2923050,Novo Triunfo,10666
BA,29,2923100,Olindina,22615
BA,29,2923209,Oliveira dos Brejinhos,22850
BA,29,2923308,Ouriçangas,7728
BA,29,2923357,Ourolândia,19322
BA,29,2923407,Palmas de Monte Alto,20091
BA,29,2923506,Palmeiras,10383
BA,29,2923605,Paramirim,20378
BA,29,2923704,Paratinga,28947
BA,29,2923803,Paripiranga,26609
BA,29,2923902,Pau Brasil,10669
BA,29,2924009,Paulo Afonso,118412
BA,29,2924058,Pé de Serra,13242
BA,29,2924108,Pedrão,6229
BA,29,2924207,Pedro Alexandre,14056
BA,29,2924306,Piatã,20098
BA,29,2924405,Pilão Arcado,35326
BA,29,2924504,Pindaí,14740
BA,29,2924603,Pindobaçu,19133
BA,29,2924652,Pintadas,9805
BA,29,2924678,Piraí do Norte,10200
BA,29,2924702,Piripá,9158
BA,29,2924801,Piritiba,17549
BA,29,2924900,Planaltino,8012
BA,29,2925006,Planalto,23290
BA,29,2925105,Poções,48197
BA,29,2925204,Pojuca,33079
BA,29,2925253,Ponto Novo,17941
BA,29,2925303,Porto Seguro,158736
BA,29,2925402,Potiraguá,11524
BA,29,2925501,Prado,31715
BA,29,2925600,Presidente Dutra,15133
BA,29,2925709,Presidente Jânio Quadros,12627
BA,29,2925758,Presidente Tancredo Neves,27662
BA,29,2925808,Queimadas,26027
BA,29,2925907,Quijingue,27317
BA,29,2925931,Quixabeira,9429
BA,29,2925956,Rafael Jambeiro,20242
BA,29,2926004,Remanso,40531
BA,29,2926103,Retirolândia,13654
BA,29,2926202,Riachão das Neves,22289
BA,29,2926301,Riachão do Jacuípe,33422
BA,29,2926400,Riacho de Santana,39127
BA,29,2926509,Ribeira do Amparo,13831
BA,29,2926608,Ribeira do Pombal,53997
BA,29,2926657,Ribeirão do Largo,10382
BA,29,2926707,Rio de Contas,13634
BA,29,2926806,Rio do Antônio,13098
BA,29,2926905,Rio do Pires,9585
BA,29,2927002,Rio Real,35378
BA,29,2927101,Rodelas,10303
BA,29,2927200,Ruy Barbosa,30172
BA,29,2927309,Salinas da Margarida,14989
BA,29,2927408,Salvador,2610987
BA,29,2927507,Santa Bárbara,22446
BA,29,2927606,Santa Brígida,14979
BA,29,2927705,Santa Cruz Cabrália,30385
BA,29,2927804,Santa Cruz da Vitória,4672
BA,29,2927903,Santa Inês,10293
BA,29,2928059,Santa Luzia,11776
BA,29,2928109,Santa Maria da Vitória,38686
BA,29,2928406,Santa Rita de Cássia,28084
BA,29,2928505,Santa Terezinha,9790
BA,29,2928000,Santaluz,37079
BA,29,2928208,Santana,24778
BA,29,2928307,Santanópolis,9831
BA,29,2928604,Santo Amaro,55935
BA,29,2928703,Santo Antônio de Jesus,103055
BA,29,2928802,Santo Estêvão,55696
BA,29,2928901,São Desidério,36793
BA,29,2928950,São Domingos,8417
BA,29,2929107,São Felipe,20286
BA,29,2929008,São Félix,10946
BA,29,2929057,São Félix do Coribe,15704
BA,29,2929206,São Francisco do Conde,37892
BA,29,2929255,São Gabriel,18417
BA,29,2929305,São Gonçalo dos Campos,39570
BA,29,2929354,São José da Vitória,5321
BA,29,2929370,São José do Jacuípe,10195
BA,29,2929404,São Miguel das Matas,10334
BA,29,2929503,São Sebastião do Passé,40376
BA,29,2929602,Sapeaçu,17993
BA,29,2929701,Sátiro Dias,16021
BA,29,2929750,Saubara,11433
BA,29,2929800,Saúde,10482
BA,29,2929909,Seabra,49587
BA,29,2930006,Sebastião Laranjeiras,9373
BA,29,2930105,Senhor do Bonfim,77514
BA,29,2930204,Sento Sé,37389
BA,29,2930154,Serra do Ramalho,34270
BA,29,2930303,Serra Dourada,16691
BA,29,2930402,Serra Preta,18090
BA,29,2930501,Serrinha,85696
BA,29,2930600,Serrolândia,13320
BA,29,2930709,Simões Filho,127093
BA,29,2930758,Sítio do Mato,13408
BA,29,2930766,Sítio do Quinto,14778
BA,29,2930774,Sobradinho,24799
BA,29,2930808,Souto Soares,16904
BA,29,2930907,Tabocas do Brejo Velho,11990
BA,29,2931004,Tanhaçu,21407
BA,29,2931053,Tanque Novo,18459
BA,29,2931103,Tanquinho,7729
BA,29,2931202,Taperoá,18016
BA,29,2931301,Tapiramutá,15884
BA,29,2931350,Teixeira de Freitas,147454
BA,29,2931400,Teodoro Sampaio,7220
BA,29,2931509,Teofilândia,21811
BA,29,2931608,Teolândia,15892
BA,29,2931707,Terra Nova,10802
BA,29,2931806,Tremedal,17497
BA,29,2931905,Tucano,48062
BA,29,2932002,Uauá,24654
BA,29,2932101,Ubaíra,18605
BA,29,2932200,Ubaitaba,17626
BA,29,2932309,Ubatã,18161
BA,29,2932408,Uibaí,14844
BA,29,2932457,Umburanas,13511
BA,29,2932507,Una,17998
BA,29,2932606,Urandi,15365
BA,29,2932705,Uruçuca,21365
BA,29,2932804,Utinga,16285
BA,29,2932903,Valença,96226
BA,29,2933000,Valente,23683
BA,29,2933059,Várzea da Roça,13043
BA,29,2933109,Várzea do Poço,8115
BA,29,2933158,Várzea Nova,13369
BA,29,2933174,Varzedo,9913
BA,29,2933208,Vera Cruz,40915
BA,29,2933257,Vereda,7072
BA,29,2933307,Vitória da Conquista,387524
BA,29,2933406,Wagner,8861
BA,29,2933455,Wanderley,13071
BA,29,2933505,Wenceslau Guimarães,26279
BA,29,2933604,Xique-Xique,46328
CE,23,2300101,Abaiara,9670
CE,23,2300150,Acarape,13553
CE,23,2300200,Acaraú,64551
CE,23,2300309,Acopiara,44601
CE,23,2300408,Aiuaba,13661
CE,23,2300507,Alcântaras,11359
CE,23,2300606,Altaneira,6782
CE,23,2300705,Alto Santo,14157
CE,23,2300754,Amontada,47486
CE,23,2300804,Antonina do Norte,7054
CE,23,2300903,Apuiarés,12974
CE,23,2301000,Aquiraz,92281
CE,23,2301109,Aracati,82476
CE,23,2301208,Aracoiaba,25522
CE,23,2301257,Ararendá,11096
CE,23,2301307,Araripe,19791
CE,23,2301406,Aratuba,12110
CE,23,2301505,Arneiroz,7304
CE,23,2301604,Assaré,21703
CE,23,2301703,Aurora,23173
CE,23,2301802,Baixio,5697
CE,23,2301851,Banabuiú,16447
CE,23,2301901,Barbalha,72700
CE,23,2301950,Barreira,22412
CE,23,2302008,Barro,19313
CE,23,2302057,Barroquinha,14563
CE,23,2302107,Baturité,33335
CE,23,2302206,Beberibe,52726
CE,23,2302305,Bela Cruz,30050
CE,23,2302404,Boa Viagem,48213
CE,23,2302503,Brejo Santo,51034
CE,23,2302602,Camocim,62419
CE,23,2302701,Campos Sales,25132
CE,23,2302800,Canindé,73969
CE,23,2302909,Capistrano,16005
CE,23,2303006,Caridade,15898
CE,23,2303105,Cariré,17633
CE,23,2303204,Caririaçu,26236
CE,23,2303303,Cariús,16398
CE,23,2303402,Carnaubal,17211
CE,23,2303501,Cascavel,70498
CE,23,2303600,Catarina,9950
CE,23,2303659,Catunda,10425
CE,23,2303709,Caucaia,372413
CE,23,2303808,Cedro,22216
CE,23,2303907,Chaval,12443
CE,23,2303931,Choró,11414
CE,23,2303956,Chorozinho,20174
CE,23,2304004,Coreaú,20944
CE,23,2304103,Crateús,75394
CE,23,2304202,Crato,130858
CE,23,2304236,Croatá,17492
CE,23,2304251,Cruz,29360
CE,23,2304269,Deputado Irapuan Pinheiro,8470
CE,23,2304277,Ereré,6466
CE,23,2304285,Eusébio,73667
CE,23,2304301,Farias Brito,18226
CE,23,2304350,Forquilha,22848
CE,23,2304400,Fortaleza,2596157
CE,23,2304459,Fortim,17308
CE,23,2304509,Frecheirinha,15660
CE,23,2304608,General Sampaio,6734
CE,23,2304657,Graça,13805
CE,23,2304707,Granja,53352
CE,23,2304806,Granjeiro,4843
CE,23,2304905,Groaíras,10889
CE,23,2304954,Guaiúba,22283
CE,23,2305001,Guaraciaba do Norte,42063
CE,23,2305100,Guaramiranga,5676
CE,23,2305209,Hidrolândia,17854
CE,23,2305233,Horizonte,69999
CE,23,2305266,Ibaretama,11927
CE,23,2305308,Ibiapina,23966
CE,23,2305332,Ibicuitinga,11582
CE,23,2305357,Icapuí,21400
CE,23,2305407,Icó,62125
CE,23,2305506,Iguatu,97733
CE,23,2305605,Independência,24047
CE,23,2305654,Ipaporanga,11575
CE,23,2305704,Ipaumirim,12204
CE,23,2305803,Ipu,41083
CE,23,2305902,Ipueiras,36751
CE,23,2306009,Iracema,13993
CE,23,2306108,Irauçuba,23944
CE,23,2306207,Itaiçaba,7532
CE,23,2306256,Itaitinga,60706
CE,23,2306306,Itapajé,46495
CE,23,2306405,Itapipoca,132711
CE,23,2306504,Itapiúna,17211
CE,23,2306553,Itarema,42698
CE,23,2306603,Itatira,20444
CE,23,2306702,Jaguaretama,17255
CE,23,2306801,Jaguaribara,10344
CE,23,2306900,Jaguaribe,32945
CE,23,2307007,Jaguaruana,30181
CE,23,2307106,Jardim,27335
CE,23,2307205,Jati,7821
CE,23,2307254,Jijoca de Jericoacoara,29472
CE,23,2307304,Juazeiro do Norte,269435
CE,23,2307403,Jucás,22926
CE,23,2307502,Lavras da Mangabeira,30693
CE,23,2307601,Limoeiro do Norte,59515
CE,23,2307635,Madalena,16127
CE,23,2307650,Maracanaú,231121
CE,23,2307700,Maranguape,93155
CE,23,2307809,Marco,25790
CE,23,2307908,Martinópole,10846
CE,23,2308005,Massapê,37717
CE,23,2308104,Mauriti,45365
CE,23,2308203,Meruoca,15164
CE,23,2308302,Milagres,25761
CE,23,2308351,Milhã,14135
CE,23,2308377,Miraíma,14260
CE,23,2308401,Missão Velha,36719
CE,23,2308500,Mombaça,37707
CE,23,2308609,Monsenhor Tabosa,17171
CE,23,2308708,Morada Nova,60940
CE,23,2308807,Moraújo,8264
CE,23,2308906,Morrinhos,22311
CE,23,2309003,Mucambo,13670
CE,23,2309102,Mulungu,9851
CE,23,2309201,Nova Olinda,15437
CE,23,2309300,Nova Russas,30518
CE,23,2309409,Novo Oriente,27566
CE,23,2309458,Ocara,24483
CE,23,2309508,Orós,19675
CE,23,2309607,Pacajus,67168
CE,23,2309706,Pacatuba,82432
CE,23,2309805,Pacoti,10467
CE,23,2309904,Pacujá,6136
CE,23,2310001,Palhano,9335
CE,23,2310100,Palmácia,10173
CE,23,2310209,Paracuru,40046
CE,23,2310258,Paraipaba,32278
CE,23,2310308,Parambu,31066
CE,23,2310407,Paramoti,10369
CE,23,2310506,Pedra Branca,37661
CE,23,2310605,Penaforte,8839
CE,23,2310704,Pentecoste,37853
CE,23,2310803,Pereiro,15279
CE,23,2310852,Pindoretama,24329
CE,23,2310902,Piquet Carneiro,16926
CE,23,2310951,Pires Ferreira,10603
CE,23,2311009,Poranga,11742
CE,23,2311108,Porteiras,17060
CE,23,2311207,Potengi,9637
CE,23,2311231,Potiretama,5977
CE,23,2311264,Quiterianópolis,19624
CE,23,2311306,Quixadá,80701
CE,23,2311355,Quixelô,15896
CE,23,2311405,Quixeramobim,78502
CE,23,2311504,Quixeré,20863
CE,23,2311603,Redenção,25813
CE,23,2311702,Reriutaba,18603
CE,23,2311801,Russas,72609
CE,23,2311900,Saboeiro,13755
CE,23,2311959,Salitre,16635
CE,23,2312205,Santa Quitéria,40239
CE,23,2312007,Santana do Acaraú,28436
CE,23,2312106,Santana do Cariri,16981
CE,23,2312304,São Benedito,47657
CE,23,2312403,São Gonçalo do Amarante,60126
CE,23,2312502,São João do Jaguaribe,5855
CE,23,2312601,São Luís do Curu,10856
CE,23,2312700,Senador Pompeu,24256
CE,23,2312809,Senador Sá,7262
CE,23,2312908,Sobral,219030
CE,23,2313005,Solonópole,18083
CE,23,2313104,Tabuleiro do Norte,30655
CE,23,2313203,Tamboril,24812
CE,23,2313252,Tarrafas,7530
CE,23,2313302,Tauá,56086
CE,23,2313351,Tejuçuoca,17149
CE,23,2313401,Tianguá,81656
CE,23,2313500,Trairi,58122
CE,23,2313559,Tururu,15432
CE,23,2313609,Ubajara,32778
CE,23,2313708,Umari,6874
CE,23,2313757,Umirim,17491
CE,23,2313807,Uruburetama,20259
CE,23,2313906,Uruoca,13651
CE,23,2313955,Varjota,18105
CE,23,2314003,Várzea Alegre,38825
CE,23,2314102,Viçosa do Ceará,59470
DF,53,5300108,Brasília,2923369
ES,32,3200102,Afonso Cláudio,30603
ES,32,3200169,Água Doce do Norte,12038
ES,32,3200136,Águia Branca,9714
ES,32,3200201,Alegre,26397
ES,32,3200300,Alfredo Chaves,13303
ES,32,3200359,Alto Rio Novo,7438
ES,32,3200409,Anchieta,29613
ES,32,3200508,Apiacá,7178
ES,32,3200607,Aracruz,99336
ES,32,3200706,Atílio Vivácqua,11218
ES,32,3200805,Baixo Guandu,30676
ES,32,3200904,Barra de São Francisco,40753
ES,32,3201001,Boa Esperança,13134
ES,32,3201100,Bom Jesus do Norte,9832
ES,32,3201159,Brejetuba,12933
ES,32,3201209,Cachoeiro de Itapemirim,196133
ES,32,3201308,Cariacica,375500
ES,32,3201407,Castelo,39372
ES,32,3201506,Colatina,124575
ES,32,3201605,Conceição da Barra,27947
ES,32,3201704,Conceição do Castelo,12219
ES,32,3201803,Divino de São Lourenço,5089
ES,32,3201902,Domingos Martins,35937
ES,32,3202009,Dores do Rio Preto,6669
ES,32,3202108,Ecoporanga,21995
ES,32,3202207,Fundão,17884
ES,32,3202256,Governador Lindenberg,11073
ES,32,3202306,Guaçuí,28727
ES,32,3202405,Guarapari,132915
ES,32,3202454,Ibatiba,25296
ES,32,3202504,Ibiraçu,12561
ES,32,3202553,Ibitirama,9550
ES,32,3202603,Iconha,12055
ES,32,3202652,Irupi,13328
ES,32,3202702,Itaguaçu,14368
ES,32,3202801,Itapemirim,45801
ES,32,3202900,Itarana,12452
ES,32,3203007,Iúna,27846
ES,32,3203056,Jaguaré,28911
ES,32,3203106,Jerônimo Monteiro,11627
ES,32,3203130,João Neiva,15431
ES,32,3203163,Laranja da Terra,11068
ES,32,3203205,Linhares,171265
ES,32,3203304,Mantenópolis,12259
ES,32,3203320,Marataízes,46198
ES,32,3203346,Marechal Floriano,19594
ES,32,3203353,Marilândia,12975
ES,32,3203403,Mimoso do Sul,24769
ES,32,3203502,Montanha,18851
ES,32,3203601,Mucurici,5467
ES,32,3203700,Muniz Freire,18169
ES,32,3203809,Muqui,15736
ES,32,3203908,Nova Venécia,48220
ES,32,3204005,Pancas,18923
ES,32,3204054,Pedro Canário,21343
ES,32,3204104,Pinheiros,23674
ES,32,3204203,Piúma,21124
ES,32,3204252,Ponto Belo,6486
ES,32,3204302,Presidente Kennedy,14718
ES,32,3204351,Rio Bananal,19035
ES,32,3204401,Rio Novo do Sul,11017
ES,32,3204500,Santa Leopoldina,15830
ES,32,3204559,Santa Maria de Jetibá,46523
ES,32,3204609,Santa Teresa,25755
ES,32,3204658,São Domingos do Norte,8588
ES,32,3204708,São Gabriel da Palha,34198
ES,32,3204807,São José do Calçado,10875
ES,32,3204906,São Mateus,122386
ES,32,3204955,São Roque do Canaã,10594
ES,32,3205002,Serra,546405
ES,32,3205010,Sooretama,27255
ES,32,3205036,Vargem Alta,22285
ES,32,3205069,Venda Nova do Imigrante,23964
ES,32,3205101,Viana,71443
ES,32,3205150,Vila Pavão,8890
ES,32,3205176,Vila Valério,14764
ES,32,3205200,Vila Velha,493242
ES,32,3205309,Vitória,331785
GO,52,5200050,Abadia de Goiás,19141
GO,52,5200100,Abadiânia,15498
GO,52,5200134,Acreúna,20506
GO,52,5200159,Adelândia,2393
GO,52,5200175,Água Fria de Goiás,5546
GO,52,5200209,Água Limpa,1853
GO,52,5200258,Águas Lindas de Goiás,208892
GO,52,5200308,Alexânia,28690
GO,52,5200506,Aloândia,1891
GO,52,5200555,Alto Horizonte,6061
GO,52,5200605,Alto Paraíso de Goiás,10414
GO,52,5200803,Alvorada do Norte,8412
GO,52,5200829,Amaralina,3796
GO,52,5200852,Americano do Brasil,4937
GO,52,5200902,Amorinópolis,2982
GO,52,5201108,Anápolis,393417
GO,52,5201207,Anhanguera,927
GO,52,5201306,Anicuns,19762
GO,52,5201405,Aparecida de Goiânia,500760
GO,52,5201454,Aparecida do Rio Doce,2918
GO,52,5201504,Aporé,4067
GO,52,5201603,Araçu,3859
GO,52,5201702,Aragarças,18096
GO,52,5201801,Aragoiânia,11614
GO,52,5202155,Araguapaz,6986
GO,52,5202353,Arenópolis,2964
GO,52,5202502,Aruanã,8139
GO,52,5202601,Aurilândia,3390
GO,52,5202809,Avelinópolis,2470
GO,52,5203104,Baliza,3342
GO,52,5203203,Barro Alto,11252
GO,52,5203302,Bela Vista de Goiás,33912
GO,52,5203401,Bom Jardim de Goiás,7676
GO,52,5203500,Bom Jesus de Goiás,22320
GO,52,5203559,Bonfinópolis,10300
GO,52,5203575,Bonópolis,3171
GO,52,5203609,Brazabrantes,3981
GO,52,5203807,Britânia,6008
GO,52,5203906,Buriti Alegre,10892
GO,52,5203939,Buriti de Goiás,2720
GO,52,5203962,Buritinópolis,3110
GO,52,5204003,Cabeceiras,7342
GO,52,5204102,Cachoeira Alta,12488
GO,52,5204201,Cachoeira de Goiás,1384
GO,52,5204250,Cachoeira Dourada,7566
GO,52,5204300,Caçu,15049
GO,52,5204409,Caiapônia,17108
GO,52,5204508,Caldas Novas,93483
GO,52,5204557,Caldazinha,4450
GO,52,5204607,Campestre de Goiás,3735
GO,52,5204656,Campinaçu,3707
GO,52,5204706,Campinorte,13016
GO,52,5204805,Campo Alegre de Goiás,7424
GO,52,5204854,Campo Limpo de Goiás,8081
GO,52,5204904,Campos Belos,18357
GO,52,5204953,Campos Verdes,4446
GO,52,5205000,Carmo do Rio Verde,9484
GO,52,5205059,Castelândia,2978
GO,52,5205109,Catalão,110612
GO,52,5205208,Caturaí,5259
GO,52,5205307,Cavalcante,10991
GO,52,5205406,Ceres,21633
GO,52,5205455,Cezarina,7722
GO,52,5205471,Chapadão do Céu,13250
GO,52,5205497,Cidade Ocidental,84581
GO,52,5205513,Cocalzinho de Goiás,24018
GO,52,5205521,Colinas do Sul,3967
GO,52,5205703,Córrego do Ouro,2424
GO,52,5205802,Corumbá de Goiás,9801
GO,52,5205901,Corumbaíba,8739
GO,52,5206206,Cristalina,58940
GO,52,5206305,Cristianópolis,3682
GO,52,5206404,Crixás,20227
GO,52,5206503,Cromínia,3926
GO,52,5206602,Cumari,2915
GO,52,5206701,Damianópolis,3790
GO,52,5206800,Damolândia,2724
GO,52,5206909,Davinópolis,1798
GO,52,5207105,Diorama,2071
GO,52,5208301,Divinópolis de Goiás,4441
GO,52,5207253,Doverlândia,6853
GO,52,5207352,Edealina,3900
GO,52,5207402,Edéia,12666
GO,52,5207501,Estrela do Norte,3186
GO,52,5207535,Faina,7054
GO,52,5207600,Fazenda Nova,5871
GO,52,5207808,Firminópolis,9904
GO,52,5207907,Flores de Goiás,11627
GO,52,5208004,Formosa,112542
GO,52,5208103,Formoso,4658
GO,52,5208152,Gameleira de Goiás,3450
GO,52,5208400,Goianápolis,14036
GO,52,5208509,Goiandira,5023
GO,52,5208608,Goianésia,73201
GO,52,5208707,Goiânia,1414483
GO,52,5208806,Goianira,69511
GO,52,5208905,Goiás,23485
GO,52,5209101,Goiatuba,36936
GO,52,5209150,Gouvelândia,5127
GO,52,5209200,Guapó,17463
GO,52,5209291,Guaraíta,2169
GO,52,5209408,Guarani de Goiás,4024
GO,52,5209457,Guarinos,2167
GO,52,5209606,Heitoraí,3146
GO,52,5209705,Hidrolândia,27530
GO,52,5209804,Hidrolina,4848
GO,52,5209903,Iaciara,11462
GO,52,5209937,Inaciolândia,5958
GO,52,5209952,Indiara,16829
GO,52,5210000,Inhumas,53315
GO,52,5210109,Ipameri,24617
GO,52,5210158,Ipiranga de Goiás,2907
GO,52,5210208,Iporá,35284
GO,52,5210307,Israelândia,2543
GO,52,5210406,Itaberaí,47016
GO,52,5210562,Itaguari,4939
GO,52,5210604,Itaguaru,4906
GO,52,5210802,Itajá,4468
GO,52,5210901,Itapaci,21547
GO,52,5211008,Itapirapuã,7987
GO,52,5211206,Itapuranga,28522
GO,52,5211305,Itarumã,7029
GO,52,5211404,Itauçu,8693
GO,52,5211503,Itumbiara,113838
GO,52,5211602,Ivolândia,2664
GO,52,5211701,Jandaia,6273
GO,52,5211800,Jaraguá,43928
GO,52,5211909,Jataí,104656
GO,52,5212006,Jaupaci,2934
GO,52,5212055,Jesúpolis,2113
GO,52,5212105,Joviânia,7164
GO,52,5212204,Jussara,19582
GO,52,5212253,Lagoa Santa,1568
GO,52,5212303,Leopoldo de Bulhões,8777
GO,52,5212501,Luziânia,196416
GO,52,5212600,Mairipotaba,2476
GO,52,5212709,Mambaí,8144
GO,52,5212808,Mara Rosa,10705
GO,52,5212907,Marzagão,2764
GO,52,5212956,Matrinchã,4042
GO,52,5213004,Maurilândia,9684
GO,52,5213053,Mimoso de Goiás,2572
GO,52,5213087,Minaçu,26994
GO,52,5213103,Mineiros,71108
GO,52,5213400,Moiporá,1701
GO,52,5213509,Monte Alegre de Goiás,6643
GO,52,5213707,Montes Claros de Goiás,9530
GO,52,5213756,Montividiu,12716
GO,52,5213772,Montividiu do Norte,3647
GO,52,5213806,Morrinhos,49965
GO,52,5213855,Morro Agudo de Goiás,2440
GO,52,5213905,Mossâmedes,4791
GO,52,5214002,Mozarlândia,15284
GO,52,5214051,Mundo Novo,6273
GO,52,5214101,Mutunópolis,3574
GO,52,5214408,Nazário,9247
GO,52,5214507,Nerópolis,33898
GO,52,5214606,Niquelândia,35609
GO,52,5214705,Nova América,2331
GO,52,5214804,Nova Aurora,2103
GO,52,5214838,Nova Crixás,13325
GO,52,5214861,Nova Glória,8307
GO,52,5214879,Nova Iguaçu de Goiás,3010
GO,52,5214903,Nova Roma,3076
GO,52,5215009,Nova Veneza,9152
GO,52,5215207,Novo Brasil,3605
GO,52,5215231,Novo Gama,97976
GO,52,5215256,Novo Planalto,3698
GO,52,5215306,Orizona,16127
GO,52,5215405,Ouro Verde de Goiás,4060
GO,52,5215504,Ouvidor,7192
GO,52,5215603,Padre Bernardo,34314
GO,52,5215652,Palestina de Goiás,3505
GO,52,5215702,Palmeiras de Goiás,32004
GO,52,5215801,Palmelo,2293
GO,52,5215900,Palminópolis,3848
GO,52,5216007,Panamá,2968
GO,52,5216304,Paranaiguara,9497
GO,52,5216403,Paraúna,10383
GO,52,5216452,Perolândia,3175
GO,52,5216809,Petrolina de Goiás,8854
GO,52,5216908,Pilar de Goiás,2332
GO,52,5217104,Piracanjuba,23771
GO,52,5217203,Piranhas,11532
GO,52,5217302,Pirenópolis,26598
GO,52,5217401,Pires do Rio,33193
GO,52,5217609,Planaltina,108846
GO,52,5217708,Pontalina,18843
GO,52,5218003,Porangatu,44061
GO,52,5218052,Porteirão,4085
GO,52,5218102,Portelândia,3322
GO,52,5218300,Posse,34450
GO,52,5218391,Professor Jamil,3325
GO,52,5218508,Quirinópolis,50540
GO,52,5218607,Rialma,12054
GO,52,5218706,Rianápolis,3972
GO,52,5218789,Rio Quente,3967
GO,52,5218805,Rio Verde,214607
GO,52,5218904,Rubiataba,19803
GO,52,5219001,Sanclerlândia,8300
GO,52,5219100,Santa Bárbara de Goiás,6182
GO,52,5219209,Santa Cruz de Goiás,3107
GO,52,5219258,Santa Fé de Goiás,4985
GO,52,5219308,Santa Helena de Goiás,37193
GO,52,5219357,Santa Isabel,3510
GO,52,5219407,Santa Rita do Araguaia,7239
GO,52,5219456,Santa Rita do Novo Destino,2948
GO,52,5219506,Santa Rosa de Goiás,2810
GO,52,5219605,Santa Tereza de Goiás,3322
GO,52,5219704,Santa Terezinha de Goiás,10370
GO,52,5219712,Santo Antônio da Barra,4287
GO,52,5219738,Santo Antônio de Goiás,7448
GO,52,5219753,Santo Antônio do Descoberto,68654
GO,52,5219803,São Domingos,9710
GO,52,5219902,São Francisco de Goiás,6379
GO,52,5220009,São João d'Aliança,11275
GO,52,5220058,São João da Paraúna,1898
GO,52,5220108,São Luís de Montes Belos,33279
GO,52,5220157,São Luiz do Norte,4947
GO,52,5220207,São Miguel do Araguaia,22738
GO,52,5220264,São Miguel do Passa Quatro,4234
GO,52,5220280,São Patrício,2138
GO,52,5220405,São Simão,17619
GO,52,5220454,Senador Canedo,153522
GO,52,5220504,Serranópolis,8295
GO,52,5220603,Silvânia,22230
GO,52,5220686,Simolândia,5715
GO,52,5220702,Sítio d'Abadia,2939
GO,52,5221007,Taquaral de Goiás,4038
GO,52,5221080,Teresina de Goiás,2695
GO,52,5221197,Terezópolis de Goiás,7842
GO,52,5221304,Três Ranchos,2906
GO,52,5221403,Trindade,149167
GO,52,5221452,Trombas,3123
GO,52,5221502,Turvânia,4462
GO,52,5221551,Turvelândia,4847
GO,52,5221577,Uirapuru,3874
GO,52,5221601,Uruaçu,43728
GO,52,5221700,Uruana,13681
GO,52,5221809,Urutaí,3119
GO,52,5221858,Valparaíso de Goiás,196967
GO,52,5221908,Varjão,3720
GO,52,5222005,Vianópolis,14046
GO,52,5222054,Vicentinópolis,8776
GO,52,5222203,Vila Boa,3686
GO,52,5222302,Vila Propício,5646
MA,21,2100055,Açailândia,107263
MA,21,2100105,Afonso Cunha,6144
MA,21,2100154,Água Doce do Maranhão,12154
MA,21,2100204,Alcântara,18446
MA,21,2100303,Aldeias Altas,22549
MA,21,2100402,Altamira do Maranhão,6451
MA,21,2100436,Alto Alegre do Maranhão,23270
MA,21,2100477,Alto Alegre do Pindaré,25673
MA,21,2100501,Alto Parnaíba,11076
MA,21,2100550,Amapá do Maranhão,7162
MA,21,2100600,Amarante do Maranhão,36266
MA,21,2100709,Anajatuba,23968
MA,21,2100808,Anapurus,13795
MA,21,2100832,Apicum-Açu,17533
MA,21,2100873,Araguanã,11169
MA,21,2100907,Araioses,38980
MA,21,2100956,Arame,25646
MA,21,2101004,Arari,29302
MA,21,2101103,Axixá,11797
MA,21,2101202,Bacabal,104352
MA,21,2101251,Bacabeira,17073
MA,21,2101301,Bacuri,16206
MA,21,2101350,Bacurituba,5196
MA,21,2101400,Balsas,100257
MA,21,2101509,Barão de Grajaú,19310
MA,21,2101608,Barra do Corda,84708
MA,21,2101707,Barreirinhas,69312
MA,21,2101772,Bela Vista do Maranhão,11911
MA,21,2101731,Belágua,8504
MA,21,2101806,Benedito Leite,5472
MA,21,2101905,Bequimão,19572
MA,21,2101939,Bernardo do Mearim,5842
MA,21,2101970,Boa Vista do Gurupi,7622
MA,21,2102002,Bom Jardim,32894
MA,21,2102036,Bom Jesus das Selvas,28589
MA,21,2102077,Bom Lugar,11675
MA,21,2102101,Brejo,34116
MA,21,2102150,Brejo de Areia,9224
MA,21,2102200,Buriti,29693
MA,21,2102309,Buriti Bravo,22427
MA,21,2102325,Buriticupu,52395
MA,21,2102358,Buritirana,12870
MA,21,2102374,Cachoeira Grande,10227
MA,21,2102408,Cajapió,10032
MA,21,2102507,Cajari,16296
MA,21,2102556,Campestre do Maranhão,12185
MA,21,2102606,Cândido Mendes,19805
MA,21,2102705,Cantanhede,17355
MA,21,2102754,Capinzal do Norte,11372
MA,21,2102804,Carolina,24056
MA,21,2102903,Carutapera,24263
MA,21,2103000,Caxias,153634
MA,21,2103109,Cedral,10214
MA,21,2103125,Central do Maranhão,7086
MA,21,2103158,Centro do Guilherme,12384
MA,21,2103174,Centro Novo do Maranhão,16254
MA,21,2103208,Chapadinha,81339
MA,21,2103257,Cidelândia,12857
MA,21,2103307,Codó,112110
MA,21,2103406,Coelho Neto,41353
MA,21,2103505,Colinas,40322
MA,21,2103554,Conceição do Lago-Açu,14921
MA,21,2103604,Coroatá,59563
MA,21,2103703,Cururupu,31662
MA,21,2103752,Davinópolis,14467
MA,21,2103802,Dom Pedro,23111
MA,21,2103901,Duque Bacelar,10223
MA,21,2104008,Esperantinópolis,18355
MA,21,2104057,Estreito,33245
MA,21,2104073,Feira Nova do Maranhão,8048
MA,21,2104081,Fernando Falcão,10875
MA,21,2104099,Formosa da Serra Negra,17758
MA,21,2104107,Fortaleza dos Nogueiras,12642
MA,21,2104206,Fortuna,17075
MA,21,2104305,Godofredo Viana,9894
MA,21,2104404,Gonçalves Dias,17432
MA,21,2104503,Governador Archer,10294
MA,21,2104552,Governador Edison Lobão,18375
MA,21,2104602,Governador Eugênio Barros,13918
MA,21,2104628,Governador Luiz Rocha,7061
MA,21,2104651,Governador Newton Bello,10708
MA,21,2104677,Governador Nunes Freire,22754
MA,21,2104701,Graça Aranha,6012
MA,21,2104800,Grajaú,73942
MA,21,2104909,Guimarães,10285
MA,21,2105005,Humberto de Campos,25656
MA,21,2105104,Icatu,24719
MA,21,2105153,Igarapé do Meio,13483
MA,21,2105203,Igarapé Grande,10222
MA,21,2105302,Imperatriz,273027
MA,21,2105351,Itaipava do Grajaú,13847
MA,21,2105401,Itapecuru Mirim,65721
MA,21,2105427,Itinga do Maranhão,23904
MA,21,2105450,Jatobá,8239
MA,21,2105476,Jenipapo dos Vieiras,17066
MA,21,2105500,João Lisboa,24609
MA,21,2105609,Joselândia,14942
MA,21,2105658,Junco do Maranhão,5146
MA,21,2105708,Lago da Pedra,44422
MA,21,2105807,Lago do Junco,9491
MA,21,2105948,Lago dos Rodrigues,8755
MA,21,2105906,Lago Verde,14678
MA,21,2105922,Lagoa do Mato,10583
MA,21,2105963,Lagoa Grande do Maranhão,11417
MA,21,2105989,Lajeado Novo,7051
MA,21,2106003,Lima Campos,11320
MA,21,2106102,Loreto,11526
MA,21,2106201,Luís Domingues,7159
MA,21,2106300,Magalhães de Almeida,13747
MA,21,2106326,Maracaçumé,21106
MA,21,2106359,Marajá do Sena,7200
MA,21,2106375,Maranhãozinho,13797
MA,21,2106409,Mata Roma,16919
MA,21,2106508,Matinha,21808
MA,21,2106607,Matões,31954
MA,21,2106631,Matões do Norte,17582
MA,21,2106672,Milagres do Maranhão,8812
MA,21,2106706,Mirador,20998
MA,21,2106755,Miranda do Norte,20562
MA,21,2106805,Mirinzal,13958
MA,21,2106904,Monção,27620
MA,21,2107001,Montes Altos,10286
MA,21,2107100,Morros,18054
MA,21,2107209,Nina Rodrigues,12477
MA,21,2107258,Nova Colinas,5021
MA,21,2107308,Nova Iorque,4308
MA,21,2107357,Nova Olinda do Maranhão,14277
MA,21,2107407,Olho d'Água das Cunhãs,17937
MA,21,2107456,Olinda Nova do Maranhão,13320
MA,21,2107506,Paço do Lumiar,145752
MA,21,2107605,Palmeirândia,21056
MA,21,2107704,Paraibano,19530
MA,21,2107803,Parnarama,31179
MA,21,2107902,Passagem Franca,17244
MA,21,2108009,Pastos Bons,18724
MA,21,2108058,Paulino Neves,17054
MA,21,2108108,Paulo Ramos,20183
MA,21,2108207,Pedreiras,36980
MA,21,2108256,Pedro do Rosário,24260
MA,21,2108306,Penalva,32436
MA,21,2108405,Peri Mirim,11093
MA,21,2108454,Peritoró,20471
MA,21,2108504,Pindaré-Mirim,29440
MA,21,2108603,Pinheiro,85054
MA,21,2108702,Pio XII,21941
MA,21,2108801,Pirapemas,14819
MA,21,2108900,Poção de Pedras,17133
MA,21,2109007,Porto Franco,23565
MA,21,2109056,Porto Rico do Maranhão,5961
MA,21,2109106,Presidente Dutra,45102
MA,21,2109205,Presidente Juscelino,11293
MA,21,2109239,Presidente Médici,4575
MA,21,2109270,Presidente Sarney,17542
MA,21,2109304,Presidente Vargas,9616
MA,21,2109403,Primeira Cruz,13095
MA,21,2109452,Raposa,31667
MA,21,2109502,Riachão,22153
MA,21,2109551,Ribamar Fiquene,7424
MA,21,2109601,Rosário,36688
MA,21,2109700,Sambaíba,5568
MA,21,2109759,Santa Filomena do Maranhão,6698
MA,21,2109809,Santa Helena,41221
MA,21,2109908,Santa Inês,85261
MA,21,2110005,Santa Luzia,57189
MA,21,2110039,Santa Luzia do Paruá,23413
MA,21,2110104,Santa Quitéria do Maranhão,23782
MA,21,2110203,Santa Rita,35231
MA,21,2110237,Santana do Maranhão,10325
MA,21,2110278,Santo Amaro do Maranhão,13193
MA,21,2110302,Santo Antônio dos Lopes,14298
MA,21,2110401,São Benedito do Rio Preto,18306
MA,21,2110500,São Bento,46307
MA,21,2110609,São Bernardo,26899
MA,21,2110658,São Domingos do Azeitão,7937
MA,21,2110708,São Domingos do Maranhão,33837
MA,21,2110807,São Félix de Balsas,4402
MA,21,2110856,São Francisco do Brejão,8837
MA,21,2110906,São Francisco do Maranhão,12049
MA,21,2111003,São João Batista,18559
MA,21,2111029,São João do Carú,12297
MA,21,2111052,São João do Paraíso,9622
MA,21,2111078,São João do Soter,16083
MA,21,2111102,São João dos Patos,25452
MA,21,2111201,São José de Ribamar,269657
MA,21,2111250,São José dos Basílios,6977
MA,21,2111300,São Luís,1061374
MA,21,2111409,São Luís Gonzaga do Maranhão,17870
MA,21,2111508,São Mateus do Maranhão,38902
MA,21,2111532,São Pedro da Água Branca,14379
MA,21,2111573,São Pedro dos Crentes,5764
MA,21,2111607,São Raimundo das Mangabeiras,18593
MA,21,2111631,São Raimundo do Doca Bezerra,5646
MA,21,2111672,São Roberto,4548
MA,21,2111706,São Vicente Ferrer,19446
MA,21,2111722,Satubinha,8821
MA,21,2111748,Senador Alexandre Costa,10087
MA,21,2111763,Senador La Rocque,14688
MA,21,2111789,Serrano do Maranhão,10194
MA,21,2111805,Sítio Novo,16626
MA,21,2111904,Sucupira do Norte,10247
MA,21,2111953,Sucupira do Riachão,4966
MA,21,2112001,Tasso Fragoso,8891
MA,21,2112100,Timbiras,26501
MA,21,2112209,Timon,175044
MA,21,2112233,Trizidela do Vale,22438
MA,21,2112274,Tufilândia,5502
MA,21,2112308,Tuntum,34411
MA,21,2112407,Turiaçu,37522
MA,21,2112456,Turilândia,31875
MA,21,2112506,Tutóia,53346
MA,21,2112605,Urbano Santos,32792
MA,21,2112704,Vargem Grande,48430
MA,21,2112803,Viana,51449
MA,21,2112852,Vila Nova dos Martírios,10138
MA,21,2112902,Vitória do Mearim,30478
MA,21,2113009,Vitorino Freire,30067
MA,21,2114007,Zé Doca,40786
MG,31,3100104,Abadia dos Dourados,6235
MG,31,3100203,Abaeté,22492
MG,31,3100302,Abre Campo,13882
MG,31,3100401,Acaiaca,3920
MG,31,3100500,Açucena,9229
MG,31,3100609,Água Boa,12390
MG,31,3100708,Água Comprida,2085
MG,31,3100807,Aguanil,4362
MG,31,3100906,Águas Formosas,18430
MG,31,3101003,Águas Vermelhas,14026
MG,31,3101102,Aimorés,24934
MG,31,3101201,Aiuruoca,6225
MG,31,3101300,Alagoa,2646
MG,31,3101409,Albertina,2941
MG,31,3101508,Além Paraíba,30608
MG,31,3101607,Alfenas,79175
MG,31,3101631,Alfredo Vasconcelos,6938
MG,31,3101706,Almenara,39915
MG,31,3101805,Alpercata,6403
MG,31,3101904,Alpinópolis,17883
MG,31,3102001,Alterosa,13697
MG,31,3102050,Alto Caparaó,5796
MG,31,3153509,Alto Jequitibá,8394
MG,31,3102100,Alto Rio Doce,10894
MG,31,3102209,Alvarenga,3858
MG,31,3102308,Alvinópolis,15178
MG,31,3102407,Alvorada de Minas,4065
MG,31,3102506,Amparo do Serra,4472
MG,31,3102605,Andradas,40522
MG,31,3102803,Andrelândia,11730
MG,31,3102852,Angelândia,7730
MG,31,3102902,Antônio Carlos,11095
MG,31,3103009,Antônio Dias,9248
MG,31,3103108,Antônio Prado de Minas,1537
MG,31,3103207,Araçaí,2174
MG,31,3103306,Aracitaba,1804
MG,31,3103405,Araçuaí,34807
MG,31,3103504,Araguari,121424
MG,31,3103603,Arantina,2916
MG,31,3103702,Araponga,8048
MG,31,3103751,Araporã,8543
MG,31,3103801,Arapuá,2621
MG,31,3103900,Araújos,9192
MG,31,3104007,Araxá,116561
MG,31,3104106,Arceburgo,9278
MG,31,3104205,Arcos,41635
MG,31,3104304,Areado,13752
MG,31,3104403,Argirita,2717
MG,31,3104452,Aricanduva,4721
MG,31,3104502,Arinos,18526
MG,31,3104601,Astolfo Dutra,14239
MG,31,3104700,Ataléia,13744
MG,31,3104809,Augusto de Lima,4507
MG,31,3104908,Baependi,18261
MG,31,3105004,Baldim,7336
MG,31,3105103,Bambuí,23545
MG,31,3105202,Bandeira,4606
MG,31,3105301,Bandeira do Sul,5968
MG,31,3105400,Barão de Cocais,30643
MG,31,3105509,Barão de Monte Alto,4965
MG,31,3105608,Barbacena,122894
MG,31,3105707,Barra Longa,5678
MG,31,3105905,Barroso,19802
MG,31,3106002,Bela Vista de Minas,9505
MG,31,3106101,Belmiro Braga,2905
MG,31,3106200,Belo Horizonte,2392678
MG,31,3106309,Belo Oriente,22149
MG,31,3106408,Belo Vale,8632
MG,31,3106507,Berilo,9615
MG,31,3106655,Berizal,4191
MG,31,3106606,Bertópolis,4457
MG,31,3106705,Betim,428956
MG,31,3106804,Bias Fortes,3357
MG,31,3106903,Bicas,13935
MG,31,3107000,Biquinhas,2356
MG,31,3107109,Boa Esperança,41060
MG,31,3107208,Bocaina de Minas,5316
MG,31,3107307,Bocaiúva,50185
MG,31,3107406,Bom Despacho,53750
MG,31,3107505,Bom Jardim de Minas,6771
MG,31,3107604,Bom Jesus da Penha,4479
MG,31,3107703,Bom Jesus do Amparo,5592
MG,31,3107802,Bom Jesus do Galho,14668
MG,31,3107901,Bom Repouso,12645
MG,31,3108008,Bom Sucesso,18045
MG,31,3108107,Bonfim,7377
MG,31,3108206,Bonfinópolis de Minas,5729
MG,31,3108255,Bonito de Minas,9917
MG,31,3108305,Borda da Mata,17581
MG,31,3108404,Botelhos,14703
MG,31,3108503,Botumirim,5760
MG,31,3108701,Brás Pires,4258
MG,31,3108552,Brasilândia de Minas,14696
MG,31,3108602,Brasília de Minas,31246
MG,31,3108800,Braúnas,4443
MG,31,3108909,Brazópolis,13981
MG,31,3109006,Brumadinho,38640
MG,31,3109105,Bueno Brandão,10761
MG,31,3109204,Buenópolis,9058
MG,31,3109253,Bugre,4041
MG,31,3109303,Buritis,25223
MG,31,3109402,Buritizeiro,23687
MG,31,3109451,Cabeceira Grande,6485
MG,31,3109501,Cabo Verde,11276
MG,31,3109600,Cachoeira da Prata,3707
MG,31,3109709,Cachoeira de Minas,11759
MG,31,3102704,Cachoeira de Pajeú,9020
MG,31,3109808,Cachoeira Dourada,2310
MG,31,3109907,Caetanópolis,11425
MG,31,3110004,Caeté,39578
MG,31,3110103,Caiana,5307
MG,31,3110202,Cajuri,4080
MG,31,3110301,Caldas,15082
MG,31,3110400,Camacho,3028
MG,31,3110509,Camanducaia,27942
MG,31,3110608,Cambuí,29584
MG,31,3110707,Cambuquira,12309
MG,31,3110806,Campanário,2737
MG,31,3110905,Campanha,15856
MG,31,3111002,Campestre,21585
MG,31,3111101,Campina Verde,17817
MG,31,3111150,Campo Azul,3615
MG,31,3111200,Campo Belo,52318
MG,31,3111309,Campo do Meio,11268
MG,31,3111408,Campo Florido,8181
MG,31,3111507,Campos Altos,13359
MG,31,3111606,Campos Gerais,25972
MG,31,3111903,Cana Verde,5272
MG,31,3111705,Canaã,4715
MG,31,3111804,Canápolis,9844
MG,31,3112000,Candeias,14017
MG,31,3112059,Cantagalo,3937
MG,31,3112109,Caparaó,4978
MG,31,3112208,Capela Nova,4369
MG,31,3112307,Capelinha,39472
MG,31,3112406,Capetinga,6473
MG,31,3112505,Capim Branco,10706
MG,31,3112604,Capinópolis,14392
MG,31,3112653,Capitão Andrade,4483
MG,31,3112703,Capitão Enéas,14633
MG,31,3112802,Capitólio,9794
MG,31,3112901,Caputira,8976
MG,31,3113008,Caraí,19251
MG,31,3113107,Caranaíba,2937
MG,31,3113206,Carandaí,23826
MG,31,3113305,Carangola,30778
MG,31,3113404,Caratinga,88311
MG,31,3113503,Carbonita,8480
MG,31,3113602,Careaçu,6739
MG,31,3113701,Carlos Chagas,18531
MG,31,3113800,Carmésia,2614
MG,31,3113909,Carmo da Cachoeira,11537
MG,31,3114006,Carmo da Mata,10940
MG,31,3114105,Carmo de Minas,13286
MG,31,3114204,Carmo do Cajuru,23374
MG,31,3114303,Carmo do Paranaíba,28883
MG,31,3114402,Carmo do Rio Claro,20725
MG,31,3114501,Carmópolis de Minas,17596
MG,31,3114550,Carneirinho,9401
MG,31,3114600,Carrancas,4049
MG,31,3114709,Carvalhópolis,3333
MG,31,3114808,Carvalhos,4374
MG,31,3114907,Casa Grande,2210
MG,31,3115003,Cascalho Rico,2705
MG,31,3115102,Cássia,16923
MG,31,3115300,Cataguases,68214
MG,31,3115359,Catas Altas,5486
MG,31,3115409,Catas Altas da Noruega,2918
MG,31,3115458,Catuji,7035
MG,31,3115474,Catuti,4730
MG,31,3115508,Caxambu,21011
MG,31,3115607,Cedro do Abaeté,1072
MG,31,3115706,Central de Minas,6149
MG,31,3115805,Centralina,10207
MG,31,3115904,Chácara,3092
MG,31,3116001,Chalé,6079
MG,31,3116100,Chapada do Norte,9913
MG,31,3116159,Chapada Gaúcha,12237
MG,31,3116209,Chiador,2800
MG,31,3116308,Cipotânea,5623
MG,31,3116407,Claraval,4658
MG,31,3116506,Claro dos Poções,7011
MG,31,3116605,Cláudio,31388
MG,31,3116704,Coimbra,7078
MG,31,3116803,Coluna,8072
MG,31,3116902,Comendador Gomes,2708
MG,31,3117009,Comercinho,6681
MG,31,3117108,Conceição da Aparecida,10408
MG,31,3115201,Conceição da Barra de Minas,3588
MG,31,3117306,Conceição das Alagoas,26423
MG,31,3117207,Conceição das Pedras,2752
MG,31,3117405,Conceição de Ipanema,4366
MG,31,3117504,Conceição do Mato Dentro,23345
MG,31,3117603,Conceição do Pará,5303
MG,31,3117702,Conceição do Rio Verde,12495
MG,31,3117801,Conceição dos Ouros,10774
MG,31,3117836,Cônego Marinho,7246
MG,31,3117876,Confins,7428
MG,31,3117900,Congonhal,10969
MG,31,3118007,Congonhas,55562
MG,31,3118106,Congonhas do Norte,4830
MG,31,3118205,Conquista,6679
MG,31,3118304,Conselheiro Lafaiete,134537
MG,31,3118403,Conselheiro Pena,19998
MG,31,3118502,Consolação,1552
MG,31,3118601,Contagem,615621
MG,31,3118700,Coqueiral,9002
MG,31,3118809,Coração de Jesus,24951
MG,31,3118908,Cordisburgo,7548
MG,31,3119005,Cordislândia,3208
MG,31,3119104,Corinto,22992
MG,31,3119203,Coroaci,10870
MG,31,3119302,Coromandel,29233
MG,31,3119401,Coronel Fabriciano,96621
MG,31,3119500,Coronel Murta,8128
MG,31,3119609,Coronel Pacheco,2702
MG,31,3119708,Coronel Xavier Chaves,3474
MG,31,3119807,Córrego Danta,3304
MG,31,3119906,Córrego do Bom Jesus,4263
MG,31,3119955,Córrego Fundo,6105
MG,31,3120003,Córrego Novo,2876
MG,31,3120102,Couto de Magalhães de Minas,4217
MG,31,3120151,Crisólita,4979
MG,31,3120201,Cristais,12184
MG,31,3120300,Cristália,4977
MG,31,3120409,Cristiano Otoni,4671
MG,31,3120508,Cristina,10379
MG,31,3120607,Crucilândia,5779
MG,31,3120706,Cruzeiro da Fortaleza,3492
MG,31,3120805,Cruzília,15223
MG,31,3120839,Cuparaque,3963
MG,31,3120870,Curral de Dentro,7406
MG,31,3120904,Curvelo,82335
MG,31,3121001,Datas,5459
MG,31,3121100,Delfim Moreira,7820
MG,31,3121209,Delfinópolis,8343
MG,31,3121258,Delta,9852
MG,31,3121308,Descoberto,4917
MG,31,3121407,Desterro de Entre Rios,7633
MG,31,3121506,Desterro do Melo,2997
MG,31,3121605,Diamantina,47798
MG,31,3121704,Diogo de Vasconcelos,3548
MG,31,3121803,Dionísio,7010
MG,31,3121902,Divinésia,4190
MG,31,3122009,Divino,20705
MG,31,3122108,Divino das Laranjeiras,4128
MG,31,3122207,Divinolândia de Minas,6457
MG,31,3122306,Divinópolis,248581
MG,31,3122355,Divisa Alegre,6321
MG,31,3122405,Divisa Nova,5791
MG,31,3122454,Divisópolis,10206
MG,31,3122470,Dom Bosco,3698
MG,31,3122504,Dom Cavati,4904
MG,31,3122603,Dom Joaquim,4920
MG,31,3122702,Dom Silvério,4991
MG,31,3122801,Dom Viçoso,3095
MG,31,3122900,Dona Euzébia,6122
MG,31,3123007,Dores de Campos,9956
MG,31,3123106,Dores de Guanhães,4984
MG,31,3123205,Dores do Indaiá,12534
MG,31,3123304,Dores do Turvo,4988
MG,31,3123403,Doresópolis,1378
MG,31,3123502,Douradoquara,1779
MG,31,3123528,Durandé,7832
MG,31,3123601,Elói Mendes,26283
MG,31,3123700,Engenheiro Caldas,13629
MG,31,3123809,Engenheiro Navarro,6318
MG,31,3123858,Entre Folhas,4862
MG,31,3123908,Entre Rios de Minas,14952
MG,31,3124005,Ervália,20028
MG,31,3124104,Esmeraldas,102608
MG,31,3124203,Espera Feliz,24081
MG,31,3124302,Espinosa,29650
MG,31,3124401,Espírito Santo do Dourado,5832
MG,31,3124500,Estiva,11520
MG,31,3124609,Estrela Dalva,2142
MG,31,3124708,Estrela do Indaiá,2764
MG,31,3124807,Estrela do Sul,6717
MG,31,3124906,Eugenópolis,10805
MG,31,3125002,Ewbank da Câmara,3863
MG,31,3125101,Extrema,53520
MG,31,3125200,Fama,2542
MG,31,3125309,Faria Lemos,3209
MG,31,3125408,Felício dos Santos,5126
MG,31,3125606,Felisburgo,6424
MG,31,3125705,Felixlândia,14084
MG,31,3125804,Fernandes Tourinho,2653
MG,31,3125903,Ferros,9210
MG,31,3125952,Fervedouro,10452
MG,31,3126000,Florestal,8201
MG,31,3126109,Formiga,68099
MG,31,3126208,Formoso,7801
MG,31,3126307,Fortaleza de Minas,3479
MG,31,3126406,Fortuna de Minas,3102
MG,31,3126505,Francisco Badaró,8795
MG,31,3126604,Francisco Dumont,4472
MG,31,3126703,Francisco Sá,21504
MG,31,3126752,Franciscópolis,5040
MG,31,3126802,Frei Gaspar,5617
MG,31,3126901,Frei Inocêncio,8190
MG,31,3126950,Frei Lagonegro,3391
MG,31,3127008,Fronteira,13668
MG,31,3127057,Fronteira dos Vales,4336
MG,31,3127073,Fruta de Leite,4594
MG,31,3127107,Frutal,63663
MG,31,3127206,Funilândia,4699
MG,31,3127305,Galiléia,6168
MG,31,3127339,Gameleiras,4782
MG,31,3127354,Glaucilândia,2637
MG,31,3127370,Goiabeira,2816
MG,31,3127388,Goianá,4064
MG,31,3127404,Gonçalves,4649
MG,31,3127503,Gonzaga,5189
MG,31,3127602,Gouveia,11398
MG,31,3127701,Governador Valadares,262499
MG,31,3127800,Grão Mogol,13094
MG,31,3127909,Grupiara,1392
MG,31,3128006,Guanhães,31702
MG,31,3128105,Guapé,13781
MG,31,3128204,Guaraciaba,10487
MG,31,3128253,Guaraciama,5010
MG,31,3128303,Guaranésia,19209
MG,31,3128402,Guarani,7487
MG,31,3128501,Guarará,3070
MG,31,3128600,Guarda-Mor,6539
MG,31,3128709,Guaxupé,51015
MG,31,3128808,Guidoval,7163
MG,31,3128907,Guimarânia,8600
MG,31,3129004,Guiricema,7708
MG,31,3129103,Gurinhatã,5140
MG,31,3129202,Heliodora,6325
MG,31,3129301,Iapu,12012
MG,31,3129400,Ibertioga,5204
MG,31,3129509,Ibiá,24271
MG,31,3129608,Ibiaí,6314
MG,31,3129657,Ibiracatu,5409
MG,31,3129707,Ibiraci,10780
MG,31,3129806,Ibirité,181943
MG,31,3129905,Ibitiúra de Minas,3368
MG,31,3130002,Ibituruna,2464
MG,31,3130051,Icaraí de Minas,10682
MG,31,3130101,Igarapé,44920
MG,31,3130200,Igaratinga,11095
MG,31,3130309,Iguatama,6749
MG,31,3130408,Ijaci,6263
MG,31,3130507,Ilicínea,12741
MG,31,3130556,Imbé de Minas,6992
MG,31,3130606,Inconfidentes,7274
MG,31,3130655,Indaiabira,6346
MG,31,3130705,Indianópolis,6104
MG,31,3130804,Ingaí,2476
MG,31,3130903,Inhapim,22327
MG,31,3131000,Inhaúma,6213
MG,31,3131109,Inimutaba,7434
MG,31,3131158,Ipaba,16552
MG,31,3131208,Ipanema,19209
MG,31,3131307,Ipatinga,211094
MG,31,3131406,Ipiaçu,3715
MG,31,3131505,Ipuiúna,9104
MG,31,3131604,Iraí de Minas,7868
MG,31,3131703,Itabira,110335
MG,31,3131802,Itabirinha,10112
MG,31,3131901,Itabirito,58544
MG,31,3132008,Itacambira,3880
MG,31,3132107,Itacarambi,16355
MG,31,3132206,Itaguara,14408
MG,31,3132305,Itaipé,10302
MG,31,3132404,Itajubá,90776
MG,31,3132503,Itamarandiba,32321
MG,31,3132602,Itamarati de Minas,3696
MG,31,3132701,Itambacuri,21080
MG,31,3132800,Itambé do Mato Dentro,2140
MG,31,3132909,Itamogi,10781
MG,31,3133006,Itamonte,14569
MG,31,3133105,Itanhandu,15226
MG,31,3133204,Itanhomi,11158
MG,31,3133303,Itaobim,19025
MG,31,3133402,Itapagipe,14896
MG,31,3133501,Itapecerica,21534
MG,31,3133600,Itapeva,12305
MG,31,3133709,Itatiaiuçu,16257
MG,31,3133758,Itaú de Minas,14293
MG,31,3133808,Itaúna,95967
MG,31,3133907,Itaverava,5650
MG,31,3134004,Itinga,12569
MG,31,3134103,Itueta,5804
MG,31,3134202,Ituiutaba,97409
MG,31,3134301,Itumirim,6642
MG,31,3134400,Iturama,38172
MG,31,3134509,Itutinga,4218
MG,31,3134608,Jaboticatubas,19697
MG,31,3134707,Jacinto,10793
MG,31,3134806,Jacuí,7515
MG,31,3134905,Jacutinga,25538
MG,31,3135001,Jaguaraçu,3106
MG,31,3135050,Jaíba,36945
MG,31,3135076,Jampruca,4261
MG,31,3135100,Janaúba,70001
MG,31,3135209,Januária,65279
MG,31,3135308,Japaraíba,4509
MG,31,3135357,Japonvar,7861
MG,31,3135407,Jeceaba,6344
MG,31,3135456,Jenipapo de Minas,6000
MG,31,3135506,Jequeri,12693
MG,31,3135605,Jequitaí,6449
MG,31,3135704,Jequitibá,5900
MG,31,3135803,Jequitinhonha,22262
MG,31,3135902,Jesuânia,5138
MG,31,3136009,Joaíma,12732
MG,31,3136108,Joanésia,4333
MG,31,3136207,João Monlevade,75838
MG,31,3136306,João Pinheiro,47702
MG,31,3136405,Joaquim Felício,3778
MG,31,3136504,Jordânia,8866
MG,31,3136520,José Gonçalves de Minas,3922
MG,31,3136553,José Raydan,4267
MG,31,3136579,Josenópolis,3607
MG,31,3136652,Juatuba,31409
MG,31,3136702,Juiz de Fora,557777
MG,31,3136801,Juramento,3585
MG,31,3136900,Juruaia,11000
MG,31,3136959,Juvenília,5793
MG,31,3137007,Ladainha,13868
MG,31,3137106,Lagamar,7106
MG,31,3137205,Lagoa da Prata,52051
MG,31,3137304,Lagoa dos Patos,3293
MG,31,3137403,Lagoa Dourada,12611
MG,31,3137502,Lagoa Formosa,19050
MG,31,3137536,Lagoa Grande,9096
MG,31,3137601,Lagoa Santa,70678
MG,31,3137700,Lajinha,20667
MG,31,3137809,Lambari,20449
MG,31,3137908,Lamim,3184
MG,31,3138005,Laranjal,5806
MG,31,3138104,Lassance,7089
MG,31,3138203,Lavras,98602
MG,31,3138302,Leandro Ferreira,3121
MG,31,3138351,Leme do Prado,4312
MG,31,3138401,Leopoldina,49020
MG,31,3138500,Liberdade,4713
MG,31,3138609,Lima Duarte,17248
MG,31,3138625,Limeira do Oeste,8582
MG,31,3138658,Lontra,8778
MG,31,3138674,Luisburgo,6961
MG,31,3138682,Luislândia,6158
MG,31,3138708,Luminárias,5586
MG,31,3138807,Luz,17972
MG,31,3138906,Machacalis,6440
MG,31,3139003,Machado,36932
MG,31,3139102,Madre de Deus de Minas,5191
MG,31,3139201,Malacacheta,16905
MG,31,3139250,Mamonas,5993
MG,31,3139300,Manga,18882
MG,31,3139409,Manhuaçu,88787
MG,31,3139508,Manhumirim,19812
MG,31,3139607,Mantena,26352
MG,31,3139805,Mar de Espanha,12400
MG,31,3139706,Maravilhas,7300
MG,31,3139904,Maria da Fé,14241
MG,31,3140001,Mariana,64890
MG,31,3140100,Marilac,4044
MG,31,3140159,Mário Campos,15969
MG,31,3140209,Maripá de Minas,3383
MG,31,3140308,Marliéria,4577
MG,31,3140407,Marmelópolis,3169
MG,31,3140506,Martinho Campos,13979
MG,31,3140530,Martins Soares,8267
MG,31,3140555,Mata Verde,10096
MG,31,3140605,Materlândia,3845
MG,31,3140704,Mateus Leme,43996
MG,31,3171501,Mathias Lobato,2912
MG,31,3140803,Matias Barbosa,14019
MG,31,3140852,Matias Cardoso,8879
MG,31,3140902,Matipó,18506
MG,31,3141009,Mato Verde,12045
MG,31,3141108,Matozinhos,36927
MG,31,3141207,Matutina,3807
MG,31,3141306,Medeiros,3965
MG,31,3141405,Medina,19199
MG,31,3141504,Mendes Pimentel,5535
MG,31,3141603,Mercês,9865
MG,31,3141702,Mesquita,5043
MG,31,3141801,Minas Novas,24117
MG,31,3141900,Minduri,3690
MG,31,3142007,Mirabela,13286
MG,31,3142106,Miradouro,8935
MG,31,3142205,Miraí,13630
MG,31,3142254,Miravânia,3984
MG,31,3142304,Moeda,5186
MG,31,3142403,Moema,8302
MG,31,3142502,Monjolos,2154
MG,31,3142601,Monsenhor Paulo,8336
MG,31,3142700,Montalvânia,14065
MG,31,3142809,Monte Alegre de Minas,20004
MG,31,3142908,Monte Azul,20345
MG,31,3143005,Monte Belo,13092
MG,31,3143104,Monte Carmelo,47267
MG,31,3143153,Monte Formoso,4381
MG,31,3143203,Monte Santo de Minas,20881
MG,31,3143401,Monte Sião,23715
MG,31,3143302,Montes Claros,436970
MG,31,3143450,Montezuma,6901
MG,31,3143500,Morada Nova de Minas,8988
MG,31,3143609,Morro da Garça,2593
MG,31,3143708,Morro do Pilar,2977
MG,31,3143807,Munhoz,7618
MG,31,3143906,Muriaé,103649
MG,31,3144003,Mutum,27634
MG,31,3144102,Muzambinho,21935
MG,31,3144201,Nacip Raydan,2513
MG,31,3144300,Nanuque,34668
MG,31,3144359,Naque,6331
MG,31,3144375,Natalândia,3514
MG,31,3144409,Natércia,4580
MG,31,3144508,Nazareno,8192
MG,31,3144607,Nepomuceno,24869
MG,31,3144656,Ninheira,9331
MG,31,3144672,Nova Belém,3049
MG,31,3144706,Nova Era,16920
MG,31,3144805,Nova Lima,117819
MG,31,3144904,Nova Módica,3614
MG,31,3145000,Nova Ponte,15731
MG,31,3145059,Nova Porteirinha,6660
MG,31,3145109,Nova Resende,16545
MG,31,3145208,Nova Serrana,114497
MG,31,3136603,Nova União,5729
MG,31,3145307,Novo Cruzeiro,26850
MG,31,3145356,Novo Oriente de Minas,10086
MG,31,3145372,Novorizonte,4545
MG,31,3145406,Olaria,1936
MG,31,3145455,Olhos-d'Água,5340
MG,31,3145505,Olímpio Noronha,2555
MG,31,3145604,Oliveira,39256
MG,31,3145703,Oliveira Fortes,1996
MG,31,3145802,Onça de Pitangui,2908
MG,31,3145851,Oratórios,4910
MG,31,3145877,Orizânia,8451
MG,31,3145901,Ouro Branco,39206
MG,31,3146008,Ouro Fino,32131
MG,31,3146107,Ouro Preto,76069
MG,31,3146206,Ouro Verde de Minas,5607
MG,31,3146255,Padre Carvalho,5031
MG,31,3146305,Padre Paraíso,17163
MG,31,3146552,Pai Pedro,5568
MG,31,3146404,Paineiras,4199
MG,31,3146503,Pains,7455
MG,31,3146602,Paiva,1474
MG,31,3146701,Palma,5692
MG,31,3146750,Palmópolis,6307
MG,31,3146909,Papagaios,13724
MG,31,3147105,Pará de Minas,97507
MG,31,3147006,Paracatu,94300
MG,31,3147204,Paraguaçu,21580
MG,31,3147303,Paraisópolis,20463
MG,31,3147402,Paraopeba,23776
MG,31,3147600,Passa Quatro,15387
MG,31,3147709,Passa Tempo,9204
MG,31,3147808,Passa Vinte,2232
MG,31,3147501,Passabém,1604
MG,31,3147907,Passos,110555
MG,31,3147956,Patis,5917
MG,31,3148004,Patos de Minas,159434
MG,31,3148103,Patrocínio,91901
MG,31,3148202,Patrocínio do Muriaé,5579
MG,31,3148301,Paula Cândido,8697
MG,31,3148400,Paulistas,4269
MG,31,3148509,Pavão,8044
MG,31,3148608,Peçanha,17358
MG,31,3148707,Pedra Azul,24452
MG,31,3148756,Pedra Bonita,7320
MG,31,3148806,Pedra do Anta,3511
MG,31,3148905,Pedra do Indaiá,3725
MG,31,3149002,Pedra Dourada,2752
MG,31,3149101,Pedralva,10750
MG,31,3149150,Pedras de Maria da Cruz,10445
MG,31,3149200,Pedrinópolis,3359
MG,31,3149309,Pedro Leopoldo,60154
MG,31,3149408,Pedro Teixeira,1806
MG,31,3149507,Pequeri,3351
MG,31,3149606,Pequi,4042
MG,31,3149705,Perdigão,12014
MG,31,3149804,Perdizes,17999
MG,31,3149903,Perdões,21329
MG,31,3149952,Periquito,6566
MG,31,3150000,Pescador,3537
MG,31,3150109,Piau,2530
MG,31,3150158,Piedade de Caratinga,8345
MG,31,3150208,Piedade de Ponte Nova,3941
MG,31,3150307,Piedade do Rio Grande,4560
MG,31,3150406,Piedade dos Gerais,5215
MG,31,3150505,Pimenta,8210
MG,31,3150539,Pingo-d'Água,4714
MG,31,3150570,Pintópolis,6922
MG,31,3150604,Piracema,7451
MG,31,3150703,Pirajuba,5438
MG,31,3150802,Piranga,15308
MG,31,3150901,Piranguçu,5848
MG,31,3151008,Piranguinho,9109
MG,31,3151107,Pirapetinga,11110
MG,31,3151206,Pirapora,55876
MG,31,3151305,Piraúba,11547
MG,31,3151404,Pitangui,26568
MG,31,3151503,Piumhi,34834
MG,31,3151602,Planura,10503
MG,31,3151701,Poço Fundo,15831
MG,31,3151800,Poços de Caldas,172869
MG,31,3151909,Pocrane,8715
MG,31,3152006,Pompéu,30493
MG,31,3152105,Ponte Nova,58779
MG,31,3152131,Ponto Chique,3775
MG,31,3152170,Ponto dos Volantes,10584
MG,31,3152204,Porteirinha,37321
MG,31,3152303,Porto Firme,10571
MG,31,3152402,Poté,13643
MG,31,3152501,Pouso Alegre,162028
MG,31,3152600,Pouso Alto,6567
MG,31,3152709,Prados,8964
MG,31,3152808,Prata,28678
MG,31,3152907,Pratápolis,8416
MG,31,3153004,Pratinha,3566
MG,31,3153103,Presidente Bernardes,4845
MG,31,3153202,Presidente Juscelino,3630
MG,31,3153301,Presidente Kubitschek,3075
MG,31,3153400,Presidente Olegário,19471
MG,31,3153608,Prudente de Morais,12224
MG,31,3153707,Quartel Geral,3150
MG,31,3153806,Queluzito,1778
MG,31,3153905,Raposos,16266
MG,31,3154002,Raul Soares,23387
MG,31,3154101,Recreio,11016
MG,31,3154150,Reduto,7865
MG,31,3154200,Resende Costa,11004
MG,31,3154309,Resplendor,15775
MG,31,3154408,Ressaquinha,4548
MG,31,3154457,Riachinho,8197
MG,31,3154507,Riacho dos Machados,8757
MG,31,3154606,Ribeirão das Neves,327968
MG,31,3154705,Ribeirão Vermelho,3953
MG,31,3154804,Rio Acima,10263
MG,31,3154903,Rio Casca,12795
MG,31,3155108,Rio do Prado,4631
MG,31,3155009,Rio Doce,2121
MG,31,3155207,Rio Espera,5432
MG,31,3155306,Rio Manso,5527
MG,31,3155405,Rio Novo,8450
MG,31,3155504,Rio Paranaíba,14602
MG,31,3155603,Rio Pardo de Minas,27708
MG,31,3155702,Rio Piracicaba,14120
MG,31,3155801,Rio Pomba,17721
MG,31,3155900,Rio Preto,5040
MG,31,3156007,Rio Vermelho,12457
MG,31,3156106,Ritápolis,4984
MG,31,3156205,Rochedo de Minas,2292
MG,31,3156304,Rodeiro,8596
MG,31,3156403,Romaria,3104
MG,31,3156452,Rosário da Limeira,4736
MG,31,3156502,Rubelita,5695
MG,31,3156601,Rubim,10321
MG,31,3156700,Sabará,131294
MG,31,3156809,Sabinópolis,13797
MG,31,3156908,Sacramento,25888
MG,31,3157005,Salinas,39969
MG,31,3157104,Salto da Divisa,6015
MG,31,3157203,Santa Bárbara,29491
MG,31,3157252,Santa Bárbara do Leste,7990
MG,31,3157278,Santa Bárbara do Monte Verde,2963
MG,31,3157302,Santa Bárbara do Tugúrio,4204
MG,31,3157336,Santa Cruz de Minas,8074
MG,31,3157377,Santa Cruz de Salinas,3908
MG,31,3157401,Santa Cruz do Escalvado,4852
MG,31,3157500,Santa Efigênia de Minas,4272
MG,31,3157609,Santa Fé de Minas,3521
MG,31,3157658,Santa Helena de Minas,5897
MG,31,3157708,Santa Juliana,15786
MG,31,3157807,Santa Luzia,213709
MG,31,3157906,Santa Margarida,16414
MG,31,3158003,Santa Maria de Itabira,10133
MG,31,3158102,Santa Maria do Salto,4666
MG,31,3158201,Santa Maria do Suaçuí,12652
MG,31,3159209,Santa Rita de Caldas,8400
MG,31,3159407,Santa Rita de Ibitipoca,3303
MG,31,3159308,Santa Rita de Jacutinga,4768
MG,31,3159357,Santa Rita de Minas,6214
MG,31,3159506,Santa Rita do Itueto,5831
MG,31,3159605,Santa Rita do Sapucaí,40719
MG,31,3159704,Santa Rosa da Serra,3414
MG,31,3159803,Santa Vitória,20538
MG,31,3158300,Santana da Vargem,6561
MG,31,3158409,Santana de Cataguases,3503
MG,31,3158508,Santana de Pirapama,7014
MG,31,3158607,Santana do Deserto,3732
MG,31,3158706,Santana do Garambéu,2140
MG,31,3158805,Santana do Jacaré,4214
MG,31,3158904,Santana do Manhuaçu,9010
MG,31,3158953,Santana do Paraíso,37113
MG,31,3159001,Santana do Riacho,5754
MG,31,3159100,Santana dos Montes,3469
MG,31,3159902,Santo Antônio do Amparo,16723
MG,31,3160009,Santo Antônio do Aventureiro,3770
MG,31,3160108,Santo Antônio do Grama,4229
MG,31,3160207,Santo Antônio do Itambé,3846
MG,31,3160306,Santo Antônio do Jacinto,10251
MG,31,3160405,Santo Antônio do Monte,28345
MG,31,3160454,Santo Antônio do Retiro,6621
MG,31,3160504,Santo Antônio do Rio Abaixo,1808
MG,31,3160603,Santo Hipólito,2593
MG,31,3160702,Santos Dumont,44140
MG,31,3160801,São Bento Abade,4710
MG,31,3160900,São Brás do Suaçuí,3987
MG,31,3160959,São Domingos das Dores,5621
MG,31,3161007,São Domingos do Prata,17399
MG,31,3161056,São Félix de Minas,3204
MG,31,3161106,São Francisco,51321
MG,31,3161205,São Francisco de Paula,6429
MG,31,3161304,São Francisco de Sales,5532
MG,31,3161403,São Francisco do Glória,4796
MG,31,3161502,São Geraldo,10270
MG,31,3161601,São Geraldo da Piedade,3307
MG,31,3161650,São Geraldo do Baixio,3104
MG,31,3161700,São Gonçalo do Abaeté,7152
MG,31,3161809,São Gonçalo do Pará,11688
MG,31,3161908,São Gonçalo do Rio Abaixo,12466
MG,31,3125507,São Gonçalo do Rio Preto,3035
MG,31,3162005,São Gonçalo do Sapucaí,23792
MG,31,3162104,São Gotardo,41114
MG,31,3162203,São João Batista do Glória,7455
MG,31,3162252,São João da Lagoa,4818
MG,31,3162302,São João da Mata,2803
MG,31,3162401,São João da Ponte,23840
MG,31,3162450,São João das Missões,12986
MG,31,3162500,São João del Rei,93778
MG,31,3162559,São João do Manhuaçu,11245
MG,31,3162575,São João do Manteninha,5329
MG,31,3162609,São João do Oriente,7049
MG,31,3162658,São João do Pacuí,3884
MG,31,3162708,São João do Paraíso,20502
MG,31,3162807,São João Evangelista,14864
MG,31,3162906,São João Nepomuceno,24970
MG,31,3162922,São Joaquim de Bicas,34677
MG,31,3162948,São José da Barra,7862
MG,31,3162955,São José da Lapa,27125
MG,31,3163003,São José da Safira,3769
MG,31,3163102,São José da Varginha,4392
MG,31,3163201,São José do Alegre,4125
MG,31,3163300,São José do Divino,3437
MG,31,3163409,São José do Goiabal,5400
MG,31,3163508,São José do Jacuri,6098
MG,31,3163607,São José do Mantimento,2768
MG,31,3163706,São Lourenço,44432
MG,31,3163805,São Miguel do Anta,6219
MG,31,3163904,São Pedro da União,4869
MG,31,3164100,São Pedro do Suaçuí,5108
MG,31,3164001,São Pedro dos Ferros,7122
MG,31,3164209,São Romão,9783
MG,31,3164308,São Roque de Minas,6893
MG,31,3164407,São Sebastião da Bela Vista,6390
MG,31,3164431,São Sebastião da Vargem Alegre,3113
MG,31,3164472,São Sebastião do Anta,6195
MG,31,3164506,São Sebastião do Maranhão,9918
MG,31,3164605,São Sebastião do Oeste,8819
MG,31,3164704,São Sebastião do Paraíso,70976
MG,31,3164803,São Sebastião do Rio Preto,1231
MG,31,3164902,São Sebastião do Rio Verde,2299
MG,31,3165008,São Tiago,11741
MG,31,3165107,São Tomás de Aquino,6745
MG,31,3165206,São Tomé das Letras,6782
MG,31,3165305,São Vicente de Minas,6669
MG,31,3165404,Sapucaí-Mirim,6288
MG,31,3165503,Sardoá,4774
MG,31,3165537,Sarzedo,36581
MG,31,3165560,Sem-Peixe,2382
MG,31,3165578,Senador Amaral,6208
MG,31,3165602,Senador Cortes,2237
MG,31,3165701,Senador Firmino,7716
MG,31,3165800,Senador José Bento,2071
MG,31,3165909,Senador Modestino Gonçalves,3926
MG,31,3166006,Senhora de Oliveira,5295
MG,31,3166105,Senhora do Porto,3032
MG,31,3166204,Senhora dos Remédios,9925
MG,31,3166303,Sericita,7345
MG,31,3166402,Seritinga,1812
MG,31,3166501,Serra Azul de Minas,3906
MG,31,3166600,Serra da Saudade,836
MG,31,3166808,Serra do Salitre,13152
MG,31,3166709,Serra dos Aimorés,6847
MG,31,3166907,Serrania,7518
MG,31,3166956,Serranópolis de Minas,4398
MG,31,3167004,Serranos,1952
MG,31,3167103,Serro,21813
MG,31,3167202,Sete Lagoas,233398
MG,31,3165552,Setubinha,9797
MG,31,3167301,Silveirânia,2322
MG,31,3167400,Silvianópolis,6061
MG,31,3167509,Simão Pereira,2913
MG,31,3167608,Simonésia,19807
MG,31,3167707,Sobrália,4893
MG,31,3167806,Soledade de Minas,5602
MG,31,3167905,Tabuleiro,3926
MG,31,3168002,Taiobeiras,33071
MG,31,3168051,Taparuba,3390
MG,31,3168101,Tapira,3975
MG,31,3168200,Tapiraí,1689
MG,31,3168309,Taquaraçu de Minas,4135
MG,31,3168408,Tarumirim,11900
MG,31,3168507,Teixeiras,12105
MG,31,3168606,Teófilo Otoni,142030
MG,31,3168705,Timóteo,77856
MG,31,3168804,Tiradentes,7508
MG,31,3168903,Tiros,8152
MG,31,3169000,Tocantins,14912
MG,31,3169059,Tocos do Moji,4086
MG,31,3169109,Toledo,7190
MG,31,3169208,Tombos,8621
MG,31,3169307,Três Corações,75313
MG,31,3169356,Três Marias,28320
MG,31,3169406,Três Pontas,53511
MG,31,3169505,Tumiritinga,5611
MG,31,3169604,Tupaciguara,25500
MG,31,3169703,Turmalina,19933
MG,31,3169802,Turvolândia,4859
MG,31,3169901,Ubá,98705
MG,31,3170008,Ubaí,11606
MG,31,3170057,Ubaporanga,12805
MG,31,3170107,Uberaba,359090
MG,31,3170206,Uberlândia,725536
MG,31,3170305,Umburatiba,2686
MG,31,3170404,Unaí,86867
MG,31,3170438,União de Minas,3671
MG,31,3170479,Uruana de Minas,3268
MG,31,3170503,Urucânia,10480
MG,31,3170529,Urucuia,17433
MG,31,3170578,Vargem Alegre,6195
MG,31,3170602,Vargem Bonita,1984
MG,31,3170651,Vargem Grande do Rio Pardo,4631
MG,31,3170701,Varginha,137078
MG,31,3170750,Varjão de Minas,7023
MG,31,3170800,Várzea da Palma,32885
MG,31,3170909,Varzelândia,18842
MG,31,3171006,Vazante,20771
MG,31,3171030,Verdelândia,7348
MG,31,3171071,Veredinha,5148
MG,31,3171105,Veríssimo,3289
MG,31,3171154,Vermelho Novo,4916
MG,31,3171204,Vespasiano,137821
MG,31,3171303,Viçosa,85119
MG,31,3171402,Vieiras,3701
MG,31,3171600,Virgem da Lapa,11513
MG,31,3171709,Virgínia,8933
MG,31,3171808,Virginópolis,10336
MG,31,3171907,Virgolândia,4848
MG,31,3172004,Visconde do Rio Branco,38493
MG,31,3172103,Volta Grande,4367
MG,31,3172202,Wenceslau Braz,2279
MS,50,5000203,Água Clara,17072
MS,50,5000252,Alcinópolis,4670
MS,50,5000609,Amambai,38251
MS,50,5000708,Anastácio,23338
MS,50,5000807,Anaurilândia,7805
MS,50,5000856,Angélica,10663
MS,50,5000906,Antônio João,8796
MS,50,5001003,Aparecida do Taboado,27862
MS,50,5001102,Aquidauana,44437
MS,50,5001243,Aral Moreira,10670
MS,50,5001508,Bandeirantes,7925
MS,50,5001904,Bataguassu,23837
MS,50,5002001,Batayporã,11231
MS,50,5002100,Bela Vista,23594
MS,50,5002159,Bodoquena,8944
MS,50,5002209,Bonito,25185
MS,50,5002308,Brasilândia,11634
MS,50,5002407,Caarapó,33471
MS,50,5002605,Camapuã,12428
MS,50,5002704,Campo Grande,942140
MS,50,5002803,Caracol,5281
MS,50,5002902,Cassilândia,20951
MS,50,5002951,Chapadão do Sul,30497
MS,50,5003108,Corguinho,6025
MS,50,5003157,Coronel Sapucaia,13228
MS,50,5003207,Corumbá,94874
MS,50,5003256,Costa Rica,26187
MS,50,5003306,Coxim,32302
MS,50,5003454,Deodápolis,13454
MS,50,5003488,Dois Irmãos do Buriti,11134
MS,50,5003504,Douradina,5800
MS,50,5003702,Dourados,261019
MS,50,5003751,Eldorado,12107
MS,50,5003801,Fátima do Sul,20381
MS,50,5003900,Figueirão,3520
MS,50,5004007,Glória de Dourados,9998
MS,50,5004106,Guia Lopes da Laguna,9912
MS,50,5004304,Iguatemi,13808
MS,50,5004403,Inocência,8424
MS,50,5004502,Itaporã,23818
MS,50,5004601,Itaquiraí,19453
MS,50,5004700,Ivinhema,29890
MS,50,5004809,Japorã,7966
MS,50,5004908,Jaraguari,8819
MS,50,5005004,Jardim,26214
MS,50,5005103,Jateí,3315
MS,50,5005152,Juti,6988
MS,50,5005202,Ladário,20995
MS,50,5005251,Laguna Carapã,7090
MS,50,5005400,Maracaju,43247
MS,50,5005608,Miranda,24553
MS,50,5005681,Mundo Novo,18738
MS,50,5005707,Naviraí,50868
MS,50,5005806,Nioaque,15255
MS,50,5006002,Nova Alvorada do Sul,21476
MS,50,5006200,Nova Andradina,52221
MS,50,5006259,Novo Horizonte do Sul,5278
MS,50,5006275,Paraíso das Águas,5360
MS,50,5006309,Paranaíba,40713
MS,50,5006358,Paranhos,12926
MS,50,5006408,Pedro Gomes,6842
MS,50,5006606,Ponta Porã,90756
MS,50,5006903,Porto Murtinho,12625
MS,50,5007109,Ribas do Rio Pardo,23085
MS,50,5007208,Rio Brilhante,38362
MS,50,5007307,Rio Negro,4691
MS,50,5007406,Rio Verde de Mato Grosso,19810
MS,50,5007505,Rochedo,5340
MS,50,5007554,Santa Rita do Pardo,7293
MS,50,5007695,São Gabriel do Oeste,31846
MS,50,5007802,Selvíria,8000
MS,50,5007703,Sete Quedas,10994
MS,50,5007901,Sidrolândia,51075
MS,50,5007935,Sonora,14345
MS,50,5007950,Tacuru,10749
MS,50,5007976,Taquarussu,3634
MS,50,5008008,Terenos,17342
MS,50,5008305,Três Lagoas,132651
MS,50,5008404,Vicentina,6264
MT,51,5100102,Acorizal,5509
MT,51,5100201,Água Boa,30795
MT,51,5100250,Alta Floresta,56461
MT,51,5100300,Alto Araguaia,15358
MT,51,5100359,Alto Boa Vista,6551
MT,51,5100409,Alto Garças,11786
MT,51,5100508,Alto Paraguai,11178
MT,51,5100607,Alto Taquari,10729
MT,51,5100805,Apiacás,9367
MT,51,5101001,Araguaiana,3689
MT,51,5101209,Araguainha,998
MT,51,5101258,Araputanga,13538
MT,51,5101308,Arenápolis,10484
MT,51,5101407,Aripuanã,24499
MT,51,5101605,Barão de Melgaço,7247
MT,51,5101704,Barra do Bugres,27586
MT,51,5101803,Barra do Garças,68975
MT,51,5101852,Bom Jesus do Araguaia,7671
MT,51,5101902,Brasnorte,18407
MT,51,5102504,Cáceres,92639
MT,51,5102603,Campinápolis,15203
MT,51,5102637,Campo Novo do Parecis,43785
MT,51,5102678,Campo Verde,46741
MT,51,5102686,Campos de Júlio,9039
MT,51,5102694,Canabrava do Norte,4463
MT,51,5102702,Canarana,25907
MT,51,5102793,Carlinda,10138
MT,51,5102850,Castanheira,8863
MT,51,5103007,Chapada dos Guimarães,19728
MT,51,5103056,Cláudia,12118
MT,51,5103106,Cocalinho,6331
MT,51,5103205,Colíder,30768
MT,51,5103254,Colniza,28840
MT,51,5103304,Comodoro,20283
MT,51,5103353,Confresa,35514
MT,51,5103361,Conquista D'Oeste,3687
MT,51,5103379,Cotriguaçu,10735
MT,51,5103403,Cuiabá,694244
MT,51,5103437,Curvelândia,4880
MT,51,5103452,Denise,7003
MT,51,5103502,Diamantino,22284
MT,51,5103601,Dom Aquino,8515
MT,51,5103700,Feliz Natal,10551
MT,51,5103809,Figueirópolis D'Oeste,3159
MT,51,5103858,Gaúcha do Norte,7886
MT,51,5103908,General Carneiro,5200
MT,51,5103957,Glória D'Oeste,3247
MT,51,5104104,Guarantã do Norte,36190
MT,51,5104203,Guiratinga,12122
MT,51,5104500,Indiavaí,1918
MT,51,5104526,Ipiranga do Norte,7772
MT,51,5104542,Itanhangá,6723
MT,51,5104559,Itaúba,5273
MT,51,5104609,Itiquira,11856
MT,51,5104807,Jaciara,26713
MT,51,5104906,Jangada,7237
MT,51,5105002,Jauru,8323
MT,51,5105101,Juara,37369
MT,51,5105150,Juína,49530
MT,51,5105176,Juruena,9635
MT,51,5105200,Juscimeira,10526
MT,51,5105234,Lambari D'Oeste,5860
MT,51,5105259,Lucas do Rio Verde,83770
MT,51,5105309,Luciara,2163
MT,51,5105580,Marcelândia,13412
MT,51,5105606,Matupá,21238
MT,51,5105622,Mirassol d'Oeste,28023
MT,51,5105903,Nobres,17118
MT,51,5106000,Nortelândia,5817
MT,51,5106109,Nossa Senhora do Livramento,12455
MT,51,5106158,Nova Bandeirantes,12365
MT,51,5106208,Nova Brasilândia,3691
MT,51,5106216,Nova Canaã do Norte,13791
MT,51,5108808,Nova Guarita,5027
MT,51,5106182,Nova Lacerda,6432
MT,51,5108857,Nova Marilândia,3624
MT,51,5108907,Nova Maringá,5810
MT,51,5108956,Nova Monte Verde,8931
MT,51,5106224,Nova Mutum,58832
MT,51,5106174,Nova Nazaré,4188
MT,51,5106232,Nova Olímpia,16147
MT,51,5106190,Nova Santa Helena,4281
MT,51,5106240,Nova Ubiratã,12936
MT,51,5106257,Nova Xavantina,26467
MT,51,5106273,Novo Horizonte do Norte,4391
MT,51,5106265,Novo Mundo,7383
MT,51,5106315,Novo Santo Antônio,2106
MT,51,5106281,Novo São Joaquim,7155
MT,51,5106299,Paranaíta,13211
MT,51,5106307,Paranatinga,26908
MT,51,5106372,Pedra Preta,19559
MT,51,5106422,Peixoto de Azevedo,34493
MT,51,5106455,Planalto da Serra,3164
MT,51,5106505,Poconé,30278
MT,51,5106653,Pontal do Araguaia,7554
MT,51,5106703,Ponte Branca,1887
MT,51,5106752,Pontes e Lacerda,55050
MT,51,5106778,Porto Alegre do Norte,10752
MT,51,5106802,Porto dos Gaúchos,6325
MT,51,5106828,Porto Esperidião,10781
MT,51,5106851,Porto Estrela,3208
MT,51,5107008,Poxoréu,20970
MT,51,5107040,Primavera do Leste,93263
MT,51,5107065,Querência,29280
MT,51,5107156,Reserva do Cabaçal,2046
MT,51,5107180,Ribeirão Cascalheira,9959
MT,51,5107198,Ribeirãozinho,2484
MT,51,5107206,Rio Branco,4721
MT,51,5107578,Rondolândia,3423
MT,51,5107602,Rondonópolis,253388
MT,51,5107701,Rosário Oeste,16127
MT,51,5107750,Salto do Céu,4401
MT,51,5107248,Santa Carmem,5427
MT,51,5107743,Santa Cruz do Xingu,2340
MT,51,5107768,Santa Rita do Trivelato,3371
MT,51,5107776,Santa Terezinha,7591
MT,51,5107263,Santo Afonso,2731
MT,51,5107792,Santo Antônio do Leste,4340
MT,51,5107800,Santo Antônio do Leverger,13739
MT,51,5107859,São Félix do Araguaia,11384
MT,51,5107297,São José do Povo,2781
MT,51,5107305,São José do Rio Claro,14950
MT,51,5107354,São José do Xingu,7039
MT,51,5107107,São José dos Quatro Marcos,16979
MT,51,5107404,São Pedro da Cipa,4122
MT,51,5107875,Sapezal,29240
MT,51,5107883,Serra Nova Dourada,1792
MT,51,5107909,Sinop,199698
MT,51,5107925,Sorriso,117605
MT,51,5107941,Tabaporã,11280
MT,51,5107958,Tangará da Serra,100784
MT,51,5108006,Tapurah,15030
MT,51,5108055,Terra Nova do Norte,10760
MT,51,5108105,Tesouro,3119
MT,51,5108204,Torixoréu,3926
MT,51,5108303,União do Sul,3947
MT,51,5108352,Vale de São Domingos,2754
MT,51,5108402,Várzea Grande,315711
MT,51,5108501,Vera,13876
MT,51,5105507,Vila Bela da Santíssima Trindade,17435
MT,51,5108600,Vila Rica,20077
PA,15,1500107,Abaetetuba,158042
PA,15,1500131,Abel Figueiredo,6119
PA,15,1500206,Acará,63268
PA,15,1500305,Afuá,38020
PA,15,1500347,Água Azul do Norte,16672
PA,15,1500404,Alenquer,86096
PA,15,1500503,Almeirim,38843
PA,15,1500602,Altamira,135067
PA,15,1500701,Anajás,34065
PA,15,1500800,Ananindeua,515745
PA,15,1500859,Anapu,33566
PA,15,1500909,Augusto Corrêa,43691
PA,15,1500958,Aurora do Pará,32772
PA,15,1501006,Aveiro,18343
PA,15,1501105,Bagre,35265
PA,15,1501204,Baião,51844
PA,15,1501253,Bannach,3730
PA,15,1501303,Barcarena,126733
PA,15,1501402,Belém,1367336
PA,15,1501451,Belterra,18060
PA,15,1501501,Benevides,56152
PA,15,1501576,Bom Jesus do Tocantins,14511
PA,15,1501600,Bonito,12892
PA,15,1501709,Bragança,121793
PA,15,1501725,Brasil Novo,30214
PA,15,1501758,Brejo Grande do Araguaia,6791
PA,15,1501782,Breu Branco,40157
PA,15,1501808,Breves,114628
PA,15,1501907,Bujaru,27049
PA,15,1502004,Cachoeira do Arari,22950
PA,15,1501956,Cachoeira do Piriá,26510
PA,15,1502103,Cametá,134734
PA,15,1502152,Canaã dos Carajás,75433
PA,15,1502202,Capanema,70321
PA,15,1502301,Capitão Poço,56331
PA,15,1502400,Castanhal,200003
PA,15,1502509,Chaves,20630
PA,15,1502608,Colares,11923
PA,15,1502707,Conceição do Araguaia,44765
PA,15,1502756,Concórdia do Pará,26869
PA,15,1502764,Cumaru do Norte,12397
PA,15,1502772,Curionópolis,19929
PA,15,1502806,Curralinho,38060
PA,15,1502855,Curuá,14126
PA,15,1502905,Curuçá,44493
PA,15,1502939,Dom Eliseu,58444
PA,15,1502954,Eldorado do Carajás,30264
PA,15,1503002,Faro,8728
PA,15,1503044,Floresta do Araguaia,17896
PA,15,1503077,Garrafão do Norte,24716
PA,15,1503093,Goianésia do Pará,23806
PA,15,1503101,Gurupá,31945
PA,15,1503200,Igarapé-Açu,35788
PA,15,1503309,Igarapé-Miri,66369
PA,15,1503408,Inhangapi,10334
PA,15,1503457,Ipixuna do Pará,29116
PA,15,1503507,Irituia,30627
PA,15,1503606,Itaituba,137170
PA,15,1503705,Itupiranga,53873
PA,15,1503754,Jacareacanga,24742
PA,15,1503804,Jacundá,36184
PA,15,1503903,Juruti,57837
PA,15,1504000,Limoeiro do Ajuru,29617
PA,15,1504059,Mãe do Rio,34566
PA,15,1504109,Magalhães Barata,8090
PA,15,1504208,Marabá,271321
PA,15,1504307,Maracanã,25929
PA,15,1504406,Marapanim,30867
PA,15,1504422,Marituba,123890
PA,15,1504455,Medicilândia,26438
PA,15,1504505,Melgaço,26770
PA,15,1504604,Mocajuba,27265
PA,15,1504703,Moju,81364
PA,15,1504752,Mojuí dos Campos,22845
PA,15,1504802,Monte Alegre,59890
PA,15,1504901,Muaná,60117
PA,15,1504950,Nova Esperança do Piriá,21132
PA,15,1504976,Nova Ipixuna,13318
PA,15,1505007,Nova Timboteua,12737
PA,15,1505031,Novo Progresso,33636
PA,15,1505064,Novo Repartimento,60438
PA,15,1505106,Óbidos,58121
PA,15,1505205,Oeiras do Pará,33886
PA,15,1505304,Oriximiná,76140
PA,15,1505403,Ourém,17836
PA,15,1505437,Ourilândia do Norte,26570
PA,15,1505486,Pacajá,43527
PA,15,1505494,Palestina do Pará,6872
PA,15,1505502,Paragominas,104883
PA,15,1505536,Parauapebas,271577
PA,15,1505551,Pau D'Arco,6772
PA,15,1505601,Peixe-Boi,8315
PA,15,1505635,Piçarra,12794
PA,15,1505650,Placas,18602
PA,15,1505700,Ponta de Pedras,24913
PA,15,1505809,Portel,67288
PA,15,1505908,Porto de Moz,40709
PA,15,1506005,Prainha,35655
PA,15,1506104,Primavera,10700
PA,15,1506112,Quatipuru,11534
PA,15,1506138,Redenção,91227
PA,15,1506161,Rio Maria,17965
PA,15,1506187,Rondon do Pará,35182
PA,15,1506195,Rurópolis,41975
PA,15,1506203,Salinópolis,44451
PA,15,1506302,Salvaterra,24701
PA,15,1506351,Santa Bárbara do Pará,21089
PA,15,1506401,Santa Cruz do Arari,6820
PA,15,1506500,Santa Izabel do Pará,68963
PA,15,1506559,Santa Luzia do Pará,20341
PA,15,1506583,Santa Maria das Barreiras,17639
PA,15,1506609,Santa Maria do Pará,24583
PA,15,1506708,Santana do Araguaia,44526
PA,15,1506807,Santarém,351220
PA,15,1506906,Santarém Novo,6116
PA,15,1507003,Santo Antônio do Tauá,28282
PA,15,1507102,São Caetano de Odivelas,15226
PA,15,1507151,São Domingos do Araguaia,20970
PA,15,1507201,São Domingos do Capim,30144
PA,15,1507300,São Félix do Xingu,81161
PA,15,1507409,São Francisco do Pará,14912
PA,15,1507458,São Geraldo do Araguaia,24243
PA,15,1507466,São João da Ponta,4264
PA,15,1507474,São João de Pirabas,20593
PA,15,1507508,São João do Araguaia,13446
PA,15,1507607,São Miguel do Guamá,52810
PA,15,1507706,São Sebastião da Boa Vista,31336
PA,15,1507755,Sapucaia,5295
PA,15,1507805,Senador José Porfírio,22651
PA,15,1507904,Soure,24183
PA,15,1507953,Tailândia,84206
PA,15,1507961,Terra Alta,10404
PA,15,1507979,Terra Santa,18804
PA,15,1508001,Tomé-Açu,76055
PA,15,1508035,Tracuateua,28015
PA,15,1508050,Trairão,18924
PA,15,1508084,Tucumã,34812
PA,15,1508100,Tucuruí,90232
PA,15,1508126,Ulianópolis,56562
PA,15,1508159,Uruará,48511
PA,15,1508209,Vigia,49096
PA,15,1508308,Viseu,58095
PA,15,1508357,Vitória do Xingu,15104
PA,15,1508407,Xinguara,56127
PB,25,2500106,Água Branca,9308
PB,25,2500205,Aguiar,5011
PB,25,2500304,Alagoa Grande,26081
PB,25,2500403,Alagoa Nova,21009
PB,25,2500502,Alagoinha,13698
PB,25,2500536,Alcantil,5578
PB,25,2500577,Algodão de Jandaíra,2953
PB,25,2500601,Alhandra,21632
PB,25,2500734,Amparo,2166
PB,25,2500775,Aparecida,7962
PB,25,2500809,Araçagi,16589
PB,25,2500908,Arara,11408
PB,25,2501005,Araruna,17203
PB,25,2501104,Areia,22634
PB,25,2501153,Areia de Baraúnas,2005
PB,25,2501203,Areial,7139
PB,25,2501302,Aroeiras,18702
PB,25,2501351,Assunção,4152
PB,25,2501401,Baía da Traição,9147
PB,25,2501500,Bananeiras,23107
PB,25,2501534,Baraúna,4754
PB,25,2501609,Barra de Santa Rosa,12894
PB,25,2501575,Barra de Santana,8062
PB,25,2501708,Barra de São Miguel,5893
PB,25,2501807,Bayeux,81932
PB,25,2501906,Belém,16189
PB,25,2502003,Belém do Brejo do Cruz,6268
PB,25,2502052,Bernardino Batista,3504
PB,25,2502102,Boa Ventura,5210
PB,25,2502151,Boa Vista,6356
PB,25,2502201,Bom Jesus,2286
PB,25,2502300,Bom Sucesso,4660
PB,25,2502409,Bonito de Santa Fé,9880
PB,25,2502508,Boqueirão,17599
PB,25,2502706,Borborema,4211
PB,25,2502805,Brejo do Cruz,13613
PB,25,2502904,Brejo dos Santos,5977
PB,25,2503001,Caaporã,21290
PB,25,2503100,Cabaceiras,5325
PB,25,2503209,Cabedelo,68744
PB,25,2503308,Cachoeira dos Índios,8944
PB,25,2503407,Cacimba de Areia,3292
PB,25,2503506,Cacimba de Dentro,15975
PB,25,2503555,Cacimbas,7225
PB,25,2503605,Caiçara,6615
PB,25,2503704,Cajazeiras,63118
PB,25,2503753,Cajazeirinhas,2740
PB,25,2503803,Caldas Brandão,5755
PB,25,2503902,Camalaú,6031
PB,25,2504009,Campina Grande,418140
PB,25,2504033,Capim,6976
PB,25,2504074,Caraúbas,3948
PB,25,2504108,Carrapateira,2311
PB,25,2504157,Casserengue,6889
PB,25,2504207,Catingueira,4492
PB,25,2504306,Catolé do Rocha,30656
PB,25,2504355,Caturité,5253
PB,25,2504405,Conceição,18239
PB,25,2504504,Condado,6449
PB,25,2504603,Conde,27344
PB,25,2504702,Congo,4936
PB,25,2504801,Coremas,14680
PB,25,2504850,Coxixola,1823
PB,25,2504900,Cruz do Espírito Santo,16828
PB,25,2505006,Cubati,7579
PB,25,2505105,Cuité,19718
PB,25,2505238,Cuité de Mamanguape,6261
PB,25,2505204,Cuitegi,6730
PB,25,2505279,Curral de Cima,5303
PB,25,2505303,Curral Velho,2198
PB,25,2505352,Damião,4980
PB,25,2505402,Desterro,8067
PB,25,2505600,Diamante,6291
PB,25,2505709,Dona Inês,10374
PB,25,2505808,Duas Estradas,3340
PB,25,2505907,Emas,3014
PB,25,2506004,Esperança,31241
PB,25,2506103,Fagundes,11051
PB,25,2506202,Frei Martinho,2846
PB,25,2506251,Gado Bravo,8179
PB,25,2506301,Guarabira,57661
PB,25,2506400,Gurinhém,13767
PB,25,2506509,Gurjão,3242
PB,25,2506608,Ibiara,5633
PB,25,2502607,Igaracy,5650
PB,25,2506707,Imaculada,9656
PB,25,2506806,Ingá,17664
PB,25,2506905,Itabaiana,23187
PB,25,2507002,Itaporanga,23623
PB,25,2507101,Itapororoca,18461
PB,25,2507200,Itatuba,10385
PB,25,2507309,Jacaraú,14719
PB,25,2507408,Jericó,7396
PB,25,2507507,João Pessoa,889618
PB,25,2513653,Joca Claudino,2543
PB,25,2507606,Juarez Távora,7792
PB,25,2507705,Juazeirinho,17004
PB,25,2507804,Junco do Seridó,6792
PB,25,2507903,Juripiranga,9741
PB,25,2508000,Juru,9237
PB,25,2508109,Lagoa,4417
PB,25,2508208,Lagoa de Dentro,7819
PB,25,2508307,Lagoa Seca,27739
PB,25,2508406,Lastro,3162
PB,25,2508505,Livramento,6881
PB,25,2508554,Logradouro,4807
PB,25,2508604,Lucena,12910
PB,25,2508703,Mãe d'Água,3583
PB,25,2508802,Malta,6045
PB,25,2508901,Mamanguape,44599
PB,25,2509008,Manaíra,10447
PB,25,2509057,Marcação,9807
PB,25,2509107,Mari,21251
PB,25,2509156,Marizópolis,6711
PB,25,2509206,Massaranduba,14145
PB,25,2509305,Mataraca,8324
PB,25,2509339,Matinhas,4567
PB,25,2509370,Mato Grosso,2538
PB,25,2509396,Maturéia,6431
PB,25,2509404,Mogeiro,14381
PB,25,2509503,Montadas,5818
PB,25,2509602,Monte Horebe,4338
PB,25,2509701,Monteiro,32266
PB,25,2509800,Mulungu,8812
PB,25,2509909,Natuba,8937
PB,25,2510006,Nazarezinho,7218
PB,25,2510105,Nova Floresta,9539
PB,25,2510204,Nova Olinda,5787
PB,25,2510303,Nova Palmeira,4267
PB,25,2510402,Olho d'Água,6061
PB,25,2510501,Olivedos,3579
PB,25,2510600,Ouro Velho,2910
PB,25,2510659,Parari,1720
PB,25,2510709,Passagem,2463
PB,25,2510808,Patos,103199
PB,25,2510907,Paulista,11829
PB,25,2511004,Pedra Branca,3739
PB,25,2511103,Pedra Lavrada,6859
PB,25,2511202,Pedras de Fogo,29625
PB,25,2512721,Pedro Régis,5719
PB,25,2511301,Piancó,16471
PB,25,2511400,Picuí,18361
PB,25,2511509,Pilar,12213
PB,25,2511608,Pilões,6818
PB,25,2511707,Pilõezinhos,5320
PB,25,2511806,Pirpirituba,9229
PB,25,2511905,Pitimbu,17696
PB,25,2512002,Pocinhos,17428
PB,25,2512036,Poço Dantas,3830
PB,25,2512077,Poço de José de Moura,4006
PB,25,2512101,Pombal,32499
PB,25,2512200,Prata,3916
PB,25,2512309,Princesa Isabel,21148
PB,25,2512408,Puxinanã,14279
PB,25,2512507,Queimadas,47665
PB,25,2512606,Quixaba,1745
PB,25,2512705,Remígio,17888
PB,25,2512747,Riachão,2927
PB,25,2512754,Riachão do Bacamarte,4685
PB,25,2512762,Riachão do Poço,4706
PB,25,2512788,Riacho de Santo Antônio,1956
PB,25,2512804,Riacho dos Cavalos,8498
PB,25,2512903,Rio Tinto,27352
PB,25,2513000,Salgadinho,3358
PB,25,2513109,Salgado de São Félix,12318
PB,25,2513158,Santa Cecília,7678
PB,25,2513208,Santa Cruz,5947
PB,25,2513307,Santa Helena,5869
PB,25,2513356,Santa Inês,3230
PB,25,2513406,Santa Luzia,14954
PB,25,2513703,Santa Rita,148479
PB,25,2513802,Santa Teresinha,4402
PB,25,2513505,Santana de Mangueira,5010
PB,25,2513604,Santana dos Garrotes,6577
PB,25,2513851,Santo André,2622
PB,25,2513927,São Bentinho,4330
PB,25,2513901,São Bento,32252
PB,25,2513968,São Domingos,2595
PB,25,2513943,São Domingos do Cariri,2585
PB,25,2513984,São Francisco,3137
PB,25,2514008,São João do Cariri,4221
PB,25,2500700,São João do Rio do Peixe,17560
PB,25,2514107,São João do Tigre,4233
PB,25,2514206,São José da Lagoa Tapada,7119
PB,25,2514305,São José de Caiana,5037
PB,25,2514404,São José de Espinharas,4072
PB,25,2514503,São José de Piranhas,19116
PB,25,2514552,São José de Princesa,3423
PB,25,2514602,São José do Bonfim,3242
PB,25,2514651,São José do Brejo do Cruz,1699
PB,25,2514701,São José do Sabugi,4139
PB,25,2514800,São José dos Cordeiros,3411
PB,25,2514453,São José dos Ramos,5880
PB,25,2514909,São Mamede,7469
PB,25,2515005,São Miguel de Taipu,7751
PB,25,2515104,São Sebastião de Lagoa de Roça,11046
PB,25,2515203,São Sebastião do Umbuzeiro,3279
PB,25,2515401,São Vicente do Seridó,10298
PB,25,2515302,Sapé,51142
PB,25,2515500,Serra Branca,13614
PB,25,2515609,Serra da Raiz,3094
PB,25,2515708,Serra Grande,2942
PB,25,2515807,Serra Redonda,6829
PB,25,2515906,Serraria,4885
PB,25,2515930,Sertãozinho,5099
PB,25,2515971,Sobrado,8230
PB,25,2516003,Solânea,26777
PB,25,2516102,Soledade,13955
PB,25,2516151,Sossêgo,3337
PB,25,2516201,Sousa,67425
PB,25,2516300,Sumé,16539
PB,25,2516409,Tacima,7967
PB,25,2516508,Taperoá,14093
PB,25,2516607,Tavares,14141
PB,25,2516706,Teixeira,14630
PB,25,2516755,Tenório,2966
PB,25,2516805,Triunfo,9868
PB,25,2516904,Uiraúna,14943
PB,25,2517001,Umbuzeiro,9124
PB,25,2517100,Várzea,2668
PB,25,2517209,Vieirópolis,4864
PB,25,2505501,Vista Serrana,3644
PB,25,2517407,Zabelê,2229
PE,26,2600054,Abreu e Lima,99331
PE,26,2600104,Afogados da Ingazeira,40120
PE,26,2600203,Afrânio,16486
PE,26,2600302,Agrestina,23739
PE,26,2600401,Água Preta,26473
PE,26,2600500,Águas Belas,41549
PE,26,2600609,Alagoinha,13256
PE,26,2600708,Aliança,35245
PE,26,2600807,Altinho,20657
PE,26,2600906,Amaraji,18236
PE,26,2601003,Angelim,9965
PE,26,2601052,Araçoiaba,19314
PE,26,2601102,Araripina,85135
PE,26,2601201,Arcoverde,77660
PE,26,2601300,Barra de Guabiraba,12299
PE,26,2601409,Barreiros,39993
PE,26,2601508,Belém de Maria,10339
PE,26,2601607,Belém do São Francisco,18321
PE,26,2601706,Belo Jardim,79143
PE,26,2601805,Betânia,11320
PE,26,2601904,Bezerros,61398
PE,26,2602001,Bodocó,34469
PE,26,2602100,Bom Conselho,43577
PE,26,2602209,Bom Jardim,37190
PE,26,2602308,Bonito,37953
PE,26,2602407,Brejão,9084
PE,26,2602506,Brejinho,7706
PE,26,2602605,Brejo da Madre de Deus,48313
PE,26,2602704,Buenos Aires,12818
PE,26,2602803,Buíque,49786
PE,26,2602902,Cabo de Santo Agostinho,203084
PE,26,2603009,Cabrobó,30695
PE,26,2603108,Cachoeirinha,19789
PE,26,2603207,Caetés,28848
PE,26,2603306,Calçado,11113
PE,26,2603405,Calumbi,5241
PE,26,2603454,Camaragibe,146912
PE,26,2603504,Camocim de São Félix,17362
PE,26,2603603,Camutanga,7764
PE,26,2603702,Canhotinho,24340
PE,26,2603801,Capoeiras,18445
PE,26,2603900,Carnaíba,18437
PE,26,2603926,Carnaubeira da Penha,12226
PE,26,2604007,Carpina,78865
PE,26,2604106,Caruaru,378180
PE,26,2604155,Casinhas,12629
PE,26,2604205,Catende,31975
PE,26,2604304,Cedro,10512
PE,26,2604403,Chã de Alegria,12387
PE,26,2604502,Chã Grande,20494
PE,26,2604601,Condado,24586
PE,26,2604700,Correntes,17153
PE,26,2604809,Cortês,10361
PE,26,2604908,Cumaru,15824
PE,26,2605004,Cupira,23474
PE,26,2605103,Custódia,35915
PE,26,2605152,Dormentes,16159
PE,26,2605202,Escada,59526
PE,26,2605301,Exu,31803
PE,26,2605400,Feira Nova,21362
PE,26,2605459,Fernando de Noronha,2947
PE,26,2605509,Ferreiros,15040
PE,26,2605608,Flores,20213
PE,26,2605707,Floresta,30110
PE,26,2605806,Frei Miguelinho,13666
PE,26,2605905,Gameleira,18012
PE,26,2606002,Garanhuns,142286
PE,26,2606101,Glória do Goitá,29123
PE,26,2606200,Goiana,80983
PE,26,2606309,Granito,6971
PE,26,2606408,Gravatá,85983
PE,26,2606507,Iati,17118
PE,26,2606606,Ibimirim,27406
PE,26,2606705,Ibirajuba,7127
PE,26,2606804,Igarassu,115281
PE,26,2606903,Iguaracy,10950
PE,26,2607604,Ilha de Itamaracá,22879
PE,26,2607000,Inajá,23871
PE,26,2607109,Ingazeira,4750
PE,26,2607208,Ipojuca,98762
PE,26,2607307,Ipubi,28838
PE,26,2607406,Itacuruba,4394
PE,26,2607505,Itaíba,33498
PE,26,2607653,Itambé,34925
PE,26,2607703,Itapetim,13492
PE,26,2607752,Itapissuma,27565
PE,26,2607802,Itaquitinga,16562
PE,26,2607901,Jaboatão dos Guararapes,653793
PE,26,2607950,Jaqueira,10237
PE,26,2608008,Jataúba,15419
PE,26,2608057,Jatobá,14002
PE,26,2608107,João Alfredo,27710
PE,26,2608206,Joaquim Nabuco,13099
PE,26,2608255,Jucati,11536
PE,26,2608305,Jupi,15336
PE,26,2608404,Jurema,12713
PE,26,2608503,Lagoa de Itaenga,18813
PE,26,2608453,Lagoa do Carro,17368
PE,26,2608602,Lagoa do Ouro,11859
PE,26,2608701,Lagoa dos Gatos,14139
PE,26,2608750,Lagoa Grande,23580
PE,26,2608800,Lajedo,39436
PE,26,2608909,Limoeiro,55917
PE,26,2609006,Macaparana,23187
PE,26,2609105,Machados,11068
PE,26,2609154,Manari,24255
PE,26,2609204,Maraial,8935
PE,26,2609303,Mirandiba,13359
PE,26,2614303,Moreilândia,10503
PE,26,2609402,Moreno,54637
PE,26,2609501,Nazaré da Mata,30589
PE,26,2609600,Olinda,349920
PE,26,2609709,Orobó,21173
PE,26,2609808,Orocó,13670
PE,26,2609907,Ouricuri,65200
PE,26,2610004,Palmares,53987
PE,26,2610103,Palmeirina,7032
PE,26,2610202,Panelas,22412
PE,26,2610301,Paranatama,12181
PE,26,2610400,Parnamirim,18563
PE,26,2610509,Passira,28235
PE,26,2610608,Paudalho,55072
PE,26,2610707,Paulista,348253
PE,26,2610806,Pedra,22884
PE,26,2610905,Pesqueira,60853
PE,26,2611002,Petrolândia,34302
PE,26,2611101,Petrolina,388145
PE,26,2611200,Poção,10499
PE,26,2611309,Pombos,29499
PE,26,2611408,Primavera,13536
PE,26,2611507,Quipapá,17873
PE,26,2611533,Quixaba,6508
PE,26,2611606,Recife,1494586
PE,26,2611705,Riacho das Almas,20307
PE,26,2611804,Ribeirão,33484
PE,26,2611903,Rio Formoso,19905
PE,26,2612000,Sairé,10910
PE,26,2612109,Salgadinho,5733
PE,26,2612208,Salgueiro,62206
PE,26,2612307,Saloá,13530
PE,26,2612406,Sanharó,18606
PE,26,2612455,Santa Cruz,14178
PE,26,2612471,Santa Cruz da Baixa Verde,11598
PE,26,2612505,Santa Cruz do Capibaribe,97386
PE,26,2612554,Santa Filomena,11613
PE,26,2612604,Santa Maria da Boa Vista,40464
PE,26,2612703,Santa Maria do Cambucá,13715
PE,26,2612802,Santa Terezinha,10164
PE,26,2612901,São Benedito do Sul,15605
PE,26,2613008,São Bento do Una,48621
PE,26,2613107,São Caitano,36982
PE,26,2613206,São João,23411
PE,26,2613305,São Joaquim do Monte,20098
PE,26,2613404,São José da Coroa Grande,18802
PE,26,2613503,São José do Belmonte,34836
PE,26,2613602,São José do Egito,31154
PE,26,2613701,São Lourenço da Mata,110765
PE,26,2613800,São Vicente Férrer,16331
PE,26,2613909,Serra Talhada,91624
PE,26,2614006,Serrita,18204
PE,26,2614105,Sertânia,31593
PE,26,2614204,Sirinhaém,37503
PE,26,2614402,Solidão,5246
PE,26,2614501,Surubim,63979
PE,26,2614600,Tabira,27505
PE,26,2614709,Tacaimbó,13608
PE,26,2614808,Tacaratu,23166
PE,26,2614857,Tamandaré,23494
PE,26,2615003,Taquaritinga do Norte,24335
PE,26,2615102,Terezinha,6646
PE,26,2615201,Terra Nova,8832
PE,26,2615300,Timbaúba,46004
PE,26,2615409,Toritama,40375
PE,26,2615508,Tracunhaém,13874
PE,26,2615607,Trindade,30231
PE,26,2615706,Triunfo,14647
PE,26,2615805,Tupanatinga,28352
PE,26,2615904,Tuparetama,8018
PE,26,2616001,Venturosa,17676
PE,26,2616100,Verdejante,9170
PE,26,2616183,Vertente do Lério,7549
PE,26,2616209,Vertentes,21393
PE,26,2616308,Vicência,26254
PE,26,2616407,Vitória de Santo Antão,135182
PE,26,2616506,Xexéu,11288
PI,22,2200053,Acauã,6422
PI,22,2200103,Agricolândia,4962
PI,22,2200202,Água Branca,17642
PI,22,2200251,Alagoinha do Piauí,6819
PI,22,2200277,Alegrete do Piauí,4571
PI,22,2200301,Alto Longá,13185
PI,22,2200400,Altos,46826
PI,22,2200459,Alvorada do Gurguéia,5327
PI,22,2200509,Amarante,17194
PI,22,2200608,Angical do Piauí,6827
PI,22,2200707,Anísio de Abreu,9401
PI,22,2200806,Antônio Almeida,3155
PI,22,2200905,Aroazes,5369
PI,22,2200954,Aroeiras do Itaim,2709
PI,22,2201002,Arraial,4519
PI,22,2201051,Assunção do Piauí,7467
PI,22,2201101,Avelino Lopes,10806
PI,22,2201150,Baixa Grande do Ribeiro,13273
PI,22,2201176,Barra D'Alcântara,3998
PI,22,2201200,Barras,47909
PI,22,2201309,Barreiras do Piauí,3271
PI,22,2201408,Barro Duro,6641
PI,22,2201507,Batalha,26300
PI,22,2201556,Bela Vista do Piauí,4093
PI,22,2201572,Belém do Piauí,3425
PI,22,2201606,Beneditinos,9803
PI,22,2201705,Bertolínia,5579
PI,22,2201739,Betânia do Piauí,6222
PI,22,2201770,Boa Hora,6989
PI,22,2201804,Bocaina,4078
PI,22,2201903,Bom Jesus,28857
PI,22,2201919,Bom Princípio do Piauí,5636
PI,22,2201929,Bonfim do Piauí,5918
PI,22,2201945,Boqueirão do Piauí,6594
PI,22,2201960,Brasileira,8438
PI,22,2201988,Brejo do Piauí,3899
PI,22,2202000,Buriti dos Lopes,19545
PI,22,2202026,Buriti dos Montes,7440
PI,22,2202059,Cabeceiras do Piauí,10001
PI,22,2202075,Cajazeiras do Piauí,3113
PI,22,2202083,Cajueiro da Praia,7963
PI,22,2202091,Caldeirão Grande do Piauí,5503
PI,22,2202109,Campinas do Piauí,4948
PI,22,2202117,Campo Alegre do Fidalgo,4605
PI,22,2202133,Campo Grande do Piauí,6011
PI,22,2202174,Campo Largo do Piauí,7422
PI,22,2202208,Campo Maior,45252
PI,22,2202251,Canavieira,3409
PI,22,2202307,Canto do Buriti,19355
PI,22,2202406,Capitão de Campos,11108
PI,22,2202455,Capitão Gervásio Oliveira,3974
PI,22,2202505,Caracol,10326
PI,22,2202539,Caraúbas do Piauí,5626
PI,22,2202554,Caridade do Piauí,5040
PI,22,2202604,Castelo do Piauí,19266
PI,22,2202653,Caxingó,5497
PI,22,2202703,Cocal,28121
PI,22,2202711,Cocal de Telha,4927
PI,22,2202729,Cocal dos Alves,6362
PI,22,2202737,Coivaras,4110
PI,22,2202752,Colônia do Gurguéia,6157
PI,22,2202778,Colônia do Piauí,6991
PI,22,2202802,Conceição do Canindé,4943
PI,22,2202851,Coronel José Dias,4243
PI,22,2202901,Corrente,27419
PI,22,2203008,Cristalândia do Piauí,7369
PI,22,2203107,Cristino Castro,10509
PI,22,2203206,Curimatá,11044
PI,22,2203230,Currais,4832
PI,22,2203271,Curral Novo do Piauí,5073
PI,22,2203255,Curralinhos,4396
PI,22,2203305,Demerval Lobão,16359
PI,22,2203354,Dirceu Arcoverde,7061
PI,22,2203404,Dom Expedito Lopes,6315
PI,22,2203453,Dom Inocêncio,9036
PI,22,2203420,Domingos Mourão,4071
PI,22,2203503,Elesbão Veloso,13574
PI,22,2203602,Eliseu Martins,4377
PI,22,2203701,Esperantina,40968
PI,22,2203750,Fartura do Piauí,5284
PI,22,2203800,Flores do Piauí,4415
PI,22,2203859,Floresta do Piauí,2334
PI,22,2203909,Floriano,62593
PI,22,2204006,Francinópolis,4506
PI,22,2204105,Francisco Ayres,4407
PI,22,2204154,Francisco Macedo,2921
PI,22,2204204,Francisco Santos,8257
PI,22,2204303,Fronteiras,10293
PI,22,2204352,Geminiano,5447
PI,22,2204402,Gilbués,10926
PI,22,2204501,Guadalupe,10305
PI,22,2204550,Guaribas,4281
PI,22,2204600,Hugo Napoleão,3526
PI,22,2204659,Ilha Grande,9207
PI,22,2204709,Inhuma,14803
PI,22,2204808,Ipiranga do Piauí,9275
PI,22,2204907,Isaías Coelho,7782
PI,22,2205003,Itainópolis,10614
PI,22,2205102,Itaueira,9939
PI,22,2205151,Jacobina do Piauí,5630
PI,22,2205201,Jaicós,17408
PI,22,2205250,Jardim do Mulato,4178
PI,22,2205276,Jatobá do Piauí,4495
PI,22,2205300,Jerumenha,4435
PI,22,2205359,João Costa,2971
PI,22,2205409,Joaquim Pires,13893
PI,22,2205458,Joca Marques,5390
PI,22,2205508,José de Freitas,42575
PI,22,2205516,Juazeiro do Piauí,5215
PI,22,2205524,Júlio Borges,5388
PI,22,2205532,Jurema,4426
PI,22,2205557,Lagoa Alegre,8263
PI,22,2205573,Lagoa de São Francisco,6329
PI,22,2205565,Lagoa do Barro do Piauí,4997
PI,22,2205581,Lagoa do Piauí,4805
PI,22,2205599,Lagoa do Sítio,4529
PI,22,2205540,Lagoinha do Piauí,2934
PI,22,2205607,Landri Sales,5315
PI,22,2205706,Luís Correia,30701
PI,22,2205805,Luzilândia,25382
PI,22,2205854,Madeiro,8046
PI,22,2205904,Manoel Emídio,5212
PI,22,2205953,Marcolândia,8541
PI,22,2206001,Marcos Parente,4729
PI,22,2206050,Massapê do Piauí,5233
PI,22,2206100,Matias Olímpio,10712
PI,22,2206209,Miguel Alves,32151
PI,22,2206308,Miguel Leão,1318
PI,22,2206357,Milton Brandão,6543
PI,22,2206407,Monsenhor Gil,10260
PI,22,2206506,Monsenhor Hipólito,7550
PI,22,2206605,Monte Alegre do Piauí,10683
PI,22,2206654,Morro Cabeça no Tempo,4361
PI,22,2206670,Morro do Chapéu do Piauí,6422
PI,22,2206696,Murici dos Portelas,9841
PI,22,2206704,Nazaré do Piauí,6660
PI,22,2206720,Nazária,10278
PI,22,2206753,Nossa Senhora de Nazaré,5195
PI,22,2206803,Nossa Senhora dos Remédios,8523
PI,22,2207959,Nova Santa Rita,4059
PI,22,2206902,Novo Oriente do Piauí,6081
PI,22,2206951,Novo Santo Antônio,2820
PI,22,2207009,Oeiras,38192
PI,22,2207108,Olho D'Água do Piauí,2646
PI,22,2207207,Padre Marcos,6379
PI,22,2207306,Paes Landim,4100
PI,22,2207355,Pajeú do Piauí,3001
PI,22,2207405,Palmeira do Piauí,4954
PI,22,2207504,Palmeirais,13156
PI,22,2207553,Paquetá,3818
PI,22,2207603,Parnaguá,9429
PI,22,2207702,Parnaíba,163087
PI,22,2207751,Passagem Franca do Piauí,4144
PI,22,2207777,Patos do Piauí,5425
PI,22,2207793,Pau D'Arco do Piauí,3879
PI,22,2207801,Paulistana,21080
PI,22,2207850,Pavussu,3620
PI,22,2207900,Pedro II,37945
PI,22,2207934,Pedro Laurentino,2458
PI,22,2208007,Picos,82028
PI,22,2208106,Pimenteiras,11172
PI,22,2208205,Pio IX,17586
PI,22,2208304,Piracuruca,28906
PI,22,2208403,Piripiri,65762
PI,22,2208502,Porto,12122
PI,22,2208551,Porto Alegre do Piauí,2342
PI,22,2208601,Prata do Piauí,3042
PI,22,2208650,Queimada Nova,8734
PI,22,2208700,Redenção do Gurguéia,8393
PI,22,2208809,Regeneração,17108
PI,22,2208858,Riacho Frio,4112
PI,22,2208874,Ribeira do Piauí,4043
PI,22,2208908,Ribeiro Gonçalves,6164
PI,22,2209005,Rio Grande do Piauí,5789
PI,22,2209104,Santa Cruz do Piauí,5834
PI,22,2209153,Santa Cruz dos Milagres,3432
PI,22,2209203,Santa Filomena,6084
PI,22,2209302,Santa Luz,5339
PI,22,2209377,Santa Rosa do Piauí,4645
PI,22,2209351,Santana do Piauí,4124
PI,22,2209401,Santo Antônio de Lisboa,5842
PI,22,2209450,Santo Antônio dos Milagres,2141
PI,22,2209500,Santo Inácio do Piauí,3645
PI,22,2209559,São Braz do Piauí,4359
PI,22,2209609,São Félix do Piauí,2842
PI,22,2209658,São Francisco de Assis do Piauí,5561
PI,22,2209708,São Francisco do Piauí,5386
PI,22,2209757,São Gonçalo do Gurguéia,2960
PI,22,2209807,São Gonçalo do Piauí,4842
PI,22,2209856,São João da Canabrava,4190
PI,22,2209872,São João da Fronteira,5525
PI,22,2209906,São João da Serra,6118
PI,22,2209955,São João da Varjota,4375
PI,22,2209971,São João do Arraial,8202
PI,22,2210003,São João do Piauí,21506
PI,22,2210052,São José do Divino,4842
PI,22,2210102,São José do Peixe,3288
PI,22,2210201,São José do Piauí,6600
PI,22,2210300,São Julião,5998
PI,22,2210359,São Lourenço do Piauí,4411
PI,22,2210375,São Luis do Piauí,2279
PI,22,2210383,São Miguel da Baixa Grande,2269
PI,22,2210391,São Miguel do Fidalgo,2824
PI,22,2210409,São Miguel do Tapuio,17544
PI,22,2210508,São Pedro do Piauí,13776
PI,22,2210607,São Raimundo Nonato,39036
PI,22,2210623,Sebastião Barros,3187
PI,22,2210631,Sebastião Leal,4427
PI,22,2210656,Sigefredo Pacheco,9465
PI,22,2210706,Simões,14344
PI,22,2210805,Simplício Mendes,13842
PI,22,2210904,Socorro do Piauí,4151
PI,22,2210938,Sussuapara,6221
PI,22,2210953,Tamboril do Piauí,2949
PI,22,2210979,Tanque do Piauí,2294
PI,22,2211001,Teresina,868523
PI,22,2211100,União,46136
PI,22,2211209,Uruçuí,25166
PI,22,2211308,Valença do Piauí,22316
PI,22,2211357,Várzea Branca,5055
PI,22,2211407,Várzea Grande,4418
PI,22,2211506,Vera Mendes,3084
PI,22,2211605,Vila Nova do Piauí,2764
PI,22,2211704,Wall Ferraz,4020
PR,41,4100103,Abatiá,7321
PR,41,4100202,Adrianópolis,8556
PR,41,4100301,Agudos do Sul,10092
PR,41,4100400,Almirante Tamandaré,122032
PR,41,4100459,Altamira do Paraná,3435
PR,41,4128625,Alto Paraíso,3059
PR,41,4100608,Alto Paraná,13897
PR,41,4100707,Alto Piquiri,9646
PR,41,4100509,Altônia,18735
PR,41,4100806,Alvorada do Sul,11672
PR,41,4100905,Amaporã,4765
PR,41,4101002,Ampére,19506
PR,41,4101051,Anahy,3107
PR,41,4101101,Andirá,20234
PR,41,4101150,Ângulo,3447
PR,41,4101200,Antonina,17261
PR,41,4101309,Antônio Olinto,6520
PR,41,4101408,Apucarana,135969
PR,41,4101507,Arapongas,118573
PR,41,4101606,Arapoti,25541
PR,41,4101655,Arapuã,3537
PR,41,4101705,Araruna,14520
PR,41,4101804,Araucária,166699
PR,41,4101853,Ariranha do Ivaí,2340
PR,41,4101903,Assaí,17628
PR,41,4102000,Assis Chateaubriand,36400
PR,41,4102109,Astorga,25477
PR,41,4102208,Atalaia,3978
PR,41,4102307,Balsa Nova,14608
PR,41,4102406,Bandeirantes,31309
PR,41,4102505,Barbosa Ferraz,10766
PR,41,4102703,Barra do Jacaré,3022
PR,41,4102604,Barracão,9886
PR,41,4102752,Bela Vista da Caroba,3416
PR,41,4102802,Bela Vista do Paraíso,14789
PR,41,4102901,Bituruna,15443
PR,41,4103008,Boa Esperança,4552
PR,41,4103024,Boa Esperança do Iguaçu,2411
PR,41,4103040,Boa Ventura de São Roque,6347
PR,41,4103057,Boa Vista da Aparecida,7876
PR,41,4103107,Bocaiúva do Sul,16292
PR,41,4103156,Bom Jesus do Sul,3942
PR,41,4103206,Bom Sucesso,6583
PR,41,4103222,Bom Sucesso do Sul,3540
PR,41,4103305,Borrazópolis,7706
PR,41,4103354,Braganey,5212
PR,41,4103370,Brasilândia do Sul,3703
PR,41,4103404,Cafeara,2620
PR,41,4103453,Cafelândia,18262
PR,41,4103479,Cafezal do Sul,4474
PR,41,4103503,Califórnia,9438
PR,41,4103602,Cambará,23956
PR,41,4103701,Cambé,107220
PR,41,4103800,Cambira,10482
PR,41,4103909,Campina da Lagoa,15737
PR,41,4103958,Campina do Simão,3937
PR,41,4104006,Campina Grande do Sul,52083
PR,41,4104055,Campo Bonito,4266
PR,41,4104105,Campo do Tenente,7583
PR,41,4104204,Campo Largo,144165
PR,41,4104253,Campo Magro,31678
PR,41,4104303,Campo Mourão,99170
PR,41,4104402,Cândido de Abreu,16727
PR,41,4104428,Candói,14922
PR,41,4104451,Cantagalo,10589
PR,41,4104501,Capanema,19205
PR,41,4104600,Capitão Leônidas Marques,14644
PR,41,4104659,Carambeí,23386
PR,41,4104709,Carlópolis,16908
PR,41,4104808,Cascavel,350644
PR,41,4104907,Castro,75956
PR,41,4105003,Catanduvas,11246
PR,41,4105102,Centenário do Sul,10836
PR,41,4105201,Cerro Azul,16145
PR,41,4105300,Céu Azul,11081
PR,41,4105409,Chopinzinho,21646
PR,41,4105508,Cianorte,82232
PR,41,4105607,Cidade Gaúcha,11467
PR,41,4105706,Clevelândia,17321
PR,41,4105805,Colombo,238780
PR,41,4105904,Colorado,22902
PR,41,4106001,Congonhinhas,8336
PR,41,4106100,Conselheiro Mairinck,4354
PR,41,4106209,Contenda,17435
PR,41,4106308,Corbélia,17466
PR,41,4106407,Cornélio Procópio,44599
PR,41,4106456,Coronel Domingos Soares,7007
PR,41,4106506,Coronel Vivida,26413
PR,41,4106555,Corumbataí do Sul,3752
PR,41,4106803,Cruz Machado,15993
PR,41,4106571,Cruzeiro do Iguaçu,4137
PR,41,4106605,Cruzeiro do Oeste,23852
PR,41,4106704,Cruzeiro do Sul,4495
PR,41,4106852,Cruzmaltina,3150
PR,41,4106902,Curitiba,1871789
PR,41,4107009,Curiúva,13272
PR,41,4107157,Diamante D'Oeste,5106
PR,41,4107108,Diamante do Norte,5151
PR,41,4107124,Diamante do Sul,3173
PR,41,4107207,Dois Vizinhos,44828
PR,41,4107256,Douradina,9168
PR,41,4107306,Doutor Camargo,6290
PR,41,4128633,Doutor Ulysses,6216
PR,41,4107405,Enéas Marques,5995
PR,41,4107504,Engenheiro Beltrão,12444
PR,41,4107538,Entre Rios do Oeste,4511
PR,41,4107520,Esperança Nova,1845
PR,41,4107546,Espigão Alto do Iguaçu,5915
PR,41,4107553,Farol,3052
PR,41,4107603,Faxinal,16338
PR,41,4107652,Fazenda Rio Grande,167315
PR,41,4107702,Fênix,4492
PR,41,4107736,Fernandes Pinheiro,6288
PR,41,4107751,Figueira,8064
PR,41,4107850,Flor da Serra do Sul,4230
PR,41,4107801,Floraí,6569
PR,41,4107900,Floresta,11559
PR,41,4108007,Florestópolis,11475
PR,41,4108106,Flórida,2651
PR,41,4108205,Formosa do Oeste,7641
PR,41,4108304,Foz do Iguaçu,286323
PR,41,4108452,Foz do Jordão,4845
PR,41,4108320,Francisco Alves,8141
PR,41,4108403,Francisco Beltrão,96622
PR,41,4108502,General Carneiro,11053
PR,41,4108551,Godoy Moreira,2977
PR,41,4108601,Goioerê,28470
PR,41,4108650,Goioxim,6570
PR,41,4108700,Grandes Rios,5625
PR,41,4108809,Guaíra,31971
PR,41,4108908,Guairaçá,6582
PR,41,4108957,Guamiranga,7856
PR,41,4109005,Guapirama,4627
PR,41,4109104,Guaporema,2186
PR,41,4109203,Guaraci,4751
PR,41,4109302,Guaraniaçu,14398
PR,41,4109401,Guarapuava,190342
PR,41,4109500,Guaraqueçaba,7446
PR,41,4109609,Guaratuba,42801
PR,41,4109658,Honório Serpa,5471
PR,41,4109708,Ibaiti,30943
PR,41,4109757,Ibema,6218
PR,41,4109807,Ibiporã,54917
PR,41,4109906,Icaraíma,8992
PR,41,4110003,Iguaraçu,5478
PR,41,4110052,Iguatu,2142
PR,41,4110078,Imbaú,11619
PR,41,4110102,Imbituva,29893
PR,41,4110201,Inácio Martins,10776
PR,41,4110300,Inajá,2529
PR,41,4110409,Indianópolis,4223
PR,41,4110508,Ipiranga,14230
PR,41,4110607,Iporã,15730
PR,41,4110656,Iracema do Oeste,2347
PR,41,4110706,Irati,59253
PR,41,4110805,Iretama,10681
PR,41,4110904,Itaguajé,4489
PR,41,4110953,Itaipulândia,10909
PR,41,4111001,Itambaracá,5920
PR,41,4111100,Itambé,6734
PR,41,4111209,Itapejara d'Oeste,13177
PR,41,4111258,Itaperuçu,31843
PR,41,4111308,Itaúna do Sul,3566
PR,41,4111407,Ivaí,13142
PR,41,4111506,Ivaiporã,32604
PR,41,4111555,Ivaté,6771
PR,41,4111605,Ivatuba,2786
PR,41,4111704,Jaboti,5425
PR,41,4111803,Jacarezinho,40356
PR,41,4111902,Jaguapitã,15193
PR,41,4112009,Jaguariaíva,35527
PR,41,4112108,Jandaia do Sul,23006
PR,41,4112207,Janiópolis,5862
PR,41,4112306,Japira,4971
PR,41,4112405,Japurá,9127
PR,41,4112504,Jardim Alegre,12070
PR,41,4112603,Jardim Olinda,1280
PR,41,4112702,Jataizinho,11857
PR,41,4112751,Jesuítas,10508
PR,41,4112801,Joaquim Távora,11870
PR,41,4112900,Jundiaí do Sul,3446
PR,41,4112959,Juranda,7773
PR,41,4113007,Jussara,7477
PR,41,4113106,Kaloré,4579
PR,41,4113205,Lapa,45620
PR,41,4113254,Laranjal,5628
PR,41,4113304,Laranjeiras do Sul,31953
PR,41,4113403,Leópolis,3940
PR,41,4113429,Lidianópolis,3936
PR,41,4113452,Lindoeste,5147
PR,41,4113502,Loanda,23149
PR,41,4113601,Lobato,4600
PR,41,4113700,Londrina,588125
PR,41,4113734,Luiziana,6711
PR,41,4113759,Lunardelli,5027
PR,41,4113809,Lupionópolis,4812
PR,41,4113908,Mallet,13378
PR,41,4114005,Mamborê,13404
PR,41,4114104,Mandaguaçu,31544
PR,41,4114203,Mandaguari,36827
PR,41,4114302,Mandirituba,33795
PR,41,4114351,Manfrinópolis,2775
PR,41,4114401,Mangueirinha,17287
PR,41,4114500,Manoel Ribas,13702
PR,41,4114609,Marechal Cândido Rondon,56530
PR,41,4114708,Maria Helena,5872
PR,41,4114807,Marialva,47028
PR,41,4114906,Marilândia do Sul,9757
PR,41,4115002,Marilena,7220
PR,41,4115101,Mariluz,9846
PR,41,4115200,Maringá,454146
PR,41,4115309,Mariópolis,6356
PR,41,4115358,Maripá,6639
PR,41,4115408,Marmeleiro,15873
PR,41,4115457,Marquinho,4348
PR,41,4115507,Marumbi,4700
PR,41,4115606,Matelândia,18472
PR,41,4115705,Matinhos,39212
PR,41,4115739,Mato Rico,3279
PR,41,4115754,Mauá da Serra,8937
PR,41,4115804,Medianeira,54390
PR,41,4115853,Mercedes,5945
PR,41,4115903,Mirador,2240
PR,41,4116000,Miraselva,1965
PR,41,4116059,Missal,12951
PR,41,4116109,Moreira Sales,11170
PR,41,4116208,Morretes,18396
PR,41,4116307,Munhoz de Melo,3937
PR,41,4116406,Nossa Senhora das Graças,3677
PR,41,4116505,Nova Aliança do Ivaí,1315
PR,41,4116604,Nova América da Colina,3277
PR,41,4116703,Nova Aurora,12848
PR,41,4116802,Nova Cantu,6781
PR,41,4116901,Nova Esperança,26616
PR,41,4116950,Nova Esperança do Sudoeste,5592
PR,41,4117008,Nova Fátima,7225
PR,41,4117057,Nova Laranjeiras,14132
PR,41,4117107,Nova Londrina,12911
PR,41,4117206,Nova Olímpia,5834
PR,41,4117255,Nova Prata do Iguaçu,10780
PR,41,4117214,Nova Santa Bárbara,4183
PR,41,4117222,Nova Santa Rosa,8292
PR,41,4117271,Nova Tebas,6848
PR,41,4117297,Novo Itacolomi,4061
PR,41,4117305,Ortigueira,26078
PR,41,4117404,Ourizona,3184
PR,41,4117453,Ouro Verde do Oeste,6808
PR,41,4117503,Paiçandu,49999
PR,41,4117602,Palmas,43769
PR,41,4117701,Palmeira,36384
PR,41,4117800,Palmital,13080
PR,41,4117909,Palotina,35063
PR,41,4118006,Paraíso do Norte,13246
PR,41,4118105,Paranacity,9561
PR,41,4118204,Paranaguá,157043
PR,41,4118303,Paranapoema,2406
PR,41,4118402,Paranavaí,90969
PR,41,4118451,Pato Bragado,5976
PR,41,4118501,Pato Branco,94239
PR,41,4118600,Paula Freitas,5616
PR,41,4118709,Paulo Frontin,6460
PR,41,4118808,Peabiru,13345
PR,41,4118857,Perobal,7132
PR,41,4118907,Pérola,11885
PR,41,4119004,Pérola d'Oeste,6197
PR,41,4119103,Piên,13552
PR,41,4119152,Pinhais,131048
PR,41,4119251,Pinhal de São Bento,2762
PR,41,4119202,Pinhalão,6564
PR,41,4119301,Pinhão,29931
PR,41,4119400,Piraí do Sul,23514
PR,41,4119509,Piraquara,131101
PR,41,4119608,Pitanga,33640
PR,41,4119657,Pitangueiras,3016
PR,41,4119707,Planaltina do Paraná,4063
PR,41,4119806,Planalto,14300
PR,41,4119905,Ponta Grossa,391654
PR,41,4119954,Pontal do Paraná,32985
PR,41,4120002,Porecatu,11596
PR,41,4120101,Porto Amazonas,5543
PR,41,4120150,Porto Barreiro,3111
PR,41,4120200,Porto Rico,3194
PR,41,4120309,Porto Vitória,3484
PR,41,4120333,Prado Ferreira,3663
PR,41,4120358,Pranchita,5705
PR,41,4120408,Presidente Castelo Branco,4334
PR,41,4120507,Primeiro de Maio,10239
PR,41,4120606,Prudentópolis,49395
PR,41,4120655,Quarto Centenário,4213
PR,41,4120705,Quatiguá,8092
PR,41,4120804,Quatro Barras,26452
PR,41,4120853,Quatro Pontes,4051
PR,41,4120903,Quedas do Iguaçu,30785
PR,41,4121000,Querência do Norte,10708
PR,41,4121109,Quinta do Sol,5009
PR,41,4121208,Quitandinha,19240
PR,41,4121257,Ramilândia,4848
PR,41,4121307,Rancho Alegre,3511
PR,41,4121356,Rancho Alegre D'Oeste,2615
PR,41,4121406,Realeza,18928
PR,41,4121505,Rebouças,14524
PR,41,4121604,Renascença,6839
PR,41,4121703,Reserva,26786
PR,41,4121752,Reserva do Iguaçu,7009
PR,41,4121802,Ribeirão Claro,12357
PR,41,4121901,Ribeirão do Pinhal,13053
PR,41,4122008,Rio Azul,14032
PR,41,4122107,Rio Bom,3755
PR,41,4122156,Rio Bonito do Iguaçu,13955
PR,41,4122172,Rio Branco do Ivaí,3866
PR,41,4122206,Rio Branco do Sul,32566
PR,41,4122305,Rio Negro,31406
PR,41,4122404,Rolândia,71344
PR,41,4122503,Roncador,11253
PR,41,4122602,Rondon,9093
PR,41,4122651,Rosário do Ivaí,5697
PR,41,4122701,Sabáudia,8819
PR,41,4122800,Salgado Filho,4144
PR,41,4122909,Salto do Itararé,5195
PR,41,4123006,Salto do Lontra,14006
PR,41,4123105,Santa Amélia,3396
PR,41,4123204,Santa Cecília do Pavão,3361
PR,41,4123303,Santa Cruz de Monte Castelo,8630
PR,41,4123402,Santa Fé,11397
PR,41,4123501,Santa Helena,24917
PR,41,4123600,Santa Inês,1744
PR,41,4123709,Santa Isabel do Ivaí,8897
PR,41,4123808,Santa Izabel do Oeste,12444
PR,41,4123824,Santa Lúcia,3668
PR,41,4123857,Santa Maria do Oeste,9811
PR,41,4123907,Santa Mariana,11111
PR,41,4123956,Santa Mônica,3357
PR,41,4124020,Santa Tereza do Oeste,12928
PR,41,4124053,Santa Terezinha de Itaipu,23236
PR,41,4124004,Santana do Itararé,5514
PR,41,4124103,Santo Antônio da Platina,45261
PR,41,4124202,Santo Antônio do Caiuá,2499
PR,41,4124301,Santo Antônio do Paraíso,2122
PR,41,4124400,Santo Antônio do Sudoeste,19677
PR,41,4124509,Santo Inácio,6184
PR,41,4124608,São Carlos do Ivaí,6588
PR,41,4124707,São Jerônimo da Serra,10742
PR,41,4124806,São João,11683
PR,41,4124905,São João do Caiuá,5585
PR,41,4125001,São João do Ivaí,10665
PR,41,4125100,São João do Triunfo,13725
PR,41,4125209,São Jorge d'Oeste,9308
PR,41,4125308,São Jorge do Ivaí,5159
PR,41,4125357,São Jorge do Patrocínio,6520
PR,41,4125407,São José da Boa Vista,5968
PR,41,4125456,São José das Palmeiras,4063
PR,41,4125506,São José dos Pinhais,327746
PR,41,4125555,São Manoel do Paraná,2132
PR,41,4125605,São Mateus do Sul,44313
PR,41,4125704,São Miguel do Iguaçu,29285
PR,41,4125753,São Pedro do Iguaçu,6854
PR,41,4125803,São Pedro do Ivaí,8691
PR,41,4125902,São Pedro do Paraná,2654
PR,41,4126009,São Sebastião da Amoreira,8070
PR,41,4126108,São Tomé,5385
PR,41,4126207,Sapopema,6444
PR,41,4126256,Sarandi,126057
PR,41,4126272,Saudade do Iguaçu,6137
PR,41,4126306,Sengés,17112
PR,41,4126355,Serranópolis do Iguaçu,5034
PR,41,4126405,Sertaneja,5761
PR,41,4126504,Sertanópolis,16694
PR,41,4126603,Siqueira Campos,24083
PR,41,4126652,Sulina,3440
PR,41,4126678,Tamarana,12115
PR,41,4126702,Tamboara,4879
PR,41,4126801,Tapejara,15659
PR,41,4126900,Tapira,5743
PR,41,4127007,Teixeira Soares,9565
PR,41,4127106,Telêmaco Borba,73331
PR,41,4127205,Terra Boa,18654
PR,41,4127304,Terra Rica,14862
PR,41,4127403,Terra Roxa,18448
PR,41,4127502,Tibagi,18612
PR,41,4127601,Tijucas do Sul,17717
PR,41,4127700,Toledo,156123
PR,41,4127809,Tomazina,9659
PR,41,4127858,Três Barras do Paraná,11142
PR,41,4127882,Tunas do Paraná,8617
PR,41,4127908,Tuneiras do Oeste,10332
PR,41,4127957,Tupãssi,8088
PR,41,4127965,Turvo,16147
PR,41,4128005,Ubiratã,24733
PR,41,4128104,Umuarama,117148
PR,41,4128203,União da Vitória,55238
PR,41,4128302,Uniflor,2136
PR,41,4128401,Uraí,10378
PR,41,4128534,Ventania,9682
PR,41,4128559,Vera Cruz do Oeste,9326
PR,41,4128609,Verê,7929
PR,41,4128658,Virmond,3813
PR,41,4128708,Vitorino,9942
PR,41,4128500,Wenceslau Braz,18894
PR,41,4128807,Xambrê,5769
RJ,33,3300100,Angra dos Reis,181228
RJ,33,3300159,Aperibé,10893
RJ,33,3300209,Araruama,126726
RJ,33,3300225,Areal,11765
RJ,33,3300233,Armação dos Búzios,39033
RJ,33,3300258,Arraial do Cabo,31030
RJ,33,3300308,Barra do Piraí,91025
RJ,33,3300407,Barra Mansa,166654
RJ,33,3300456,Belford Roxo,446731
RJ,33,3300506,Bom Jardim,28166
RJ,33,3300605,Bom Jesus do Itabapoana,35797
RJ,33,3300704,Cabo Frio,214057
RJ,33,3300803,Cachoeiras de Macacu,53887
RJ,33,3300902,Cambuci,14245
RJ,33,3301009,Campos dos Goytacazes,474667
RJ,33,3301108,Cantagalo,19443
RJ,33,3300936,Carapebus,13360
RJ,33,3301157,Cardoso Moreira,12686
RJ,33,3301207,Carmo,17149
RJ,33,3301306,Casimiro de Abreu,45570
RJ,33,3300951,Comendador Levy Gasparian,8769
RJ,33,3301405,Conceição de Macabu,20814
RJ,33,3301504,Cordeiro,20843
RJ,33,3301603,Duas Barras,11102
RJ,33,3301702,Duque de Caxias,782799
RJ,33,3301801,Engenheiro Paulo de Frontin,11822
RJ,33,3301850,Guapimirim,50409
RJ,33,3301876,Iguaba Grande,27651
RJ,33,3301900,Itaboraí,231004
RJ,33,3302007,Itaguaí,132867
RJ,33,3302056,Italva,13729
RJ,33,3302106,Itaocara,22989
RJ,33,3302205,Itaperuna,99300
RJ,33,3302254,Itatiaia,30766
RJ,33,3302270,Japeri,96595
RJ,33,3302304,Laje do Muriaé,6767
RJ,33,3302403,Macaé,262692
RJ,33,3302452,Macuco,5446
RJ,33,3302502,Magé,248208
RJ,33,3302601,Mangaratiba,38953
RJ,33,3302700,Maricá,223938
RJ,33,3302809,Mendes,17461
RJ,33,3302858,Mesquita,168849
RJ,33,3302908,Miguel Pereira,26301
RJ,33,3303005,Miracema,26644
RJ,33,3303104,Natividade,14938
RJ,33,3303203,Nilópolis,150281
RJ,33,3303302,Niterói,523664
RJ,33,3303401,Nova Friburgo,204625
RJ,33,3303500,Nova Iguaçu,819134
RJ,33,3303609,Paracambi,41146
RJ,33,3303708,Paraíba do Sul,41786
RJ,33,3303807,Paraty,50592
RJ,33,3303856,Paty do Alferes,29390
RJ,33,3303906,Petrópolis,304758
RJ,33,3303955,Pinheiral,24553
RJ,33,3304003,Piraí,27996
RJ,33,3304102,Porciúncula,16958
RJ,33,3304110,Porto Real,20375
RJ,33,3304128,Quatis,12646
RJ,33,3304144,Queimados,139194
RJ,33,3304151,Quissamã,21749
RJ,33,3304201,Resende,128460
RJ,33,3304300,Rio Bonito,55068
RJ,33,3304409,Rio Claro,18544
RJ,33,3304508,Rio das Flores,9387
RJ,33,3304524,Rio das Ostras,149562
RJ,33,3304557,Rio de Janeiro,6625849
RJ,33,3304607,Santa Maria Madalena,9704
RJ,33,3304706,Santo Antônio de Pádua,40870
RJ,33,3304805,São Fidélis,38711
RJ,33,3304755,São Francisco de Itabapoana,44939
RJ,33,3304904,São Gonçalo,929446
RJ,33,3305000,São João da Barra,36518
RJ,33,3305109,São João de Meriti,393773
RJ,33,3305133,São José de Ubá,7070
RJ,33,3305158,São José do Vale do Rio Preto,22125
RJ,33,3305208,São Pedro da Aldeia,102290
RJ,33,3305307,São Sebastião do Alto,7707
RJ,33,3305406,Sapucaia,18585
RJ,33,3305505,Saquarema,88755
RJ,33,3305554,Seropédica,85359
RJ,33,3305604,Silva Jardim,21509
RJ,33,3305703,Sumidouro,18286
RJ,33,3305752,Tanguá,31169
RJ,33,3305802,Teresópolis,189036
RJ,33,3305901,Trajano de Moraes,10303
RJ,33,3306008,Três Rios,76789
RJ,33,3306107,Valença,72264
RJ,33,3306156,Varre-Sai,10209
RJ,33,3306206,Vassouras,38081
RJ,33,3306305,Volta Redonda,270543
RN,24,2400109,Acari,10589
RN,24,2400208,Açu,56482
RN,24,2400307,Afonso Bezerra,10838
RN,24,2400406,Água Nova,2951
RN,24,2400505,Alexandria,13211
RN,24,2400604,Almino Afonso,4689
RN,24,2400703,Alto do Rodrigues,12538
RN,24,2400802,Angicos,11641
RN,24,2400901,Antônio Martins,6577
RN,24,2401008,Apodi,36118
RN,24,2401107,Areia Branca,24076
RN,24,2401206,Arês,13268
RN,24,2401404,Baía Formosa,8825
RN,24,2401453,Baraúna,26949
RN,24,2401503,Barcelona,4003
RN,24,2401602,Bento Fernandes,4796
RN,24,2401651,Bodó,2309
RN,24,2401701,Bom Jesus,9713
RN,24,2401800,Brejinho,12205
RN,24,2401859,Caiçara do Norte,6282
RN,24,2401909,Caiçara do Rio do Vento,3274
RN,24,2402006,Caicó,61160
RN,24,2401305,Campo Grande,10319
RN,24,2402105,Campo Redondo,10217
RN,24,2402204,Canguaretama,29377
RN,24,2402303,Caraúbas,19766
RN,24,2402402,Carnaúba dos Dantas,7949
RN,24,2402501,Carnaubais,9704
RN,24,2402600,Ceará-Mirim,78486
RN,24,2402709,Cerro Corá,11002
RN,24,2402808,Coronel Ezequiel,5092
RN,24,2402907,Coronel João Pessoa,4237
RN,24,2403004,Cruzeta,8008
RN,24,2403103,Currais Novos,41341
RN,24,2403202,Doutor Severiano,7049
RN,24,2403301,Encanto,6017
RN,24,2403400,Equador,5355
RN,24,2403509,Espírito Santo,10622
RN,24,2403608,Extremoz,61381
RN,24,2403707,Felipe Guerra,5970
RN,24,2403756,Fernando Pedroza,2937
RN,24,2403806,Florânia,10199
RN,24,2403905,Francisco Dantas,2700
RN,24,2404002,Frutuoso Gomes,4122
RN,24,2404101,Galinhos,2105
RN,24,2404200,Goianinha,27079
RN,24,2404309,Governador Dix-Sept Rosado,11926
RN,24,2404408,Grossos,9742
RN,24,2404507,Guamaré,15312
RN,24,2404606,Ielmo Marinho,11614
RN,24,2404705,Ipanguaçu,14164
RN,24,2404804,Ipueira,2035
RN,24,2404853,Itajá,7298
RN,24,2404903,Itaú,5317
RN,24,2405009,Jaçanã,10247
RN,24,2405108,Jandaíra,6570
RN,24,2405207,Janduís,4767
RN,24,2405306,Januário Cicco,9054
RN,24,2405405,Japi,5123
RN,24,2405504,Jardim de Angicos,2436
RN,24,2405603,Jardim de Piranhas,13969
RN,24,2405702,Jardim do Seridó,11623
RN,24,2405801,João Câmara,33191
RN,24,2405900,João Dias,2076
RN,24,2406007,José da Penha,5799
RN,24,2406106,Jucurutu,17779
RN,24,2406155,Jundiá,3737
RN,24,2406205,Lagoa d'Anta,6680
RN,24,2406304,Lagoa de Pedras,7340
RN,24,2406403,Lagoa de Velhos,2569
RN,24,2406502,Lagoa Nova,15584
RN,24,2406601,Lagoa Salgada,8334
RN,24,2406700,Lajes,9866
RN,24,2406809,Lajes Pintadas,4779
RN,24,2406908,Lucrécia,3490
RN,24,2407005,Luís Gomes,9083
RN,24,2407104,Macaíba,81584
RN,24,2407203,Macau,27395
RN,24,2407252,Major Sales,3924
RN,24,2407302,Marcelino Vieira,7896
RN,24,2407401,Martins,8178
RN,24,2407500,Maxaranguape,10262
RN,24,2407609,Messias Targino,4283
RN,24,2407708,Montanhas,11459
RN,24,2407807,Monte Alegre,22950
RN,24,2407906,Monte das Gameleiras,2277
RN,24,2408003,Mossoró,264181
RN,24,2408102,Natal,751932
RN,24,2408201,Nísia Floresta,30952
RN,24,2408300,Nova Cruz,34252
RN,24,2408409,Olho d'Água do Borges,3896
RN,24,2408508,Ouro Branco,4912
RN,24,2408607,Paraná,3934
RN,24,2408706,Paraú,3589
RN,24,2408805,Parazinho,4796
RN,24,2408904,Parelhas,21464
RN,24,2403251,Parnamirim,252950
RN,24,2409100,Passa e Fica,10892
RN,24,2409209,Passagem,3119
RN,24,2409308,Patu,11001
RN,24,2409407,Pau dos Ferros,30403
RN,24,2409506,Pedra Grande,3611
RN,24,2409605,Pedra Preta,2450
RN,24,2409704,Pedro Avelino,6241
RN,24,2409803,Pedro Velho,13860
RN,24,2409902,Pendências,12273
RN,24,2410009,Pilões,2963
RN,24,2410108,Poço Branco,12389
RN,24,2410207,Portalegre,7601
RN,24,2410256,Porto do Mangue,5253
RN,24,2410405,Pureza,9358
RN,24,2410504,Rafael Fernandes,5432
RN,24,2410603,Rafael Godeiro,2931
RN,24,2410702,Riacho da Cruz,2693
RN,24,2410801,Riacho de Santana,4134
RN,24,2410900,Riachuelo,7389
RN,24,2408953,Rio do Fogo,10268
RN,24,2411007,Rodolfo Fernandes,4234
RN,24,2411106,Ruy Barbosa,3203
RN,24,2411205,Santa Cruz,37232
RN,24,2409332,Santa Maria,4843
RN,24,2411403,Santana do Matos,12460
RN,24,2411429,Santana do Seridó,2696
RN,24,2411502,Santo Antônio,22150
RN,24,2411601,São Bento do Norte,3252
RN,24,2411700,São Bento do Trairí,3788
RN,24,2411809,São Fernando,3480
RN,24,2411908,São Francisco do Oeste,4172
RN,24,2412005,São Gonçalo do Amarante,115467
RN,24,2412104,São João do Sabugi,5956
RN,24,2412203,São José de Mipibu,47279
RN,24,2412302,São José do Campestre,13691
RN,24,2412401,São José do Seridó,4548
RN,24,2412500,São Miguel,23494
RN,24,2412559,São Miguel do Gostoso,10250
RN,24,2412609,São Paulo do Potengi,16586
RN,24,2412708,São Pedro,5786
RN,24,2412807,São Rafael,7707
RN,24,2412906,São Tomé,9720
RN,24,2413003,São Vicente,6311
RN,24,2413102,Senador Elói de Souza,5964
RN,24,2413201,Senador Georgino Avelino,4064
RN,24,2410306,Serra Caiada,9964
RN,24,2413300,Serra de São Bento,5706
RN,24,2413359,Serra do Mel,13110
RN,24,2413409,Serra Negra do Norte,7593
RN,24,2413508,Serrinha,6444
RN,24,2413557,Serrinha dos Pintos,4659
RN,24,2413607,Severiano Melo,5497
RN,24,2413706,Sítio Novo,4662
RN,24,2413805,Taboleiro Grande,2333
RN,24,2413904,Taipu,11438
RN,24,2414001,Tangará,13266
RN,24,2414100,Tenente Ananias,10262
RN,24,2414159,Tenente Laurentino Cruz,5892
RN,24,2411056,Tibau,5389
RN,24,2414209,Tibau do Sul,17210
RN,24,2414308,Timbaúba dos Batistas,2336
RN,24,2414407,Touros,33008
RN,24,2414456,Triunfo Potiguar,3358
RN,24,2414506,Umarizal,9972
RN,24,2414605,Upanema,13434
RN,24,2414704,Várzea,5232
RN,24,2414753,Venha-Ver,3013
RN,24,2414803,Vera Cruz,10487
RN,24,2414902,Viçosa,1822
RN,24,2415008,Vila Flor,3174
RO,11,1100015,Alta Floresta D'Oeste,21558
RO,11,1100379,Alto Alegre dos Parecis,13023
RO,11,1100403,Alto Paraíso,17140
RO,11,1100346,Alvorada D'Oeste,13092
RO,11,1100023,Ariquemes,100896
RO,11,1100452,Buritis,28178
RO,11,1100031,Cabixi,5107
RO,11,1100601,Cacaulândia,4157
RO,11,1100049,Cacoal,92202
RO,11,1100700,Campo Novo de Rondônia,8840
RO,11,1100809,Candeias do Jamari,22564
RO,11,1100908,Castanheiras,3269
RO,11,1100056,Cerejeiras,15237
RO,11,1100924,Chupinguaia,9351
RO,11,1100064,Colorado do Oeste,15747
RO,11,1100072,Corumbiara,7503
RO,11,1100080,Costa Marques,12633
RO,11,1100940,Cujubim,14338
RO,11,1100098,Espigão D'Oeste,29722
RO,11,1101005,Governador Jorge Teixeira,8012
RO,11,1100106,Guajará-Mirim,39396
RO,11,1101104,Itapuã do Oeste,9465
RO,11,1100114,Jaru,52090
RO,11,1100122,Ji-Paraná,136825
RO,11,1100130,Machadinho D'Oeste,30626
RO,11,1101203,Ministro Andreazza,6440
RO,11,1101302,Mirante da Serra,9200
RO,11,1101401,Monte Negro,11966
RO,11,1100148,Nova Brasilândia D'Oeste,17355
RO,11,1100338,Nova Mamoré,25452
RO,11,1101435,Nova União,6194
RO,11,1100502,Novo Horizonte do Oeste,7653
RO,11,1100155,Ouro Preto do Oeste,36753
RO,11,1101450,Parecis,3953
RO,11,1100189,Pimenta Bueno,37464
RO,11,1101468,Pimenteiras do Oeste,2180
RO,11,1100205,Porto Velho,461748
RO,11,1100254,Presidente Médici,19316
RO,11,1101476,Primavera de Rondônia,3071
RO,11,1100262,Rio Crespo,3476
RO,11,1100288,Rolim de Moura,57180
RO,11,1100296,Santa Luzia D'Oeste,7394
RO,11,1101484,São Felipe D'Oeste,5259
RO,11,1101492,São Francisco do Guaporé,16302
RO,11,1100320,São Miguel do Guaporé,21612
RO,11,1101500,Seringueiras,11183
RO,11,1101559,Teixeirópolis,4284
RO,11,1101609,Theobroma,9253
RO,11,1101708,Urupá,10828
RO,11,1101757,Vale do Anari,7806
RO,11,1101807,Vale do Paraíso,6487
RO,11,1100304,Vilhena,95599
RR,14,1400050,Alto Alegre,23582
RR,14,1400027,Amajari,16994
RR,14,1400100,Boa Vista,408157
RR,14,1400159,Bonfim,16169
RR,14,1400175,Cantá,18030
RR,14,1400209,Caracaraí,20780
RR,14,1400233,Caroebe,10555
RR,14,1400282,Iracema,11000
RR,14,1400308,Mucajaí,17058
RR,14,1400407,Normandia,15264
RR,14,1400456,Pacaraima,19317
RR,14,1400472,Rorainópolis,29932
RR,14,1400506,São João da Baliza,8011
RR,14,1400605,São Luiz,6192
RR,14,1400704,Uiramutã,13764
RS,43,4300034,Aceguá,4156
RS,43,4300059,Água Santa,4345
RS,43,4300109,Agudo,16740
RS,43,4300208,Ajuricaba,6707
RS,43,4300307,Alecrim,6169
RS,43,4300406,Alegrete,71945
RS,43,4300455,Alegria,3652
RS,43,4300471,Almirante Tamandaré do Sul,1967
RS,43,4300505,Alpestre,7065
RS,43,4300554,Alto Alegre,1800
RS,43,4300570,Alto Feliz,3061
RS,43,4300604,Alvorada,185921
RS,43,4300638,Amaral Ferrador,5268
RS,43,4300646,Ametista do Sul,7529
RS,43,4300661,André da Rocha,1129
RS,43,4300703,Anta Gorda,5962
RS,43,4300802,Antônio Prado,14292
RS,43,4300851,Arambaré,4109
RS,43,4300877,Araricá,8293
RS,43,4300901,Aratiba,6495
RS,43,4301008,Arroio do Meio,21961
RS,43,4301073,Arroio do Padre,2638
RS,43,4301057,Arroio do Sal,11082
RS,43,4301206,Arroio do Tigre,12022
RS,43,4301107,Arroio dos Ratos,14555
RS,43,4301305,Arroio Grande,17440
RS,43,4301404,Arvorezinha,10328
RS,43,4301503,Augusto Pestana,7146
RS,43,4301552,Áurea,3401
RS,43,4301602,Bagé,113173
RS,43,4301636,Balneário Pinhal,14769
RS,43,4301651,Barão,6476
RS,43,4301701,Barão de Cotegipe,7150
RS,43,4301750,Barão do Triunfo,5893
RS,43,4301859,Barra do Guarita,3161
RS,43,4301875,Barra do Quaraí,4053
RS,43,4301909,Barra do Ribeiro,11925
RS,43,4301925,Barra do Rio Azul,1695
RS,43,4301958,Barra Funda,2497
RS,43,4301800,Barracão,5115
RS,43,4302006,Barros Cassal,9299
RS,43,4302055,Benjamin Constant do Sul,1981
RS,43,4302105,Bento Gonçalves,129430
RS,43,4302154,Boa Vista das Missões,1899
RS,43,4302204,Boa Vista do Buricá,7030
RS,43,4302220,Boa Vista do Cadeado,2222
RS,43,4302238,Boa Vista do Incra,2267
RS,43,4302253,Boa Vista do Sul,2746
RS,43,4302303,Bom Jesus,10725
RS,43,4302352,Bom Princípio,15619
RS,43,4302378,Bom Progresso,2106
RS,43,4302402,Bom Retiro do Sul,12245
RS,43,4302451,Boqueirão do Leão,6231
RS,43,4302501,Bossoroca,5886
RS,43,4302584,Bozano,2135
RS,43,4302600,Braga,3264
RS,43,4302659,Brochier,5895
RS,43,4302709,Butiá,18711
RS,43,4302808,Caçapava do Sul,32447
RS,43,4302907,Cacequi,11166
RS,43,4303004,Cachoeira do Sul,79778
RS,43,4303103,Cachoeirinha,134545
RS,43,4303202,Cacique Doble,4602
RS,43,4303301,Caibaté,4707
RS,43,4303400,Caiçara,4810
RS,43,4303509,Camaquã,61598
RS,43,4303558,Camargo,3204
RS,43,4303608,Cambará do Sul,6263
RS,43,4303673,Campestre da Serra,3243
RS,43,4303707,Campina das Missões,5882
RS,43,4303806,Campinas do Sul,5266
RS,43,4303905,Campo Bom,65380
RS,43,4304002,Campo Novo,4992
RS,43,4304101,Campos Borges,3606
RS,43,4304200,Candelária,28249
RS,43,4304309,Cândido Godói,6291
RS,43,4304358,Candiota,10418
RS,43,4304408,Canela,53348
RS,43,4304507,Canguçu,48922
RS,43,4304606,Canoas,339133
RS,43,4304614,Canudos do Vale,1660
RS,43,4304622,Capão Bonito do Sul,1724
RS,43,4304630,Capão da Canoa,62040
RS,43,4304655,Capão do Cipó,3122
RS,43,4304663,Capão do Leão,27071
RS,43,4304689,Capela de Santana,10970
RS,43,4304697,Capitão,2888
RS,43,4304671,Capivari do Sul,3986
RS,43,4304713,Caraá,8957
RS,43,4304705,Carazinho,60983
RS,43,4304804,Carlos Barbosa,29834
RS,43,4304853,Carlos Gomes,1355
RS,43,4304903,Casca,9464
RS,43,4304952,Caseiros,3000
RS,43,4305009,Catuípe,8679
RS,43,4305108,Caxias do Sul,503068
RS,43,4305116,Centenário,2725
RS,43,4305124,Cerrito,5847
RS,43,4305132,Cerro Branco,3803
RS,43,4305157,Cerro Grande,2318
RS,43,4305173,Cerro Grande do Sul,9054
RS,43,4305207,Cerro Largo,13710
RS,43,4305306,Chapada,9475
RS,43,4305355,Charqueadas,34954
RS,43,4305371,Charrua,3345
RS,43,4305405,Chiapetta,3901
RS,43,4305439,Chuí,6438
RS,43,4305447,Chuvisca,4583
RS,43,4305454,Cidreira,16742
RS,43,4305504,Ciríaco,4142
RS,43,4305587,Colinas,2415
RS,43,4305603,Colorado,3258
RS,43,4305702,Condor,6406
RS,43,4305801,Constantina,10383
RS,43,4305835,Coqueiro Baixo,1284
RS,43,4305850,Coqueiros do Sul,2204
RS,43,4305871,Coronel Barros,2819
RS,43,4305900,Coronel Bicaco,6082
RS,43,4305934,Coronel Pilar,1592
RS,43,4305959,Cotiporã,3850
RS,43,4305975,Coxilha,3172
RS,43,4306007,Crissiumal,12852
RS,43,4306056,Cristal,7352
RS,43,4306072,Cristal do Sul,2694
RS,43,4306106,Cruz Alta,59057
RS,43,4306130,Cruzaltense,1635
RS,43,4306205,Cruzeiro do Sul,11618
RS,43,4306304,David Canabarro,4324
RS,43,4306320,Derrubadas,2749
RS,43,4306353,Dezesseis de Novembro,2506
RS,43,4306379,Dilermando de Aguiar,2806
RS,43,4306403,Dois Irmãos,30551
RS,43,4306429,Dois Irmãos das Missões,2063
RS,43,4306452,Dois Lajeados,2965
RS,43,4306502,Dom Feliciano,13059
RS,43,4306601,Dom Pedrito,36559
RS,43,4306551,Dom Pedro de Alcântara,2499
RS,43,4306700,Dona Francisca,3079
RS,43,4306734,Doutor Maurício Cardoso,4470
RS,43,4306759,Doutor Ricardo,1866
RS,43,4306767,Eldorado do Sul,39330
RS,43,4306809,Encantado,22391
RS,43,4306908,Encruzilhada do Sul,22276
RS,43,4306924,Engenho Velho,1291
RS,43,4306957,Entre Rios do Sul,2681
RS,43,4306932,Entre-Ijuís,9157
RS,43,4306973,Erebango,3037
RS,43,4307005,Erechim,105428
RS,43,4307054,Ernestina,3021
RS,43,4307203,Erval Grande,4908
RS,43,4307302,Erval Seco,6748
RS,43,4307401,Esmeralda,3175
RS,43,4307450,Esperança do Sul,3225
RS,43,4307500,Espumoso,15118
RS,43,4307559,Estação,5517
RS,43,4307609,Estância Velha,48682
RS,43,4307708,Esteio,74653
RS,43,4307807,Estrela,31909
RS,43,4307815,Estrela Velha,3066
RS,43,4307831,Eugênio de Castro,2633
RS,43,4307864,Fagundes Varela,2566
RS,43,4307906,Farroupilha,74879
RS,43,4308003,Faxinal do Soturno,6686
RS,43,4308052,Faxinalzinho,2521
RS,43,4308078,Fazenda Vilanova,4298
RS,43,4308102,Feliz,15174
RS,43,4308201,Flores da Cunha,33430
RS,43,4308250,Floriano Peixoto,2038
RS,43,4308300,Fontoura Xavier,9573
RS,43,4308409,Formigueiro,6439
RS,43,4308433,Forquetinha,2521
RS,43,4308458,Fortaleza dos Valos,4455
RS,43,4308508,Frederico Westphalen,32284
RS,43,4308607,Garibaldi,35219
RS,43,4308656,Garruchos,2615
RS,43,4308706,Gaurama,5676
RS,43,4308805,General Câmara,7346
RS,43,4308854,Gentil,1745
RS,43,4308904,Getúlio Vargas,18111
RS,43,4309001,Giruá,15971
RS,43,4309050,Glorinha,7653
RS,43,4309100,Gramado,44643
RS,43,4309126,Gramado dos Loureiros,2003
RS,43,4309159,Gramado Xavier,3304
RS,43,4309209,Gravataí,279205
RS,43,4309258,Guabiju,1396
RS,43,4309308,Guaíba,91304
RS,43,4309407,Guaporé,24958
RS,43,4309506,Guarani das Missões,7554
RS,43,4309555,Harmonia,5660
RS,43,4307104,Herval,6380
RS,43,4309571,Herveiras,2559
RS,43,4309605,Horizontina,18852
RS,43,4309654,Hulha Negra,5851
RS,43,4309704,Humaitá,4690
RS,43,4309753,Ibarama,3722
RS,43,4309803,Ibiaçá,4560
RS,43,4309902,Ibiraiaras,6764
RS,43,4309951,Ibirapuitã,4159
RS,43,4310009,Ibirubá,21733
RS,43,4310108,Igrejinha,33173
RS,43,4310207,Ijuí,85135
RS,43,4310306,Ilópolis,4094
RS,43,4310330,Imbé,27053
RS,43,4310363,Imigrante,3082
RS,43,4310405,Independência,6519
RS,43,4310413,Inhacorá,2011
RS,43,4310439,Ipê,6554
RS,43,4310462,Ipiranga do Sul,1714
RS,43,4310504,Iraí,7489
RS,43,4310538,Itaara,5747
RS,43,4310553,Itacurubi,2995
RS,43,4310579,Itapuca,1937
RS,43,4310603,Itaqui,35408
RS,43,4310652,Itati,2941
RS,43,4310702,Itatiba do Sul,3206
RS,43,4310751,Ivorá,2012
RS,43,4310801,Ivoti,22911
RS,43,4310850,Jaboticaba,3754
RS,43,4310876,Jacuizinho,2028
RS,43,4310900,Jacutinga,3198
RS,43,4311007,Jaguarão,26583
RS,43,4311106,Jaguari,10527
RS,43,4311122,Jaquirana,3692
RS,43,4311130,Jari,3349
RS,43,4311155,Jóia,7123
RS,43,4311205,Júlio de Castilhos,18121
RS,43,4311239,Lagoa Bonita do Sul,2253
RS,43,4311270,Lagoa dos Três Cantos,1726
RS,43,4311304,Lagoa Vermelha,27598
RS,43,4311254,Lagoão,5343
RS,43,4311403,Lajeado,97432
RS,43,4311429,Lajeado do Bugre,2569
RS,43,4311502,Lavras do Sul,7458
RS,43,4311601,Liberato Salzano,4664
RS,43,4311627,Lindolfo Collor,6156
RS,43,4311643,Linha Nova,1763
RS,43,4311718,Maçambará,4427
RS,43,4311700,Machadinho,5729
RS,43,4311734,Mampituba,2954
RS,43,4311759,Manoel Viana,6732
RS,43,4311775,Maquiné,8222
RS,43,4311791,Maratá,2515
RS,43,4311809,Marau,46643
RS,43,4311908,Marcelino Ramos,4314
RS,43,4311981,Mariana Pimentel,3889
RS,43,4312005,Mariano Moro,1856
RS,43,4312054,Marques de Souza,3928
RS,43,4312104,Mata,4697
RS,43,4312138,Mato Castelhano,2552
RS,43,4312153,Mato Leitão,4848
RS,43,4312179,Mato Queimado,1793
RS,43,4312203,Maximiliano de Almeida,4763
RS,43,4312252,Minas do Leão,7470
RS,43,4312302,Miraguaí,4388
RS,43,4312351,Montauri,1495
RS,43,4312377,Monte Alegre dos Campos,3610
RS,43,4312385,Monte Belo do Sul,2584
RS,43,4312401,Montenegro,66878
RS,43,4312427,Mormaço,2748
RS,43,4312443,Morrinhos do Sul,3091
RS,43,4312450,Morro Redondo,5568
RS,43,4312476,Morro Reuter,6124
RS,43,4312500,Mostardas,13035
RS,43,4312609,Muçum,4492
RS,43,4312617,Muitos Capões,2811
RS,43,4312625,Muliterno,1718
RS,43,4312658,Não-Me-Toque,17821
RS,43,4312674,Nicolau Vergueiro,1935
RS,43,4312708,Nonoai,13466
RS,43,4312757,Nova Alvorada,3169
RS,43,4312807,Nova Araçá,4968
RS,43,4312906,Nova Bassano,9582
RS,43,4312955,Nova Boa Vista,2040
RS,43,4313003,Nova Bréscia,3037
RS,43,4313011,Nova Candelária,3056
RS,43,4313037,Nova Esperança do Sul,4858
RS,43,4313060,Nova Hartz,19799
RS,43,4313086,Nova Pádua,2334
RS,43,4313102,Nova Palma,5328
RS,43,4313201,Nova Petrópolis,28579
RS,43,4313300,Nova Prata,25656
RS,43,4313334,Nova Ramada,2157
RS,43,4313359,Nova Roma do Sul,3468
RS,43,4313375,Nova Santa Rita,28290
RS,43,4313490,Novo Barreiro,4233
RS,43,4313391,Novo Cabrais,3550
RS,43,4313409,Novo Hamburgo,241306
RS,43,4313425,Novo Machado,3198
RS,43,4313441,Novo Tiradentes,2115
RS,43,4313466,Novo Xingu,1646
RS,43,4313508,Osório,50395
RS,43,4313607,Paim Filho,3979
RS,43,4313656,Palmares do Sul,12969
RS,43,4313706,Palmeira das Missões,32873
RS,43,4313805,Palmitinho,7830
RS,43,4313904,Panambi,43320
RS,43,4313953,Pantano Grande,10255
RS,43,4314001,Paraí,7205
RS,43,4314027,Paraíso do Sul,6472
RS,43,4314035,Pareci Novo,4072
RS,43,4314050,Parobé,54095
RS,43,4314068,Passa Sete,3943
RS,43,4314076,Passo do Sobrado,6006
RS,43,4314100,Passo Fundo,217240
RS,43,4314134,Paulo Bento,2144
RS,43,4314159,Paverama,7933
RS,43,4314175,Pedras Altas,2213
RS,43,4314209,Pedro Osório,7652
RS,43,4314308,Pejuçara,3733
RS,43,4314407,Pelotas,324026
RS,43,4314423,Picada Café,5732
RS,43,4314456,Pinhal,2895
RS,43,4314464,Pinhal da Serra,2243
RS,43,4314472,Pinhal Grande,4049
RS,43,4314498,Pinheirinho do Vale,4539
RS,43,4314506,Pinheiro Machado,11380
RS,43,4314548,Pinto Bandeira,2712
RS,43,4314555,Pirapó,2250
RS,43,4314605,Piratini,17434
RS,43,4314704,Planalto,10240
RS,43,4314753,Poço das Antas,2152
RS,43,4314779,Pontão,3278
RS,43,4314787,Ponte Preta,1572
RS,43,4314803,Portão,36410
RS,43,4314902,Porto Alegre,1404269
RS,43,4315008,Porto Lucena,4364
RS,43,4315057,Porto Mauá,2143
RS,43,4315073,Porto Vera Cruz,1560
RS,43,4315107,Porto Xavier,9821
RS,43,4315131,Pouso Novo,1752
RS,43,4315149,Presidente Lucena,3077
RS,43,4315156,Progresso,5325
RS,43,4315172,Protásio Alves,2025
RS,43,4315206,Putinga,3710
RS,43,4315305,Quaraí,23475
RS,43,4315313,Quatro Irmãos,1552
RS,43,4315321,Quevedos,2502
RS,43,4315354,Quinze de Novembro,3910
RS,43,4315404,Redentora,9244
RS,43,4315453,Relvado,1895
RS,43,4315503,Restinga Sêca,15129
RS,43,4315552,Rio dos Índios,3374
RS,43,4315602,Rio Grande,191719
RS,43,4315701,Rio Pardo,34447
RS,43,4315750,Riozinho,4453
RS,43,4315800,Roca Sales,10397
RS,43,4315909,Rodeio Bonito,6644
RS,43,4315958,Rolador,2277
RS,43,4316006,Rolante,21288
RS,43,4316105,Ronda Alta,9750
RS,43,4316204,Rondinha,4989
RS,43,4316303,Roque Gonzales,6579
RS,43,4316402,Rosário do Sul,36343
RS,43,4316428,Sagrada Família,2466
RS,43,4316436,Saldanha Marinho,2581
RS,43,4316451,Salto do Jacuí,10200
RS,43,4316477,Salvador das Missões,2878
RS,43,4316501,Salvador do Sul,7411
RS,43,4316600,Sananduva,17130
RS,43,4317103,Sant'Ana do Livramento,83764
RS,43,4316709,Santa Bárbara do Sul,8083
RS,43,4316733,Santa Cecília do Sul,1676
RS,43,4316758,Santa Clara do Sul,6845
RS,43,4316808,Santa Cruz do Sul,133136
RS,43,4316972,Santa Margarida do Sul,2593
RS,43,4316907,Santa Maria,296081
RS,43,4316956,Santa Maria do Herval,6541
RS,43,4317202,Santa Rosa,77519
RS,43,4317251,Santa Tereza,1668
RS,43,4317301,Santa Vitória do Palmar,30953
RS,43,4317004,Santana da Boa Vista,7120
RS,43,4317400,Santiago,48959
RS,43,4317509,Santo Ângelo,76768
RS,43,4317608,Santo Antônio da Patrulha,42904
RS,43,4317707,Santo Antônio das Missões,10292
RS,43,4317558,Santo Antônio do Palma,2091
RS,43,4317756,Santo Antônio do Planalto,2097
RS,43,4317806,Santo Augusto,13641
RS,43,4317905,Santo Cristo,15325
RS,43,4317954,Santo Expedito do Sul,2348
RS,43,4318002,São Borja,58757
RS,43,4318051,São Domingos do Sul,2755
RS,43,4318101,São Francisco de Assis,17634
RS,43,4318200,São Francisco de Paula,23682
RS,43,4318309,São Gabriel,58263
RS,43,4318408,São Jerônimo,20909
RS,43,4318424,São João da Urtiga,4433
RS,43,4318432,São João do Polêsine,2549
RS,43,4318440,São Jorge,2912
RS,43,4318457,São José das Missões,2345
RS,43,4318465,São José do Herval,1883
RS,43,4318481,São José do Hortêncio,4667
RS,43,4318499,São José do Inhacorá,2596
RS,43,4318507,São José do Norte,25491
RS,43,4318606,São José do Ouro,6847
RS,43,4318614,São José do Sul,2676
RS,43,4318622,São José dos Ausentes,3128
RS,43,4318705,São Leopoldo,216964
RS,43,4318804,São Lourenço do Sul,41756
RS,43,4318903,São Luiz Gonzaga,34690
RS,43,4319000,São Marcos,21027
RS,43,4319109,São Martinho,5479
RS,43,4319125,São Martinho da Serra,2919
RS,43,4319158,São Miguel das Missões,6986
RS,43,4319208,São Nicolau,5114
RS,43,4319307,São Paulo das Missões,5837
RS,43,4319356,São Pedro da Serra,3818
RS,43,4319364,São Pedro das Missões,1753
RS,43,4319372,São Pedro do Butiá,3069
RS,43,4319406,São Pedro do Sul,15535
RS,43,4319505,São Sebastião do Caí,26300
RS,43,4319604,São Sepé,21189
RS,43,4319703,São Valentim,3262
RS,43,4319711,São Valentim do Sul,2029
RS,43,4319737,São Valério do Sul,2547
RS,43,4319752,São Vendelino,2259
RS,43,4319802,São Vicente do Sul,8154
RS,43,4319901,Sapiranga,75613
RS,43,4320008,Sapucaia do Sul,130554
RS,43,4320107,Sarandi,22693
RS,43,4320206,Seberi,11932
RS,43,4320230,Sede Nova,2712
RS,43,4320263,Segredo,6046
RS,43,4320305,Selbach,5108
RS,43,4320321,Senador Salgado Filho,2671
RS,43,4320354,Sentinela do Sul,5221
RS,43,4320404,Serafina Corrêa,16839
RS,43,4320453,Sério,1941
RS,43,4320503,Sertão,6512
RS,43,4320552,Sertão Santana,6062
RS,43,4320578,Sete de Setembro,1824
RS,43,4320602,Severiano de Almeida,3827
RS,43,4320651,Silveira Martins,2070
RS,43,4320677,Sinimbu,8578
RS,43,4320701,Sobradinho,14209
RS,43,4320800,Soledade,30060
RS,43,4320859,Tabaí,4552
RS,43,4320909,Tapejara,24539
RS,43,4321006,Tapera,10570
RS,43,4321105,Tapes,14547
RS,43,4321204,Taquara,53164
RS,43,4321303,Taquari,25004
RS,43,4321329,Taquaruçu do Sul,3087
RS,43,4321352,Tavares,5554
RS,43,4321402,Tenente Portela,14494
RS,43,4321436,Terra de Areia,11122
RS,43,4321451,Teutônia,32776
RS,43,4321469,Tio Hugo,3422
RS,43,4321477,Tiradentes do Sul,5132
RS,43,4321493,Toropi,2546
RS,43,4321501,Torres,41709
RS,43,4321600,Tramandaí,51872
RS,43,4321626,Travesseiro,2123
RS,43,4321634,Três Arroios,2589
RS,43,4321667,Três Cachoeiras,11551
RS,43,4321709,Três Coroas,25344
RS,43,4321808,Três de Maio,25006
RS,43,4321832,Três Forquilhas,3139
RS,43,4321857,Três Palmeiras,4707
RS,43,4321907,Três Passos,25467
RS,43,4321956,Trindade do Sul,7065
RS,43,4322004,Triunfo,32859
RS,43,4322103,Tucunduva,5512
RS,43,4322152,Tunas,3685
RS,43,4322186,Tupanci do Sul,1371
RS,43,4322202,Tupanciretã,19997
RS,43,4322251,Tupandi,4981
RS,43,4322301,Tuparendi,8342
RS,43,4322327,Turuçu,3410
RS,43,4322343,Ubiretama,1994
RS,43,4322350,União da Serra,1171
RS,43,4322376,Unistalda,2180
RS,43,4322400,Uruguaiana,115100
RS,43,4322509,Vacaria,64033
RS,43,4322533,Vale do Sol,9907
RS,43,4322541,Vale Real,6152
RS,43,4322525,Vale Verde,3137
RS,43,4322558,Vanini,2004
RS,43,4322608,Venâncio Aires,68420
RS,43,4322707,Vera Cruz,26702
RS,43,4322806,Veranópolis,23878
RS,43,4322855,Vespasiano Corrêa,1821
RS,43,4322905,Viadutos,4767
RS,43,4323002,Viamão,223679
RS,43,4323101,Vicente Dutra,4660
RS,43,4323200,Victor Graeff,2685
RS,43,4323309,Vila Flores,3608
RS,43,4323358,Vila Lângaro,2118
RS,43,4323408,Vila Maria,4425
RS,43,4323457,Vila Nova do Sul,3629
RS,43,4323507,Vista Alegre,2655
RS,43,4323606,Vista Alegre do Prata,1608
RS,43,4323705,Vista Gaúcha,2785
RS,43,4323754,Vitória das Missões,3266
RS,43,4323770,Westfália,3096
RS,43,4323804,Xangri-lá,16178
SC,42,4200051,Abdon Batista,2600
SC,42,4200101,Abelardo Luz,17389
SC,42,4200200,Agrolândia,11010
SC,42,4200309,Agronômica,6055
SC,42,4200408,Água Doce,6286
SC,42,4200507,Águas de Chapecó,5872
SC,42,4200556,Águas Frias,2802
SC,42,4200606,Águas Mornas,6765
SC,42,4200705,Alfredo Wagner,10455
SC,42,4200754,Alto Bela Vista,1859
SC,42,4200804,Anchieta,5942
SC,42,4200903,Angelina,5497
SC,42,4201000,Anita Garibaldi,8286
SC,42,4201109,Anitápolis,3463
SC,42,4201208,Antônio Carlos,11295
SC,42,4201257,Apiúna,11926
SC,42,4201273,Arabutã,4378
SC,42,4201307,Araquari,45462
SC,42,4201406,Araranguá,72138
SC,42,4201505,Armazém,8825
SC,42,4201604,Arroio Trinta,3556
SC,42,4201653,Arvoredo,2539
SC,42,4201703,Ascurra,8408
SC,42,4201802,Atalanta,3218
SC,42,4201901,Aurora,6810
SC,42,4201950,Balneário Arroio do Silva,15693
SC,42,4202057,Balneário Barra do Sul,14885
SC,42,4202008,Balneário Camboriú,140036
SC,42,4202073,Balneário Gaivota,15353
SC,42,4212809,Balneário Piçarras,28177
SC,42,4220000,Balneário Rincão,15880
SC,42,4202081,Bandeirante,3144
SC,42,4202099,Barra Bonita,1608
SC,42,4202107,Barra Velha,45633
SC,42,4202131,Bela Vista do Toldo,5863
SC,42,4202156,Belmonte,2703
SC,42,4202206,Benedito Novo,10484
SC,42,4202305,Biguaçu,78623
SC,42,4202404,Blumenau,363340
SC,42,4202438,Bocaina do Sul,3514
SC,42,4202503,Bom Jardim da Serra,4362
SC,42,4202537,Bom Jesus,2721
SC,42,4202578,Bom Jesus do Oeste,2182
SC,42,4202602,Bom Retiro,8698
SC,42,4202453,Bombinhas,24416
SC,42,4202701,Botuverá,5368
SC,42,4202800,Braço do Norte,34113
SC,42,4202859,Braço do Trombudo,3954
SC,42,4202875,Brunópolis,2488
SC,42,4202909,Brusque,141676
SC,42,4203006,Caçador,74105
SC,42,4203105,Caibi,6199
SC,42,4203154,Calmon,3465
SC,42,4203204,Camboriú,112167
SC,42,4203303,Campo Alegre,12318
SC,42,4203402,Campo Belo do Sul,7345
SC,42,4203501,Campo Erê,9562
SC,42,4203600,Campos Novos,36976
SC,42,4203709,Canelinha,12759
SC,42,4203808,Canoinhas,54848
SC,42,4203253,Capão Alto,2892
SC,42,4203907,Capinzal,23184
SC,42,4203956,Capivari de Baixo,22873
SC,42,4204004,Catanduvas,10565
SC,42,4204103,Caxambu do Sul,4614
SC,42,4204152,Celso Ramos,2802
SC,42,4204178,Cerro Negro,3318
SC,42,4204194,Chapadão do Lageado,2949
SC,42,4204202,Chapecó,251150
SC,42,4204251,Cocal do Sul,17241
SC,42,4204301,Concórdia,81625
SC,42,4204350,Cordilheira Alta,4735
SC,42,4204400,Coronel Freitas,10303
SC,42,4204459,Coronel Martins,2069
SC,42,4204558,Correia Pinto,15720
SC,42,4204509,Corupá,15287
SC,42,4204608,Criciúma,231088
SC,42,4204707,Cunha Porã,10904
SC,42,4204756,Cunhataí,1757
SC,42,4204806,Curitibanos,40289
SC,42,4204905,Descanso,8559
SC,42,4205001,Dionísio Cerqueira,14989
SC,42,4205100,Dona Emma,4006
SC,42,4205159,Doutor Pedrinho,3670
SC,42,4205175,Entre Rios,3322
SC,42,4205191,Ermo,2270
SC,42,4205209,Erval Velho,4824
SC,42,4205308,Faxinal dos Guedes,10965
SC,42,4205357,Flor do Sertão,1784
SC,42,4205407,Florianópolis,574200
SC,42,4205431,Formosa do Sul,2682
SC,42,4205456,Forquilhinha,31692
SC,42,4205506,Fraiburgo,33662
SC,42,4205555,Frei Rogério,2411
SC,42,4205605,Galvão,3219
SC,42,4205704,Garopaba,29801
SC,42,4205803,Garuva,18697
SC,42,4205902,Gaspar,73053
SC,42,4206009,Governador Celso Ramos,17306
SC,42,4206108,Grão-Pará,6149
SC,42,4206207,Gravatal,14022
SC,42,4206306,Guabiruba,24578
SC,42,4206405,Guaraciaba,11154
SC,42,4206504,Guaramirim,46502
SC,42,4206603,Guarujá do Sul,4819
SC,42,4206652,Guatambú,8400
SC,42,4206702,Herval d'Oeste,21339
SC,42,4206751,Ibiam,2003
SC,42,4206801,Ibicaré,3267
SC,42,4206900,Ibirama,21425
SC,42,4207007,Içara,64456
SC,42,4207106,Ilhota,20319
SC,42,4207205,Imaruí,12331
SC,42,4207304,Imbituba,54258
SC,42,4207403,Imbuia,5988
SC,42,4207502,Indaial,71369
SC,42,4207577,Iomerê,2865
SC,42,4207601,Ipira,4580
SC,42,4207650,Iporã do Oeste,9333
SC,42,4207684,Ipuaçu,7726
SC,42,4207700,Ipumirim,7815
SC,42,4207759,Iraceminha,3987
SC,42,4207809,Irani,10014
SC,42,4207858,Irati,2069
SC,42,4207908,Irineópolis,10298
SC,42,4208005,Itá,7063
SC,42,4208104,Itaiópolis,22065
SC,42,4208203,Itajaí,291169
SC,42,4208302,Itapema,76247
SC,42,4208401,Itapiranga,16503
SC,42,4208450,Itapoá,30731
SC,42,4208500,Ituporanga,26694
SC,42,4208609,Jaborá,4314
SC,42,4208708,Jacinto Machado,10624
SC,42,4208807,Jaguaruna,19538
SC,42,4208906,Jaraguá do Sul,193304
SC,42,4208955,Jardinópolis,1785
SC,42,4209003,Joaçaba,29976
SC,42,4209102,Joinville,617979
SC,42,4209151,José Boiteux,5991
SC,42,4209177,Jupiá,2542
SC,42,4209201,Lacerdópolis,2256
SC,42,4209300,Lages,164881
SC,42,4209409,Laguna,41269
SC,42,4209458,Lajeado Grande,1682
SC,42,4209508,Laurentino,7524
SC,42,4209607,Lauro Müller,14192
SC,42,4209706,Lebon Régis,11553
SC,42,4209805,Leoberto Leal,3334
SC,42,4209854,Lindóia do Sul,4549
SC,42,4209904,Lontras,12913
SC,42,4210001,Luiz Alves,12249
SC,42,4210035,Luzerna,5760
SC,42,4210050,Macieira,1778
SC,42,4210100,Mafra,55463
SC,42,4210209,Major Gercino,3887
SC,42,4210308,Major Vieira,7359
SC,42,4210407,Maracajá,7825
SC,42,4210506,Maravilha,28045
SC,42,4210555,Marema,2177
SC,42,4210605,Massaranduba,18922
SC,42,4210704,Matos Costa,2762
SC,42,4210803,Meleiro,6940
SC,42,4210852,Mirim Doce,2502
SC,42,4210902,Modelo,4085
SC,42,4211009,Mondaí,9961
SC,42,4211058,Monte Carlo,9131
SC,42,4211108,Monte Castelo,7754
SC,42,4211207,Morro da Fumaça,18687
SC,42,4211256,Morro Grande,2982
SC,42,4211306,Navegantes,88655
SC,42,4211405,Nova Erechim,5179
SC,42,4211454,Nova Itaberaba,4432
SC,42,4211504,Nova Trento,13645
SC,42,4211603,Nova Veneza,13396
SC,42,4211652,Novo Horizonte,2652
SC,42,4211702,Orleans,23531
SC,42,4211751,Otacílio Costa,17357
SC,42,4211801,Ouro,7025
SC,42,4211850,Ouro Verde,2168
SC,42,4211876,Paial,1931
SC,42,4211892,Painel,2199
SC,42,4211900,Palhoça,236638
SC,42,4212007,Palma Sola,7601
SC,42,4212056,Palmeira,2627
SC,42,4212106,Palmitos,15627
SC,42,4212205,Papanduva,19132
SC,42,4212239,Paraíso,4437
SC,42,4212254,Passo de Torres,12875
SC,42,4212270,Passos Maia,4025
SC,42,4212304,Paulo Lopes,9326
SC,42,4212403,Pedras Grandes,4233
SC,42,4212502,Penha,33400
SC,42,4212601,Peritiba,2993
SC,42,4212650,Pescaria Brava,10224
SC,42,4212700,Petrolândia,6718
SC,42,4212908,Pinhalzinho,21495
SC,42,4213005,Pinheiro Preto,3469
SC,42,4213104,Piratuba,5746
SC,42,4213153,Planalto Alegre,2946
SC,42,4213203,Pomerode,34699
SC,42,4213302,Ponte Alta,4437
SC,42,4213351,Ponte Alta do Norte,3217
SC,42,4213401,Ponte Serrada,10414
SC,42,4213500,Porto Belo,27726
SC,42,4213609,Porto União,32190
SC,42,4213708,Pouso Redondo,17143
SC,42,4213807,Praia Grande,8131
SC,42,4213906,Presidente Castello Branco,1692
SC,42,4214003,Presidente Getúlio,21231
SC,42,4214102,Presidente Nereu,2300
SC,42,4214151,Princesa,2964
SC,42,4214201,Quilombo,11027
SC,42,4214300,Rancho Queimado,3252
SC,42,4214409,Rio das Antas,6221
SC,42,4214508,Rio do Campo,6447
SC,42,4214607,Rio do Oeste,7623
SC,42,4214805,Rio do Sul,70952
SC,42,4214706,Rio dos Cedros,10879
SC,42,4214904,Rio Fortuna,4885
SC,42,4215000,Rio Negrinho,38531
SC,42,4215059,Rio Rufino,2432
SC,42,4215075,Riqueza,4769
SC,42,4215109,Rodeio,12715
SC,42,4215208,Romelândia,4826
SC,42,4215307,Salete,7502
SC,42,4215356,Saltinho,3626
SC,42,4215406,Salto Veloso,4416
SC,42,4215455,Sangão,12995
SC,42,4215505,Santa Cecília,15247
SC,42,4215554,Santa Helena,2427
SC,42,4215604,Santa Rosa de Lima,2002
SC,42,4215653,Santa Rosa do Sul,9308
SC,42,4215679,Santa Terezinha,8061
SC,42,4215687,Santa Terezinha do Progresso,2580
SC,42,4215695,Santiago do Sul,1642
SC,42,4215703,Santo Amaro da Imperatriz,28260
SC,42,4215802,São Bento do Sul,82760
SC,42,4215752,São Bernardino,2651
SC,42,4215901,São Bonifácio,2950
SC,42,4216008,São Carlos,10279
SC,42,4216057,São Cristóvão do Sul,6092
SC,42,4216107,São Domingos,8984
SC,42,4216206,São Francisco do Sul,52428
SC,42,4216305,São João Batista,32360
SC,42,4216354,São João do Itaperiú,4484
SC,42,4216255,São João do Oeste,6287
SC,42,4216404,São João do Sul,8642
SC,42,4216503,São Joaquim,26026
SC,42,4216602,São José,287409
SC,42,4216701,São José do Cedro,15100
SC,42,4216800,São José do Cerrito,8708
SC,42,4216909,São Lourenço do Oeste,24774
SC,42,4217006,São Ludgero,13431
SC,42,4217105,São Martinho,3654
SC,42,4217154,São Miguel da Boa Vista,1768
SC,42,4217204,São Miguel do Oeste,43946
SC,42,4217253,São Pedro de Alcântara,5693
SC,42,4217303,Saudades,10272
SC,42,4217402,Schroeder,20213
SC,42,4217501,Seara,18623
SC,42,4217550,Serra Alta,3314
SC,42,4217600,Siderópolis,13862
SC,42,4217709,Sombrio,29503
SC,42,4217758,Sul Brasil,2878
SC,42,4217808,Taió,18282
SC,42,4217907,Tangará,8153
SC,42,4217956,Tigrinhos,2325
SC,42,4218004,Tijucas,49474
SC,42,4218103,Timbé do Sul,5377
SC,42,4218202,Timbó,46144
SC,42,4218251,Timbó Grande,7368
SC,42,4218301,Três Barras,19782
SC,42,4218350,Treviso,3783
SC,42,4218400,Treze de Maio,7354
SC,42,4218509,Treze Tílias,8803
SC,42,4218608,Trombudo Central,7074
SC,42,4218707,Tubarão,114389
SC,42,4218756,Tunápolis,5018
SC,42,4218806,Turvo,12993
SC,42,4218855,União do Oeste,2782
SC,42,4218905,Urubici,11156
SC,42,4218954,Urupema,2719
SC,42,4219002,Urussanga,20915
SC,42,4219101,Vargeão,3585
SC,42,4219150,Vargem,2621
SC,42,4219176,Vargem Bonita,4572
SC,42,4219200,Vidal Ramos,6160
SC,42,4219309,Videira,55921
SC,42,4219358,Vitor Meireles,5362
SC,42,4219408,Witmarsum,4314
SC,42,4219507,Xanxerê,50998
SC,42,4219606,Xavantina,3654
SC,42,4219705,Xaxim,31625
SC,42,4219853,Zortéa,3925
SE,28,2800100,Amparo do São Francisco,2174
SE,28,2800209,Aquidabã,20126
SE,28,2800308,Aracaju,605309
SE,28,2800407,Arauá,10338
SE,28,2800506,Areia Branca,18101
SE,28,2800605,Barra dos Coqueiros,41644
SE,28,2800670,Boquim,24669
SE,28,2800704,Brejo Grande,7838
SE,28,2801009,Campo do Brito,18151
SE,28,2801108,Canhoba,3792
SE,28,2801207,Canindé de São Francisco,26871
SE,28,2801306,Capela,31674
SE,28,2801405,Carira,19935
SE,28,2801504,Carmópolis,13904
SE,28,2801603,Cedro de São João,5384
SE,28,2801702,Cristinápolis,17002
SE,28,2801900,Cumbe,3829
SE,28,2802007,Divina Pastora,4359
SE,28,2802106,Estância,64771
SE,28,2802205,Feira Nova,5978
SE,28,2802304,Frei Paulo,14561
SE,28,2802403,Gararu,11089
SE,28,2802502,General Maynard,3035
SE,28,2802601,Gracho Cardoso,5835
SE,28,2802700,Ilha das Flores,8289
SE,28,2802809,Indiaroba,16082
SE,28,2802908,Itabaiana,103620
SE,28,2803005,Itabaianinha,40313
SE,28,2803104,Itabi,4746
SE,28,2803203,Itaporanga d'Ajuda,34414
SE,28,2803302,Japaratuba,15848
SE,28,2803401,Japoatã,13416
SE,28,2803500,Lagarto,101642
SE,28,2803609,Laranjeiras,24003
SE,28,2803708,Macambira,6839
SE,28,2803807,Malhada dos Bois,3580
SE,28,2803906,Malhador,11532
SE,28,2804003,Maruim,15783
SE,28,2804102,Moita Bonita,11061
SE,28,2804201,Monte Alegre de Sergipe,14346
SE,28,2804300,Muribeca,7821
SE,28,2804409,Neópolis,16450
SE,28,2804458,Nossa Senhora Aparecida,9243
SE,28,2804508,Nossa Senhora da Glória,41267
SE,28,2804607,Nossa Senhora das Dores,25000
SE,28,2804706,Nossa Senhora de Lourdes,6263
SE,28,2804805,Nossa Senhora do Socorro,192375
SE,28,2804904,Pacatuba,12493
SE,28,2805000,Pedra Mole,2787
SE,28,2805109,Pedrinhas,7393
SE,28,2805208,Pinhão,5674
SE,28,2805307,Pirambu,7908
SE,28,2805406,Poço Redondo,33462
SE,28,2805505,Poço Verde,21776
SE,28,2805604,Porto da Folha,26630
SE,28,2805703,Propriá,26648
SE,28,2805802,Riachão do Dantas,18321
SE,28,2805901,Riachuelo,8744
SE,28,2806008,Ribeirópolis,17032
SE,28,2806107,Rosário do Catete,9315
SE,28,2806206,Salgado,20294
SE,28,2806305,Santa Luzia do Itanhy,13480
SE,28,2806503,Santa Rosa de Lima,3940
SE,28,2806404,Santana do São Francisco,7347
SE,28,2806602,Santo Amaro das Brotas,11128
SE,28,2806701,São Cristóvão,95700
SE,28,2806800,São Domingos,10332
SE,28,2806909,São Francisco,3246
SE,28,2807006,São Miguel do Aleixo,3433
SE,28,2807105,Simão Dias,42712
SE,28,2807204,Siriri,7841
SE,28,2807303,Telha,3279
SE,28,2807402,Tobias Barreto,50583
SE,28,2807501,Tomar do Geru,12029
SE,28,2807600,Umbaúba,24039
SP,35,3500105,Adamantina,34357
SP,35,3500204,Adolfo,4339
SP,35,3500303,Aguaí,31561
SP,35,3500402,Águas da Prata,7075
SP,35,3500501,Águas de Lindóia,18859
SP,35,3500550,Águas de Santa Bárbara,7118
SP,35,3500600,Águas de São Pedro,3097
SP,35,3500709,Agudos,37525
SP,35,3500758,Alambari,6086
SP,35,3500808,Alfredo Marcondes,4458
SP,35,3500907,Altair,3383
SP,35,3501004,Altinópolis,16845
SP,35,3501103,Alto Alegre,3837
SP,35,3501152,Alumínio,17170
SP,35,3501202,Álvares Florence,3881
SP,35,3501301,Álvares Machado,27361
SP,35,3501400,Álvaro de Carvalho,4716
SP,35,3501509,Alvinlândia,2893
SP,35,3501608,Americana,243674
SP,35,3501707,Américo Brasiliense,31996
SP,35,3501806,Américo de Campos,5790
SP,35,3501905,Amparo,69952
SP,35,3502002,Analândia,4577
SP,35,3502101,Andradina,59464
SP,35,3502200,Angatuba,23928
SP,35,3502309,Anhembi,5659
SP,35,3502408,Anhumas,4005
SP,35,3502507,Aparecida,32927
SP,35,3502606,Aparecida d'Oeste,4030
SP,35,3502705,Apiaí,24978
SP,35,3502754,Araçariguama,22673
SP,35,3502804,Araçatuba,213929
SP,35,3502903,Araçoiaba da Serra,32922
SP,35,3503000,Aramina,5419
SP,35,3503109,Arandu,6654
SP,35,3503158,Arapeí,2469
SP,35,3503208,Araraquara,250304
SP,35,3503307,Araras,131300
SP,35,3503356,Arco-Íris,2044
SP,35,3503406,Arealva,8079
SP,35,3503505,Areias,3616
SP,35,3503604,Areiópolis,9805
SP,35,3503703,Ariranha,7595
SP,35,3503802,Artur Nogueira,55352
SP,35,3503901,Arujá,97595
SP,35,3503950,Aspásia,1860
SP,35,3504008,Assis,100447
SP,35,3504107,Atibaia,171672
SP,35,3504206,Auriflama,13432
SP,35,3504305,Avaí,4553
SP,35,3504404,Avanhandava,11257
SP,35,3504503,Avaré,92659
SP,35,3504602,Bady Bassitt,26991
SP,35,3504701,Balbinos,3886
SP,35,3504800,Bálsamo,9598
SP,35,3504909,Bananal,9690
SP,35,3505005,Barão de Antonina,3533
SP,35,3505104,Barbosa,5623
SP,35,3505203,Bariri,31584
SP,35,3505302,Barra Bonita,34430
SP,35,3505351,Barra do Chapéu,5135
SP,35,3505401,Barra do Turvo,7318
SP,35,3505500,Barretos,119427
SP,35,3505609,Barrinha,32465
SP,35,3505708,Barueri,342613
SP,35,3505807,Bastos,21516
SP,35,3505906,Batatais,59342
SP,35,3506003,Bauru,388686
SP,35,3506102,Bebedouro,75709
SP,35,3506201,Bento de Abreu,2606
SP,35,3506300,Bernardino de Campos,11623
SP,35,3506359,Bertioga,64018
SP,35,3506409,Bilac,7310
SP,35,3506508,Birigui,118365
SP,35,3506607,Biritiba Mirim,30195
SP,35,3506706,Boa Esperança do Sul,12722
SP,35,3506805,Bocaina,11265
SP,35,3506904,Bofete,9943
SP,35,3507001,Boituva,64799
SP,35,3507100,Bom Jesus dos Perdões,24365
SP,35,3507159,Bom Sucesso de Itararé,3585
SP,35,3507209,Borá,877
SP,35,3507308,Boracéia,4720
SP,35,3507407,Borborema,13366
SP,35,3507456,Borebi,2722
SP,35,3507506,Botucatu,145272
SP,35,3507605,Bragança Paulista,181556
SP,35,3507704,Braúna,5358
SP,35,3507753,Brejo Alegre,2561
SP,35,3507803,Brodowski,25334
SP,35,3507902,Brotas,23751
SP,35,3508009,Buri,20038
SP,35,3508108,Buritama,17203
SP,35,3508207,Buritizal,4253
SP,35,3508306,Cabrália Paulista,4299
SP,35,3508405,Cabreúva,45941
SP,35,3508504,Caçapava,96530
SP,35,3508603,Cachoeira Paulista,32390
SP,35,3508702,Caconde,16947
SP,35,3508801,Cafelândia,16478
SP,35,3508900,Caiabu,3712
SP,35,3509007,Caieiras,98600
SP,35,3509106,Caiuá,5437
SP,35,3509205,Cajamar,101500
SP,35,3509254,Cajati,28834
SP,35,3509304,Cajobi,9129
SP,35,3509403,Cajuru,23845
SP,35,3509452,Campina do Monte Alegre,5992
SP,35,3509502,Campinas,1170247
SP,35,3509601,Campo Limpo Paulista,81355
SP,35,3509700,Campos do Jordão,45177
SP,35,3509809,Campos Novos Paulista,4837
SP,35,3509908,Cananéia,13615
SP,35,3509957,Canas,4954
SP,35,3510005,Cândido Mota,29530
SP,35,3510104,Cândido Rodrigues,2907
SP,35,3510153,Canitar,6369
SP,35,3510203,Capão Bonito,46215
SP,35,3510302,Capela do Alto,22679
SP,35,3510401,Capivari,50954
SP,35,3510500,Caraguatatuba,132558
SP,35,3510609,Carapicuíba,406221
SP,35,3510708,Cardoso,11288
SP,35,3510807,Casa Branca,28107
SP,35,3510906,Cássia dos Coqueiros,2777
SP,35,3511003,Castilho,19902
SP,35,3511102,Catanduva,114953
SP,35,3511201,Catiguá,7004
SP,35,3511300,Cedral,11922
SP,35,3511409,Cerqueira César,21440
SP,35,3511508,Cerquilho,44024
SP,35,3511607,Cesário Lange,18811
SP,35,3511706,Charqueada,15739
SP,35,3557204,Chavantes,12090
SP,35,3511904,Clementina,7005
SP,35,3512001,Colina,18411
SP,35,3512100,Colômbia,6642
SP,35,3512209,Conchal,28184
SP,35,3512308,Conchas,17184
SP,35,3512407,Cordeirópolis,26585
SP,35,3512506,Coroados,5395
SP,35,3512605,Coronel Macedo,4226
SP,35,3512704,Corumbataí,4667
SP,35,3512803,Cosmópolis,59715
SP,35,3512902,Cosmorama,9315
SP,35,3513009,Cotia,289622
SP,35,3513108,Cravinhos,33252
SP,35,3513207,Cristais Paulista,9375
SP,35,3513306,Cruzália,2086
SP,35,3513405,Cruzeiro,75592
SP,35,3513504,Cubatão,128645
SP,35,3513603,Cunha,22125
SP,35,3513702,Descalvado,31916
SP,35,3513801,Diadema,404738
SP,35,3513850,Dirce Reis,1621
SP,35,3513900,Divinolândia,11137
SP,35,3514007,Dobrada,8765
SP,35,3514106,Dois Córregos,24170
SP,35,3514205,Dolcinópolis,2511
SP,35,3514304,Dourado,8233
SP,35,3514403,Dracena,45248
SP,35,3514502,Duartina,12329
SP,35,3514601,Dumont,9476
SP,35,3514700,Echaporã,6157
SP,35,3514809,Eldorado,13402
SP,35,3514908,Elias Fausto,17832
SP,35,3514924,Elisiário,3141
SP,35,3514957,Embaúba,2331
SP,35,3515004,Embu das Artes,277249
SP,35,3515103,Embu-Guaçu,63129
SP,35,3515129,Emilianópolis,3002
SP,35,3515152,Engenheiro Coelho,20119
SP,35,3515186,Espírito Santo do Pinhal,39700
SP,35,3515194,Espírito Santo do Turvo,4095
SP,35,3557303,Estiva Gerbi,11394
SP,35,3515202,Estrela d'Oeste,9405
SP,35,3515301,Estrela do Norte,2596
SP,35,3515350,Euclides da Cunha Paulista,7831
SP,35,3515400,Fartura,16782
SP,35,3515608,Fernando Prestes,5925
SP,35,3515509,Fernandópolis,71826
SP,35,3515657,Fernão,1660
SP,35,3515707,Ferraz de Vasconcelos,187253
SP,35,3515806,Flora Rica,1487
SP,35,3515905,Floreal,2735
SP,35,3516002,Flórida Paulista,13009
SP,35,3516101,Florínea,3860
SP,35,3516200,Franca,370378
SP,35,3516309,Francisco Morato,182265
SP,35,3516408,Franco da Rocha,159367
SP,35,3516507,Gabriel Monteiro,2760
SP,35,3516606,Gália,6054
SP,35,3516705,Garça,41395
SP,35,3516804,Gastão Vidigal,3234
SP,35,3516853,Gavião Peixoto,4688
SP,35,3516903,General Salgado,10301
SP,35,3517000,Getulina,10011
SP,35,3517109,Glicério,4132
SP,35,3517208,Guaiçara,11214
SP,35,3517307,Guaimbê,5439
SP,35,3517406,Guaíra,39351
SP,35,3517505,Guapiaçu,21664
SP,35,3517604,Guapiara,16579
SP,35,3517703,Guará,18607
SP,35,3517802,Guaraçaí,7344
SP,35,3517901,Guaraci,10347
SP,35,3518008,Guarani d'Oeste,1948
SP,35,3518107,Guarantã,6427
SP,35,3518206,Guararapes,31017
SP,35,3518305,Guararema,32579
SP,35,3518404,Guaratinguetá,116847
SP,35,3518503,Guareí,15027
SP,35,3518602,Guariba,37022
SP,35,3518701,Guarujá,311116
SP,35,3518800,Guarulhos,1383272
SP,35,3518859,Guatapará,7435
SP,35,3518909,Guzolândia,4238
SP,35,3519006,Herculândia,9109
SP,35,3519055,Holambra,16194
SP,35,3519071,Hortolândia,246449
SP,35,3519105,Iacanga,10104
SP,35,3519204,Iacri,6144
SP,35,3519253,Iaras,8009
SP,35,3519303,Ibaté,32068
SP,35,3519402,Ibirá,11155
SP,35,3519501,Ibirarema,6321
SP,35,3519600,Ibitinga,59371
SP,35,3519709,Ibiúna,84820
SP,35,3519808,Icém,7700
SP,35,3519907,Iepê,7596
SP,35,3520004,Igaraçu do Tietê,22743
SP,35,3520103,Igarapava,25926
SP,35,3520202,Igaratá,11703
SP,35,3520301,Iguape,30054
SP,35,3520426,Ilha Comprida,13447
SP,35,3520442,Ilha Solteira,25564
SP,35,3520400,Ilhabela,38239
SP,35,3520509,Indaiatuba,266593
SP,35,3520608,Indiana,5094
SP,35,3520707,Indiaporã,4087
SP,35,3520806,Inúbia Paulista,3611
SP,35,3520905,Ipaussu,14464
SP,35,3521002,Iperó,40132
SP,35,3521101,Ipeúna,7538
SP,35,3521150,Ipiguá,6551
SP,35,3521200,Iporanga,4053
SP,35,3521309,Ipuã,14463
SP,35,3521408,Iracemápolis,21768
SP,35,3521507,Irapuã,6927
SP,35,3521606,Irapuru,7065
SP,35,3521705,Itaberá,17971
SP,35,3521804,Itaí,24856
SP,35,3521903,Itajobi,16824
SP,35,3522000,Itaju,3652
SP,35,3522109,Itanhaém,107927
SP,35,3522158,Itaoca,3407
SP,35,3522208,Itapecerica da Serra,172898
SP,35,3522307,Itapetininga,166959
SP,35,3522406,Itapeva,95528
SP,35,3522505,Itapevi,239084
SP,35,3522604,Itapira,70438
SP,35,3522653,Itapirapuã Paulista,4339
SP,35,3522703,Itápolis,39533
SP,35,3522802,Itaporanga,14058
SP,35,3522901,Itapuí,13655
SP,35,3523008,Itapura,3945
SP,35,3523107,Itaquaquecetuba,392218
SP,35,3523206,Itararé,44490
SP,35,3523305,Itariri,15225
SP,35,3523404,Itatiba,116275
SP,35,3523503,Itatinga,19219
SP,35,3523602,Itirapina,16157
SP,35,3523701,Itirapuã,5793
SP,35,3523800,Itobi,8044
SP,35,3523909,Itu,176548
SP,35,3524006,Itupeva,72711
SP,35,3524105,Ituverava,37375
SP,35,3524204,Jaborandi,6223
SP,35,3524303,Jaboticabal,72001
SP,35,3524402,Jacareí,251591
SP,35,3524501,Jaci,7618
SP,35,3524600,Jacupiranga,16850
SP,35,3524709,Jaguariúna,60816
SP,35,3524808,Jales,48766
SP,35,3524907,Jambeiro,6421
SP,35,3525003,Jandira,127476
SP,35,3525102,Jardinópolis,45328
SP,35,3525201,Jarinu,40302
SP,35,3525300,Jaú,132351
SP,35,3525409,Jeriquara,3785
SP,35,3525508,Joanópolis,12820
SP,35,3525607,João Ramalho,4381
SP,35,3525706,José Bonifácio,36502
SP,35,3525805,Júlio Mesquita,4254
SP,35,3525854,Jumirim,3052
SP,35,3525904,Jundiaí,459789
SP,35,3526001,Junqueirópolis,20395
SP,35,3526100,Juquiá,19390
SP,35,3526209,Juquitiba,26372
SP,35,3526308,Lagoinha,5071
SP,35,3526407,Laranjal Paulista,28981
SP,35,3526506,Lavínia,9596
SP,35,3526605,Lavrinhas,7258
SP,35,3526704,Leme,97516
SP,35,3526803,Lençóis Paulista,65696
SP,35,3526902,Limeira,305169
SP,35,3527009,Lindóia,6994
SP,35,3527108,Lins,74068
SP,35,3527207,Lorena,84988
SP,35,3527256,Lourdes,1926
SP,35,3527306,Louveira,53526
SP,35,3527405,Lucélia,20046
SP,35,3527504,Lucianópolis,2361
SP,35,3527603,Luís Antônio,13680
SP,35,3527702,Luiziânia,4711
SP,35,3527801,Lupércio,3935
SP,35,3527900,Lutécia,2555
SP,35,3528007,Macatuba,16489
SP,35,3528106,Macaubal,7460
SP,35,3528205,Macedônia,3961
SP,35,3528304,Magda,3159
SP,35,3528403,Mairinque,48097
SP,35,3528502,Mairiporã,113573
SP,35,3528601,Manduri,9852
SP,35,3528700,Marabá Paulista,4531
SP,35,3528809,Maracaí,12700
SP,35,3528858,Marapoama,3295
SP,35,3528908,Mariápolis,3450
SP,35,3529005,Marília,238605
SP,35,3529104,Marinópolis,1889
SP,35,3529203,Martinópolis,24896
SP,35,3529302,Matão,77149
SP,35,3529401,Mauá,383280
SP,35,3529500,Mendonça,6170
SP,35,3529609,Meridiano,4545
SP,35,3529658,Mesópolis,1930
SP,35,3529708,Miguelópolis,19119
SP,35,3529807,Mineiros do Tietê,11233
SP,35,3530003,Mira Estrela,3075
SP,35,3529906,Miracatu,20234
SP,35,3530102,Mirandópolis,27936
SP,35,3530201,Mirante do Paranapanema,15482
SP,35,3530300,Mirassol,63555
SP,35,3530409,Mirassolândia,4605
SP,35,3530508,Mococa,65469
SP,35,3530607,Mogi das Cruzes,471602
SP,35,3530706,Mogi Guaçu,154487
SP,35,3530805,Mogi Mirim,90997
SP,35,3530904,Mombuca,3724
SP,35,3531001,Monções,1948
SP,35,3531100,Mongaguá,61062
SP,35,3531209,Monte Alegre do Sul,8057
SP,35,3531308,Monte Alto,47478
SP,35,3531407,Monte Aprazível,21470
SP,35,3531506,Monte Azul Paulista,18152
SP,35,3531605,Monte Castelo,4219
SP,35,3531803,Monte Mor,68781
SP,35,3531704,Monteiro Lobato,4127
SP,35,3531902,Morro Agudo,26806
SP,35,3532009,Morungaba,14590
SP,35,3532058,Motuca,4034
SP,35,3532108,Murutinga do Sul,3675
SP,35,3532157,Nantes,2627
SP,35,3532207,Narandiba,5703
SP,35,3532306,Natividade da Serra,6963
SP,35,3532405,Nazaré Paulista,21214
SP,35,3532504,Neves Paulista,9719
SP,35,3532603,Nhandeara,9670
SP,35,3532702,Nipoã,4756
SP,35,3532801,Nova Aliança,6712
SP,35,3532827,Nova Campina,8445
SP,35,3532843,Nova Canaã Paulista,2031
SP,35,3532868,Nova Castilho,1059
SP,35,3532900,Nova Europa,9638
SP,35,3533007,Nova Granada,19358
SP,35,3533106,Nova Guataporanga,2151
SP,35,3533205,Nova Independência,4619
SP,35,3533304,Nova Luzitânia,2837
SP,35,3533403,Nova Odessa,61935
SP,35,3533254,Novais,4410
SP,35,3533502,Novo Horizonte,38539
SP,35,3533601,Nuporanga,7370
SP,35,3533700,Ocauçu,4329
SP,35,3533809,Óleo,2508
SP,35,3533908,Olímpia,56037
SP,35,3534005,Onda Verde,4770
SP,35,3534104,Oriente,6073
SP,35,3534203,Orindiúva,6022
SP,35,3534302,Orlândia,37916
SP,35,3534401,Osasco,777048
SP,35,3534500,Oscar Bressane,2475
SP,35,3534609,Osvaldo Cruz,31222
SP,35,3534708,Ourinhos,108678
SP,35,3534807,Ouro Verde,7766
SP,35,3534757,Ouroeste,10288
SP,35,3534906,Pacaembu,12682
SP,35,3535002,Palestina,11259
SP,35,3535101,Palmares Paulista,9475
SP,35,3535200,Palmeira d'Oeste,8904
SP,35,3535309,Palmital,19559
SP,35,3535408,Panorama,14942
SP,35,3535507,Paraguaçu Paulista,41062
SP,35,3535606,Paraibuna,18107
SP,35,3535705,Paraíso,6099
SP,35,3535804,Paranapanema,19412
SP,35,3535903,Paranapuã,4044
SP,35,3536000,Parapuã,10577
SP,35,3536109,Pardinho,7107
SP,35,3536208,Pariquera-Açu,19260
SP,35,3536257,Parisi,2895
SP,35,3536307,Patrocínio Paulista,14527
SP,35,3536406,Paulicéia,7944
SP,35,3536505,Paulínia,115870
SP,35,3536570,Paulistânia,2098
SP,35,3536604,Paulo de Faria,7416
SP,35,3536703,Pederneiras,43897
SP,35,3536802,Pedra Bela,6558
SP,35,3536901,Pedranópolis,2774
SP,35,3537008,Pedregulho,15580
SP,35,3537107,Pedreira,43084
SP,35,3537156,Pedrinhas Paulista,2790
SP,35,3537206,Pedro de Toledo,11387
SP,35,3537305,Penápolis,62093
SP,35,3537404,Pereira Barreto,23871
SP,35,3537503,Pereiras,9520
SP,35,3537602,Peruíbe,69321
SP,35,3537701,Piacatu,5511
SP,35,3537800,Piedade,51542
SP,35,3537909,Pilar do Sul,29785
SP,35,3538006,Pindamonhangaba,164932
SP,35,3538105,Pindorama,14590
SP,35,3538204,Pinhalzinho,14971
SP,35,3538303,Piquerobi,3267
SP,35,3538501,Piquete,12597
SP,35,3538600,Piracaia,29876
SP,35,3538709,Piracicaba,434432
SP,35,3538808,Piraju,29027
SP,35,3538907,Pirajuí,22451
SP,35,3539004,Pirangi,10885
SP,35,3539103,Pirapora do Bom Jesus,20578
SP,35,3539202,Pirapozinho,25376
SP,35,3539301,Pirassununga,73436
SP,35,3539400,Piratininga,15120
SP,35,3539509,Pitangueiras,33731
SP,35,3539608,Planalto,4392
SP,35,3539707,Platina,2990
SP,35,3539806,Poá,109450
SP,35,3539905,Poloni,5592
SP,35,3540002,Pompéia,20171
SP,35,3540101,Pongaí,3395
SP,35,3540200,Pontal,37526
SP,35,3540259,Pontalinda,4129
SP,35,3540309,Pontes Gestal,2332
SP,35,3540408,Populina,4154
SP,35,3540507,Porangaba,9634
SP,35,3540606,Porto Feliz,59306
SP,35,3540705,Porto Ferreira,52551
SP,35,3540754,Potim,20342
SP,35,3540804,Potirendaba,20227
SP,35,3540853,Pracinha,2581
SP,35,3540903,Pradópolis,17035
SP,35,3541000,Praia Grande,344834
SP,35,3541059,Pratânia,5127
SP,35,3541109,Presidente Alves,3819
SP,35,3541208,Presidente Bernardes,14371
SP,35,3541307,Presidente Epitácio,38992
SP,35,3541406,Presidente Prudente,226692
SP,35,3541505,Presidente Venceslau,35039
SP,35,3541604,Promissão,35142
SP,35,3541653,Quadra,3341
SP,35,3541703,Quatá,12849
SP,35,3541802,Queiroz,3274
SP,35,3541901,Queluz,9387
SP,35,3542008,Quintana,7043
SP,35,3542107,Rafard,9333
SP,35,3542206,Rancharia,28569
SP,35,3542305,Redenção da Serra,3726
SP,35,3542404,Regente Feijó,20151
SP,35,3542503,Reginópolis,7632
SP,35,3542602,Registro,63034
SP,35,3542701,Restinga,6440
SP,35,3542800,Ribeira,3085
SP,35,3542909,Ribeirão Bonito,11004
SP,35,3543006,Ribeirão Branco,18494
SP,35,3543105,Ribeirão Corrente,4638
SP,35,3543204,Ribeirão do Sul,4667
SP,35,3543238,Ribeirão dos Índios,1999
SP,35,3543253,Ribeirão Grande,7348
SP,35,3543303,Ribeirão Pires,116174
SP,35,3543402,Ribeirão Preto,702739
SP,35,3543600,Rifaina,3958
SP,35,3543709,Rincão,8731
SP,35,3543808,Rinópolis,9251
SP,35,3543907,Rio Claro,206950
SP,35,3544004,Rio das Pedras,31503
SP,35,3544103,Rio Grande da Serra,45183
SP,35,3544202,Riolândia,10358
SP,35,3543501,Riversul,5604
SP,35,3544251,Rosana,17237
SP,35,3544301,Roseira,10787
SP,35,3544400,Rubiácea,2680
SP,35,3544509,Rubinéia,3837
SP,35,3544608,Sabino,5112
SP,35,3544707,Sagres,2467
SP,35,3544806,Sales,6468
SP,35,3544905,Sales Oliveira,11420
SP,35,3545001,Salesópolis,15289
SP,35,3545100,Salmourão,4758
SP,35,3545159,Saltinho,8353
SP,35,3545209,Salto,141988
SP,35,3545308,Salto de Pirapora,44921
SP,35,3545407,Salto Grande,9051
SP,35,3545506,Sandovalina,3657
SP,35,3545605,Santa Adélia,14018
SP,35,3545704,Santa Albertina,6388
SP,35,3545803,Santa Bárbara d'Oeste,183447
SP,35,3546009,Santa Branca,13441
SP,35,3546108,Santa Clara d'Oeste,2596
SP,35,3546207,Santa Cruz da Conceição,4179
SP,35,3546256,Santa Cruz da Esperança,2129
SP,35,3546306,Santa Cruz das Palmeiras,28861
SP,35,3546405,Santa Cruz do Rio Pardo,46105
SP,35,3546504,Santa Ernestina,6123
SP,35,3546603,Santa Fé do Sul,34762
SP,35,3546702,Santa Gertrudes,23721
SP,35,3546801,Santa Isabel,56635
SP,35,3546900,Santa Lúcia,7004
SP,35,3547007,Santa Maria da Serra,5753
SP,35,3547106,Santa Mercedes,2952
SP,35,3547403,Santa Rita d'Oeste,2736
SP,35,3547502,Santa Rita do Passa Quatro,24858
SP,35,3547601,Santa Rosa de Viterbo,23783
SP,35,3547650,Santa Salete,1644
SP,35,3547205,Santana da Ponte Pensa,1669
SP,35,3547304,Santana de Parnaíba,163348
SP,35,3547700,Santo Anastácio,17875
SP,35,3547809,Santo André,776640
SP,35,3547908,Santo Antônio da Alegria,6775
SP,35,3548005,Santo Antônio de Posse,23102
SP,35,3548054,Santo Antônio do Aracanguá,8322
SP,35,3548104,Santo Antônio do Jardim,6114
SP,35,3548203,Santo Antônio do Pinhal,7071
SP,35,3548302,Santo Expedito,3004
SP,35,3548401,Santópolis do Aguapeí,3899
SP,35,3548500,Santos,414029
SP,35,3548609,São Bento do Sapucaí,11427
SP,35,3548708,São Bernardo do Campo,832347
SP,35,3548807,São Caetano do Sul,166847
SP,35,3548906,São Carlos,256898
SP,35,3549003,São Francisco,2602
SP,35,3549102,São João da Boa Vista,92319
SP,35,3549201,São João das Duas Pontes,2569
SP,35,3549250,São João de Iracema,1843
SP,35,3549300,São João do Pau d'Alho,2226
SP,35,3549409,São Joaquim da Barra,48058
SP,35,3549508,São José da Bela Vista,7642
SP,35,3549607,São José do Barreiro,4313
SP,35,3549706,São José do Rio Pardo,51668
SP,35,3549805,São José do Rio Preto,475643
SP,35,3549904,São José dos Campos,725419
SP,35,3549953,São Lourenço da Serra,15992
SP,35,3550001,São Luiz do Paraitinga,10181
SP,35,3550100,São Manuel,39467
SP,35,3550209,São Miguel Arcanjo,32062
SP,35,3550308,São Paulo,12200180
SP,35,3550407,São Pedro,38991
SP,35,3550506,São Pedro do Turvo,7155
SP,35,3550605,São Roque,85848
SP,35,3550704,São Sebastião,87939
SP,35,3550803,São Sebastião da Grama,10023
SP,35,3550902,São Simão,13374
SP,35,3551009,São Vicente,334632
SP,35,3551108,Sarapuí,10334
SP,35,3551207,Sarutaiá,3713
SP,35,3551306,Sebastianópolis do Sul,3184
SP,35,3551405,Serra Azul,10429
SP,35,3551603,Serra Negra,29915
SP,35,3551504,Serrana,44495
SP,35,3551702,Sertãozinho,127670
SP,35,3551801,Sete Barras,13694
SP,35,3551900,Severínia,14020
SP,35,3552007,Silveiras,6169
SP,35,3552106,Socorro,40323
SP,35,3552205,Sorocaba,738128
SP,35,3552304,Sud Mennucci,6997
SP,35,3552403,Sumaré,294128
SP,35,3552551,Suzanápolis,3315
SP,35,3552502,Suzano,330710
SP,35,3552601,Tabapuã,11323
SP,35,3552700,Tabatinga,14585
SP,35,3552809,Taboão da Serra,283419
SP,35,3552908,Taciba,6243
SP,35,3553005,Taguaí,12637
SP,35,3553104,Taiaçu,5677
SP,35,3553203,Taiúva,6549
SP,35,3553302,Tambaú,21475
SP,35,3553401,Tanabi,25370
SP,35,3553500,Tapiraí,7987
SP,35,3553609,Tapiratiba,11730
SP,35,3553658,Taquaral,2620
SP,35,3553708,Taquaritinga,51833
SP,35,3553807,Taquarituba,24366
SP,35,3553856,Taquarivaí,7057
SP,35,3553906,Tarabai,6535
SP,35,3553955,Tarumã,14899
SP,35,3554003,Tatuí,122991
SP,35,3554102,Taubaté,311912
SP,35,3554201,Tejupá,4139
SP,35,3554300,Teodoro Sampaio,22217
SP,35,3554409,Terra Roxa,7903
SP,35,3554508,Tietê,38336
SP,35,3554607,Timburi,2434
SP,35,3554656,Torre de Pedra,2044
SP,35,3554706,Torrinha,9303
SP,35,3554755,Trabiju,1729
SP,35,3554805,Tremembé,51489
SP,35,3554904,Três Fronteiras,6802
SP,35,3554953,Tuiuti,6831
SP,35,3555000,Tupã,63551
SP,35,3555109,Tupi Paulista,15839
SP,35,3555208,Turiúba,1798
SP,35,3555307,Turmalina,1689
SP,35,3555356,Ubarana,5365
SP,35,3555406,Ubatuba,97382
SP,35,3555505,Ubirajara,5124
SP,35,3555604,Uchoa,10067
SP,35,3555703,União Paulista,1535
SP,35,3555802,Urânia,8840
SP,35,3555901,Uru,1387
SP,35,3556008,Urupês,13540
SP,35,3556107,Valentim Gentil,14132
SP,35,3556206,Valinhos,132846
SP,35,3556305,Valparaíso,23775
SP,35,3556354,Vargem,9948
SP,35,3556404,Vargem Grande do Sul,39539
SP,35,3556453,Vargem Grande Paulista,53777
SP,35,3556503,Várzea Paulista,125054
SP,35,3556602,Vera Cruz,10194
SP,35,3556701,Vinhedo,82029
SP,35,3556800,Viradouro,17413
SP,35,3556909,Vista Alegre do Alto,8108
SP,35,3556958,Vitória Brasil,1796
SP,35,3557006,Votorantim,137319
SP,35,3557105,Votuporanga,96795
SP,35,3557154,Zacarias,2680
TO,17,1700251,Abreulândia,2463
TO,17,1700301,Aguiarnópolis,4787
TO,17,1700350,Aliança do Tocantins,4932
TO,17,1700400,Almas,9044
TO,17,1700707,Alvorada,8821
TO,17,1701002,Ananás,10368
TO,17,1701051,Angico,3062
TO,17,1701101,Aparecida do Rio Negro,4965
TO,17,1701309,Aragominas,6914
TO,17,1701903,Araguacema,5913
TO,17,1702000,Araguaçu,8666
TO,17,1702109,Araguaína,186867
TO,17,1702158,Araguanã,4316
TO,17,1702208,Araguatins,31719
TO,17,1702307,Arapoema,5443
TO,17,1702406,Arraias,10253
TO,17,1702554,Augustinópolis,17471
TO,17,1702703,Aurora do Tocantins,3338
TO,17,1702901,Axixá do Tocantins,10267
TO,17,1703008,Babaçulândia,8218
TO,17,1703057,Bandeirantes do Tocantins,3548
TO,17,1703073,Barra do Ouro,4643
TO,17,1703107,Barrolândia,4875
TO,17,1703206,Bernardo Sayão,4217
TO,17,1703305,Bom Jesus do Tocantins,4087
TO,17,1703602,Brasilândia do Tocantins,1947
TO,17,1703701,Brejinho de Nazaré,4753
TO,17,1703800,Buriti do Tocantins,10346
TO,17,1703826,Cachoeirinha,1964
TO,17,1703842,Campos Lindos,8661
TO,17,1703867,Cariri do Tocantins,3555
TO,17,1703883,Carmolândia,2203
TO,17,1703891,Carrasco Bonito,3343
TO,17,1703909,Caseara,4764
TO,17,1704105,Centenário,2133
TO,17,1705102,Chapada da Natividade,3118
TO,17,1704600,Chapada de Areia,1358
TO,17,1705508,Colinas do Tocantins,33967
TO,17,1716703,Colméia,8476
TO,17,1705557,Combinado,4751
TO,17,1705607,Conceição do Tocantins,3891
TO,17,1706001,Couto Magalhães,5254
TO,17,1706100,Cristalândia,6331
TO,17,1706258,Crixás do Tocantins,1411
TO,17,1706506,Darcinópolis,6357
TO,17,1707009,Dianópolis,17658
TO,17,1707108,Divinópolis do Tocantins,7065
TO,17,1707207,Dois Irmãos do Tocantins,6735
TO,17,1707306,Dueré,4284
TO,17,1707405,Esperantina,7510
TO,17,1707553,Fátima,3445
TO,17,1707652,Figueirópolis,5185
TO,17,1707702,Filadélfia,10590
TO,17,1708205,Formoso do Araguaia,20471
TO,17,1708304,Goianorte,4779
TO,17,1709005,Goiatins,12798
TO,17,1709302,Guaraí,26444
TO,17,1709500,Gurupi,83817
TO,17,1709807,Ipueiras,1597
TO,17,1710508,Itacajá,6780
TO,17,1710706,Itaguatins,5187
TO,17,1710904,Itapiratins,3936
TO,17,1711100,Itaporã do Tocantins,2407
TO,17,1711506,Jaú do Tocantins,3475
TO,17,1711803,Juarina,2240
TO,17,1711902,Lagoa da Confusão,16117
TO,17,1711951,Lagoa do Tocantins,3501
TO,17,1712009,Lajeado,3652
TO,17,1712157,Lavandeira,1625
TO,17,1712405,Lizarda,2994
TO,17,1712454,Luzinópolis,2989
TO,17,1712504,Marianópolis do Tocantins,4460
TO,17,1712702,Mateiros,2076
TO,17,1712801,Maurilândia do Tocantins,3234
TO,17,1713205,Miracema do Tocantins,19561
TO,17,1713304,Miranorte,13027
TO,17,1713601,Monte do Carmo,5874
TO,17,1713700,Monte Santo do Tocantins,2290
TO,17,1713957,Muricilândia,3722
TO,17,1714203,Natividade,8643
TO,17,1714302,Nazaré,4664
TO,17,1714880,Nova Olinda,10353
TO,17,1715002,Nova Rosalândia,3334
TO,17,1715101,Novo Acordo,3828
TO,17,1715150,Novo Alegre,1845
TO,17,1715259,Novo Jardim,2235
TO,17,1715507,Oliveira de Fátima,1172
TO,17,1721000,Palmas,334454
TO,17,1715705,Palmeirante,4947
TO,17,1713809,Palmeiras do Tocantins,5359
TO,17,1715754,Palmeirópolis,7262
TO,17,1716109,Paraíso do Tocantins,51494
TO,17,1716208,Paranã,10492
TO,17,1716307,Pau D'Arco,4017
TO,17,1716505,Pedro Afonso,14675
TO,17,1716604,Peixe,9431
TO,17,1716653,Pequizeiro,4893
TO,17,1717008,Pindorama do Tocantins,4128
TO,17,1717206,Piraquê,2278
TO,17,1717503,Pium,7132
TO,17,1717800,Ponte Alta do Bom Jesus,4222
TO,17,1717909,Ponte Alta do Tocantins,7284
TO,17,1718006,Porto Alegre do Tocantins,2869
TO,17,1718204,Porto Nacional,71101
TO,17,1718303,Praia Norte,8808
TO,17,1718402,Presidente Kennedy,2963
TO,17,1718451,Pugmil,2185
TO,17,1718501,Recursolândia,3380
TO,17,1718550,Riachinho,3962
TO,17,1718659,Rio da Conceição,1747
TO,17,1718709,Rio dos Bois,2737
TO,17,1718758,Rio Sono,5600
TO,17,1718808,Sampaio,4203
TO,17,1718840,Sandolândia,4631
TO,17,1718865,Santa Fé do Araguaia,7919
TO,17,1718881,Santa Maria do Tocantins,2557
TO,17,1718899,Santa Rita do Tocantins,2177
TO,17,1718907,Santa Rosa do Tocantins,4701
TO,17,1719004,Santa Tereza do Tocantins,2715
TO,17,1720002,Santa Terezinha do Tocantins,2560
TO,17,1720101,São Bento do Tocantins,5387
TO,17,1720150,São Félix do Tocantins,1780
TO,17,1720200,São Miguel do Tocantins,14103
TO,17,1720259,São Salvador do Tocantins,2481
TO,17,1720309,São Sebastião do Tocantins,4100
TO,17,1720499,São Valério,4399
TO,17,1720655,Silvanópolis,5126
TO,17,1720804,Sítio Novo do Tocantins,10830
TO,17,1720853,Sucupira,1576
TO,17,1708254,Tabocão,3458
TO,17,1720903,Taguatinga,13986
TO,17,1720937,Taipas do Tocantins,2023
TO,17,1720978,Talismã,2661
TO,17,1721109,Tocantínia,8518
TO,17,1721208,Tocantinópolis,23847
TO,17,1721257,Tupirama,1803
TO,17,1721307,Tupiratins,1861
TO,17,1722081,Wanderlândia,11586
TO,17,1722107,Xambioá,10519
